method,taxon_key,vote_count,conflict_vote_count,direction_counts_json,direction_evaluations_json,selected_direction,signal_classification,minimum_support,maximum_opposition,policy_hash,method_display_name,voting_unit,taxon_key_policy,comparison_policy,scope_policy
vu_family__taxon_resolved_target__comparison_family_state,Alistipes,1,0,"{""decreased_in_AH"":1,""increased_in_AH"":0}","{""decreased_in_AH"":{""conflicts"":0,""opposition"":0,""passes"":false,""support"":1},""increased_in_AH"":{""conflicts"":0,""opposition"":1,""passes"":false,""support"":0}}",,not_retained,2,0,1ce0689651dc53c4cadacb00e43287b120ab03f27904d10dc7e2470a5f9d4dba,family; resolved target taxon; family-state collapse,family,resolved_target,family_state,primary_comparisons_and_primary_evidence_tiers
vu_family__taxon_resolved_target__comparison_family_state,Bacteroides,1,0,"{""decreased_in_AH"":0,""increased_in_AH"":1}","{""decreased_in_AH"":{""conflicts"":0,""opposition"":1,""passes"":false,""support"":0},""increased_in_AH"":{""conflicts"":0,""opposition"":0,""passes"":false,""support"":1}}",,not_retained,2,0,1ce0689651dc53c4cadacb00e43287b120ab03f27904d10dc7e2470a5f9d4dba,family; resolved target taxon; family-state collapse,family,resolved_target,family_state,primary_comparisons_and_primary_evidence_tiers
vu_family__taxon_resolved_target__comparison_family_state,Desulfovibrio,1,0,"{""decreased_in_AH"":1,""increased_in_AH"":0}","{""decreased_in_AH"":{""conflicts"":0,""opposition"":0,""passes"":false,""support"":1},""increased_in_AH"":{""conflicts"":0,""opposition"":1,""passes"":false,""support"":0}}",,not_retained,2,0,1ce0689651dc53c4cadacb00e43287b120ab03f27904d10dc7e2470a5f9d4dba,family; resolved target taxon; family-state collapse,family,resolved_target,family_state,primary_comparisons_and_primary_evidence_tiers
vu_family__taxon_resolved_target__comparison_family_state,Dialister,2,0,"{""decreased_in_AH"":2,""increased_in_AH"":0}","{""decreased_in_AH"":{""conflicts"":0,""opposition"":0,""passes"":true,""support"":2},""increased_in_AH"":{""conflicts"":0,""opposition"":2,""passes"":false,""support"":0}}",decreased_in_AH,retained,2,0,1ce0689651dc53c4cadacb00e43287b120ab03f27904d10dc7e2470a5f9d4dba,family; resolved target taxon; family-state collapse,family,resolved_target,family_state,primary_comparisons_and_primary_evidence_tiers
vu_family__taxon_resolved_target__comparison_family_state,Enterocloster,1,0,"{""decreased_in_AH"":0,""increased_in_AH"":1}","{""decreased_in_AH"":{""conflicts"":0,""opposition"":1,""passes"":false,""support"":0},""increased_in_AH"":{""conflicts"":0,""opposition"":0,""passes"":false,""support"":1}}",,not_retained,2,0,1ce0689651dc53c4cadacb00e43287b120ab03f27904d10dc7e2470a5f9d4dba,family; resolved target taxon; family-state collapse,family,resolved_target,family_state,primary_comparisons_and_primary_evidence_tiers
vu_family__taxon_resolved_target__comparison_family_state,Enterococcus,1,0,"{""decreased_in_AH"":0,""increased_in_AH"":1}","{""decreased_in_AH"":{""conflicts"":0,""opposition"":1,""passes"":false,""support"":0},""increased_in_AH"":{""conflicts"":0,""opposition"":0,""passes"":false,""support"":1}}",,not_retained,2,0,1ce0689651dc53c4cadacb00e43287b120ab03f27904d10dc7e2470a5f9d4dba,family; resolved target taxon; family-state collapse,family,resolved_target,family_state,primary_comparisons_and_primary_evidence_tiers
vu_family__taxon_resolved_target__comparison_family_state,Gemmiger,1,0,"{""decreased_in_AH"":1,""increased_in_AH"":0}","{""decreased_in_AH"":{""conflicts"":0,""opposition"":0,""passes"":false,""support"":1},""increased_in_AH"":{""conflicts"":0,""opposition"":1,""passes"":false,""support"":0}}",,not_retained,2,0,1ce0689651dc53c4cadacb00e43287b120ab03f27904d10dc7e2470a5f9d4dba,family; resolved target taxon; family-state collapse,family,resolved_target,family_state,primary_comparisons_and_primary_evidence_tiers
vu_family__taxon_resolved_target__comparison_family_state,Klebsiella,1,0,"{""decreased_in_AH"":0,""increased_in_AH"":1}","{""decreased_in_AH"":{""conflicts"":0,""opposition"":1,""passes"":false,""support"":0},""increased_in_AH"":{""conflicts"":0,""opposition"":0,""passes"":false,""support"":1}}",,not_retained,2,0,1ce0689651dc53c4cadacb00e43287b120ab03f27904d10dc7e2470a5f9d4dba,family; resolved target taxon; family-state collapse,family,resolved_target,family_state,primary_comparisons_and_primary_evidence_tiers
vu_family__taxon_resolved_target__comparison_family_state,Leyella,1,0,"{""decreased_in_AH"":1,""increased_in_AH"":0}","{""decreased_in_AH"":{""conflicts"":0,""opposition"":0,""passes"":false,""support"":1},""increased_in_AH"":{""conflicts"":0,""opposition"":1,""passes"":false,""support"":0}}",,not_retained,2,0,1ce0689651dc53c4cadacb00e43287b120ab03f27904d10dc7e2470a5f9d4dba,family; resolved target taxon; family-state collapse,family,resolved_target,family_state,primary_comparisons_and_primary_evidence_tiers
vu_family__taxon_resolved_target__comparison_family_state,Oscillibacter,1,0,"{""decreased_in_AH"":1,""increased_in_AH"":0}","{""decreased_in_AH"":{""conflicts"":0,""opposition"":0,""passes"":false,""support"":1},""increased_in_AH"":{""conflicts"":0,""opposition"":1,""passes"":false,""support"":0}}",,not_retained,2,0,1ce0689651dc53c4cadacb00e43287b120ab03f27904d10dc7e2470a5f9d4dba,family; resolved target taxon; family-state collapse,family,resolved_target,family_state,primary_comparisons_and_primary_evidence_tiers
vu_family__taxon_resolved_target__comparison_family_state,Parabacteroides,1,0,"{""decreased_in_AH"":0,""increased_in_AH"":1}","{""decreased_in_AH"":{""conflicts"":0,""opposition"":1,""passes"":false,""support"":0},""increased_in_AH"":{""conflicts"":0,""opposition"":0,""passes"":false,""support"":1}}",,not_retained,2,0,1ce0689651dc53c4cadacb00e43287b120ab03f27904d10dc7e2470a5f9d4dba,family; resolved target taxon; family-state collapse,family,resolved_target,family_state,primary_comparisons_and_primary_evidence_tiers
vu_family__taxon_resolved_target__comparison_family_state,Phocaeicola,1,0,"{""decreased_in_AH"":1,""increased_in_AH"":0}","{""decreased_in_AH"":{""conflicts"":0,""opposition"":0,""passes"":false,""support"":1},""increased_in_AH"":{""conflicts"":0,""opposition"":1,""passes"":false,""support"":0}}",,not_retained,2,0,1ce0689651dc53c4cadacb00e43287b120ab03f27904d10dc7e2470a5f9d4dba,family; resolved target taxon; family-state collapse,family,resolved_target,family_state,primary_comparisons_and_primary_evidence_tiers
vu_family__taxon_resolved_target__comparison_family_state,Segatella,1,0,"{""decreased_in_AH"":1,""increased_in_AH"":0}","{""decreased_in_AH"":{""conflicts"":0,""opposition"":0,""passes"":false,""support"":1},""increased_in_AH"":{""conflicts"":0,""opposition"":1,""passes"":false,""support"":0}}",,not_retained,2,0,1ce0689651dc53c4cadacb00e43287b120ab03f27904d10dc7e2470a5f9d4dba,family; resolved target taxon; family-state collapse,family,resolved_target,family_state,primary_comparisons_and_primary_evidence_tiers
vu_family__taxon_resolved_target__comparison_family_state,Streptococcus,1,0,"{""decreased_in_AH"":0,""increased_in_AH"":1}","{""decreased_in_AH"":{""conflicts"":0,""opposition"":1,""passes"":false,""support"":0},""increased_in_AH"":{""conflicts"":0,""opposition"":0,""passes"":false,""support"":1}}",,not_retained,2,0,1ce0689651dc53c4cadacb00e43287b120ab03f27904d10dc7e2470a5f9d4dba,family; resolved target taxon; family-state collapse,family,resolved_target,family_state,primary_comparisons_and_primary_evidence_tiers
vu_family__taxon_resolved_target__comparison_family_state,Succinivibrio,1,0,"{""decreased_in_AH"":1,""increased_in_AH"":0}","{""decreased_in_AH"":{""conflicts"":0,""opposition"":0,""passes"":false,""support"":1},""increased_in_AH"":{""conflicts"":0,""opposition"":1,""passes"":false,""support"":0}}",,not_retained,2,0,1ce0689651dc53c4cadacb00e43287b120ab03f27904d10dc7e2470a5f9d4dba,family; resolved target taxon; family-state collapse,family,resolved_target,family_state,primary_comparisons_and_primary_evidence_tiers
vu_family__taxon_resolved_target__comparison_family_state,Sutterella,1,0,"{""decreased_in_AH"":1,""increased_in_AH"":0}","{""decreased_in_AH"":{""conflicts"":0,""opposition"":0,""passes"":false,""support"":1},""increased_in_AH"":{""conflicts"":0,""opposition"":1,""passes"":false,""support"":0}}",,not_retained,2,0,1ce0689651dc53c4cadacb00e43287b120ab03f27904d10dc7e2470a5f9d4dba,family; resolved target taxon; family-state collapse,family,resolved_target,family_state,primary_comparisons_and_primary_evidence_tiers
vu_family__taxon_resolved_target__comparison_family_state,Veillonella,2,0,"{""decreased_in_AH"":0,""increased_in_AH"":2}","{""decreased_in_AH"":{""conflicts"":0,""opposition"":2,""passes"":false,""support"":0},""increased_in_AH"":{""conflicts"":0,""opposition"":0,""passes"":true,""support"":2}}",increased_in_AH,retained,2,0,1ce0689651dc53c4cadacb00e43287b120ab03f27904d10dc7e2470a5f9d4dba,family; resolved target taxon; family-state collapse,family,resolved_target,family_state,primary_comparisons_and_primary_evidence_tiers
vu_family__taxon_resolved_target__comparison_family_state,Victivallis,1,0,"{""decreased_in_AH"":1,""increased_in_AH"":0}","{""decreased_in_AH"":{""conflicts"":0,""opposition"":0,""passes"":false,""support"":1},""increased_in_AH"":{""conflicts"":0,""opposition"":1,""passes"":false,""support"":0}}",,not_retained,2,0,1ce0689651dc53c4cadacb00e43287b120ab03f27904d10dc7e2470a5f9d4dba,family; resolved target taxon; family-state collapse,family,resolved_target,family_state,primary_comparisons_and_primary_evidence_tiers
vu_family__taxon_resolved_target__comparison_ignore,Alistipes,1,0,"{""decreased_in_AH"":1,""increased_in_AH"":0}","{""decreased_in_AH"":{""conflicts"":0,""opposition"":0,""passes"":false,""support"":1},""increased_in_AH"":{""conflicts"":0,""opposition"":1,""passes"":false,""support"":0}}",,not_retained,2,0,1ce0689651dc53c4cadacb00e43287b120ab03f27904d10dc7e2470a5f9d4dba,family; resolved target taxon; comparisons ignored,family,resolved_target,ignore,primary_comparisons_and_primary_evidence_tiers
vu_family__taxon_resolved_target__comparison_ignore,Bacteroides,1,0,"{""decreased_in_AH"":0,""increased_in_AH"":1}","{""decreased_in_AH"":{""conflicts"":0,""opposition"":1,""passes"":false,""support"":0},""increased_in_AH"":{""conflicts"":0,""opposition"":0,""passes"":false,""support"":1}}",,not_retained,2,0,1ce0689651dc53c4cadacb00e43287b120ab03f27904d10dc7e2470a5f9d4dba,family; resolved target taxon; comparisons ignored,family,resolved_target,ignore,primary_comparisons_and_primary_evidence_tiers
vu_family__taxon_resolved_target__comparison_ignore,Desulfovibrio,1,0,"{""decreased_in_AH"":1,""increased_in_AH"":0}","{""decreased_in_AH"":{""conflicts"":0,""opposition"":0,""passes"":false,""support"":1},""increased_in_AH"":{""conflicts"":0,""opposition"":1,""passes"":false,""support"":0}}",,not_retained,2,0,1ce0689651dc53c4cadacb00e43287b120ab03f27904d10dc7e2470a5f9d4dba,family; resolved target taxon; comparisons ignored,family,resolved_target,ignore,primary_comparisons_and_primary_evidence_tiers
vu_family__taxon_resolved_target__comparison_ignore,Dialister,2,0,"{""decreased_in_AH"":2,""increased_in_AH"":0}","{""decreased_in_AH"":{""conflicts"":0,""opposition"":0,""passes"":true,""support"":2},""increased_in_AH"":{""conflicts"":0,""opposition"":2,""passes"":false,""support"":0}}",decreased_in_AH,retained,2,0,1ce0689651dc53c4cadacb00e43287b120ab03f27904d10dc7e2470a5f9d4dba,family; resolved target taxon; comparisons ignored,family,resolved_target,ignore,primary_comparisons_and_primary_evidence_tiers
vu_family__taxon_resolved_target__comparison_ignore,Enterocloster,1,0,"{""decreased_in_AH"":0,""increased_in_AH"":1}","{""decreased_in_AH"":{""conflicts"":0,""opposition"":1,""passes"":false,""support"":0},""increased_in_AH"":{""conflicts"":0,""opposition"":0,""passes"":false,""support"":1}}",,not_retained,2,0,1ce0689651dc53c4cadacb00e43287b120ab03f27904d10dc7e2470a5f9d4dba,family; resolved target taxon; comparisons ignored,family,resolved_target,ignore,primary_comparisons_and_primary_evidence_tiers
vu_family__taxon_resolved_target__comparison_ignore,Enterococcus,1,0,"{""decreased_in_AH"":0,""increased_in_AH"":1}","{""decreased_in_AH"":{""conflicts"":0,""opposition"":1,""passes"":false,""support"":0},""increased_in_AH"":{""conflicts"":0,""opposition"":0,""passes"":false,""support"":1}}",,not_retained,2,0,1ce0689651dc53c4cadacb00e43287b120ab03f27904d10dc7e2470a5f9d4dba,family; resolved target taxon; comparisons ignored,family,resolved_target,ignore,primary_comparisons_and_primary_evidence_tiers
vu_family__taxon_resolved_target__comparison_ignore,Gemmiger,1,0,"{""decreased_in_AH"":1,""increased_in_AH"":0}","{""decreased_in_AH"":{""conflicts"":0,""opposition"":0,""passes"":false,""support"":1},""increased_in_AH"":{""conflicts"":0,""opposition"":1,""passes"":false,""support"":0}}",,not_retained,2,0,1ce0689651dc53c4cadacb00e43287b120ab03f27904d10dc7e2470a5f9d4dba,family; resolved target taxon; comparisons ignored,family,resolved_target,ignore,primary_comparisons_and_primary_evidence_tiers
vu_family__taxon_resolved_target__comparison_ignore,Klebsiella,1,0,"{""decreased_in_AH"":0,""increased_in_AH"":1}","{""decreased_in_AH"":{""conflicts"":0,""opposition"":1,""passes"":false,""support"":0},""increased_in_AH"":{""conflicts"":0,""opposition"":0,""passes"":false,""support"":1}}",,not_retained,2,0,1ce0689651dc53c4cadacb00e43287b120ab03f27904d10dc7e2470a5f9d4dba,family; resolved target taxon; comparisons ignored,family,resolved_target,ignore,primary_comparisons_and_primary_evidence_tiers
vu_family__taxon_resolved_target__comparison_ignore,Leyella,1,0,"{""decreased_in_AH"":1,""increased_in_AH"":0}","{""decreased_in_AH"":{""conflicts"":0,""opposition"":0,""passes"":false,""support"":1},""increased_in_AH"":{""conflicts"":0,""opposition"":1,""passes"":false,""support"":0}}",,not_retained,2,0,1ce0689651dc53c4cadacb00e43287b120ab03f27904d10dc7e2470a5f9d4dba,family; resolved target taxon; comparisons ignored,family,resolved_target,ignore,primary_comparisons_and_primary_evidence_tiers
vu_family__taxon_resolved_target__comparison_ignore,Oscillibacter,1,0,"{""decreased_in_AH"":1,""increased_in_AH"":0}","{""decreased_in_AH"":{""conflicts"":0,""opposition"":0,""passes"":false,""support"":1},""increased_in_AH"":{""conflicts"":0,""opposition"":1,""passes"":false,""support"":0}}",,not_retained,2,0,1ce0689651dc53c4cadacb00e43287b120ab03f27904d10dc7e2470a5f9d4dba,family; resolved target taxon; comparisons ignored,family,resolved_target,ignore,primary_comparisons_and_primary_evidence_tiers
vu_family__taxon_resolved_target__comparison_ignore,Parabacteroides,1,0,"{""decreased_in_AH"":0,""increased_in_AH"":1}","{""decreased_in_AH"":{""conflicts"":0,""opposition"":1,""passes"":false,""support"":0},""increased_in_AH"":{""conflicts"":0,""opposition"":0,""passes"":false,""support"":1}}",,not_retained,2,0,1ce0689651dc53c4cadacb00e43287b120ab03f27904d10dc7e2470a5f9d4dba,family; resolved target taxon; comparisons ignored,family,resolved_target,ignore,primary_comparisons_and_primary_evidence_tiers
vu_family__taxon_resolved_target__comparison_ignore,Phocaeicola,1,0,"{""decreased_in_AH"":1,""increased_in_AH"":0}","{""decreased_in_AH"":{""conflicts"":0,""opposition"":0,""passes"":false,""support"":1},""increased_in_AH"":{""conflicts"":0,""opposition"":1,""passes"":false,""support"":0}}",,not_retained,2,0,1ce0689651dc53c4cadacb00e43287b120ab03f27904d10dc7e2470a5f9d4dba,family; resolved target taxon; comparisons ignored,family,resolved_target,ignore,primary_comparisons_and_primary_evidence_tiers
vu_family__taxon_resolved_target__comparison_ignore,Segatella,1,0,"{""decreased_in_AH"":1,""increased_in_AH"":0}","{""decreased_in_AH"":{""conflicts"":0,""opposition"":0,""passes"":false,""support"":1},""increased_in_AH"":{""conflicts"":0,""opposition"":1,""passes"":false,""support"":0}}",,not_retained,2,0,1ce0689651dc53c4cadacb00e43287b120ab03f27904d10dc7e2470a5f9d4dba,family; resolved target taxon; comparisons ignored,family,resolved_target,ignore,primary_comparisons_and_primary_evidence_tiers
vu_family__taxon_resolved_target__comparison_ignore,Streptococcus,1,0,"{""decreased_in_AH"":0,""increased_in_AH"":1}","{""decreased_in_AH"":{""conflicts"":0,""opposition"":1,""passes"":false,""support"":0},""increased_in_AH"":{""conflicts"":0,""opposition"":0,""passes"":false,""support"":1}}",,not_retained,2,0,1ce0689651dc53c4cadacb00e43287b120ab03f27904d10dc7e2470a5f9d4dba,family; resolved target taxon; comparisons ignored,family,resolved_target,ignore,primary_comparisons_and_primary_evidence_tiers
vu_family__taxon_resolved_target__comparison_ignore,Succinivibrio,1,0,"{""decreased_in_AH"":1,""increased_in_AH"":0}","{""decreased_in_AH"":{""conflicts"":0,""opposition"":0,""passes"":false,""support"":1},""increased_in_AH"":{""conflicts"":0,""opposition"":1,""passes"":false,""support"":0}}",,not_retained,2,0,1ce0689651dc53c4cadacb00e43287b120ab03f27904d10dc7e2470a5f9d4dba,family; resolved target taxon; comparisons ignored,family,resolved_target,ignore,primary_comparisons_and_primary_evidence_tiers
vu_family__taxon_resolved_target__comparison_ignore,Sutterella,1,0,"{""decreased_in_AH"":1,""increased_in_AH"":0}","{""decreased_in_AH"":{""conflicts"":0,""opposition"":0,""passes"":false,""support"":1},""increased_in_AH"":{""conflicts"":0,""opposition"":1,""passes"":false,""support"":0}}",,not_retained,2,0,1ce0689651dc53c4cadacb00e43287b120ab03f27904d10dc7e2470a5f9d4dba,family; resolved target taxon; comparisons ignored,family,resolved_target,ignore,primary_comparisons_and_primary_evidence_tiers
vu_family__taxon_resolved_target__comparison_ignore,Veillonella,2,0,"{""decreased_in_AH"":0,""increased_in_AH"":2}","{""decreased_in_AH"":{""conflicts"":0,""opposition"":2,""passes"":false,""support"":0},""increased_in_AH"":{""conflicts"":0,""opposition"":0,""passes"":true,""support"":2}}",increased_in_AH,retained,2,0,1ce0689651dc53c4cadacb00e43287b120ab03f27904d10dc7e2470a5f9d4dba,family; resolved target taxon; comparisons ignored,family,resolved_target,ignore,primary_comparisons_and_primary_evidence_tiers
vu_family__taxon_resolved_target__comparison_ignore,Victivallis,1,0,"{""decreased_in_AH"":1,""increased_in_AH"":0}","{""decreased_in_AH"":{""conflicts"":0,""opposition"":0,""passes"":false,""support"":1},""increased_in_AH"":{""conflicts"":0,""opposition"":1,""passes"":false,""support"":0}}",,not_retained,2,0,1ce0689651dc53c4cadacb00e43287b120ab03f27904d10dc7e2470a5f9d4dba,family; resolved target taxon; comparisons ignored,family,resolved_target,ignore,primary_comparisons_and_primary_evidence_tiers
vu_family__taxon_resolved_target__comparison_separate_votes,Alistipes,1,0,"{""decreased_in_AH"":1,""increased_in_AH"":0}","{""decreased_in_AH"":{""conflicts"":0,""opposition"":0,""passes"":false,""support"":1},""increased_in_AH"":{""conflicts"":0,""opposition"":1,""passes"":false,""support"":0}}",,not_retained,2,0,1ce0689651dc53c4cadacb00e43287b120ab03f27904d10dc7e2470a5f9d4dba,family; resolved target taxon; comparison-specific votes,family,resolved_target,separate_votes,primary_comparisons_and_primary_evidence_tiers
vu_family__taxon_resolved_target__comparison_separate_votes,Bacteroides,1,0,"{""decreased_in_AH"":0,""increased_in_AH"":1}","{""decreased_in_AH"":{""conflicts"":0,""opposition"":1,""passes"":false,""support"":0},""increased_in_AH"":{""conflicts"":0,""opposition"":0,""passes"":false,""support"":1}}",,not_retained,2,0,1ce0689651dc53c4cadacb00e43287b120ab03f27904d10dc7e2470a5f9d4dba,family; resolved target taxon; comparison-specific votes,family,resolved_target,separate_votes,primary_comparisons_and_primary_evidence_tiers
vu_family__taxon_resolved_target__comparison_separate_votes,Desulfovibrio,1,0,"{""decreased_in_AH"":1,""increased_in_AH"":0}","{""decreased_in_AH"":{""conflicts"":0,""opposition"":0,""passes"":false,""support"":1},""increased_in_AH"":{""conflicts"":0,""opposition"":1,""passes"":false,""support"":0}}",,not_retained,2,0,1ce0689651dc53c4cadacb00e43287b120ab03f27904d10dc7e2470a5f9d4dba,family; resolved target taxon; comparison-specific votes,family,resolved_target,separate_votes,primary_comparisons_and_primary_evidence_tiers
vu_family__taxon_resolved_target__comparison_separate_votes,Dialister,2,0,"{""decreased_in_AH"":2,""increased_in_AH"":0}","{""decreased_in_AH"":{""conflicts"":0,""opposition"":0,""passes"":true,""support"":2},""increased_in_AH"":{""conflicts"":0,""opposition"":2,""passes"":false,""support"":0}}",decreased_in_AH,retained,2,0,1ce0689651dc53c4cadacb00e43287b120ab03f27904d10dc7e2470a5f9d4dba,family; resolved target taxon; comparison-specific votes,family,resolved_target,separate_votes,primary_comparisons_and_primary_evidence_tiers
vu_family__taxon_resolved_target__comparison_separate_votes,Enterocloster,1,0,"{""decreased_in_AH"":0,""increased_in_AH"":1}","{""decreased_in_AH"":{""conflicts"":0,""opposition"":1,""passes"":false,""support"":0},""increased_in_AH"":{""conflicts"":0,""opposition"":0,""passes"":false,""support"":1}}",,not_retained,2,0,1ce0689651dc53c4cadacb00e43287b120ab03f27904d10dc7e2470a5f9d4dba,family; resolved target taxon; comparison-specific votes,family,resolved_target,separate_votes,primary_comparisons_and_primary_evidence_tiers
vu_family__taxon_resolved_target__comparison_separate_votes,Enterococcus,1,0,"{""decreased_in_AH"":0,""increased_in_AH"":1}","{""decreased_in_AH"":{""conflicts"":0,""opposition"":1,""passes"":false,""support"":0},""increased_in_AH"":{""conflicts"":0,""opposition"":0,""passes"":false,""support"":1}}",,not_retained,2,0,1ce0689651dc53c4cadacb00e43287b120ab03f27904d10dc7e2470a5f9d4dba,family; resolved target taxon; comparison-specific votes,family,resolved_target,separate_votes,primary_comparisons_and_primary_evidence_tiers
vu_family__taxon_resolved_target__comparison_separate_votes,Gemmiger,1,0,"{""decreased_in_AH"":1,""increased_in_AH"":0}","{""decreased_in_AH"":{""conflicts"":0,""opposition"":0,""passes"":false,""support"":1},""increased_in_AH"":{""conflicts"":0,""opposition"":1,""passes"":false,""support"":0}}",,not_retained,2,0,1ce0689651dc53c4cadacb00e43287b120ab03f27904d10dc7e2470a5f9d4dba,family; resolved target taxon; comparison-specific votes,family,resolved_target,separate_votes,primary_comparisons_and_primary_evidence_tiers
vu_family__taxon_resolved_target__comparison_separate_votes,Klebsiella,1,0,"{""decreased_in_AH"":0,""increased_in_AH"":1}","{""decreased_in_AH"":{""conflicts"":0,""opposition"":1,""passes"":false,""support"":0},""increased_in_AH"":{""conflicts"":0,""opposition"":0,""passes"":false,""support"":1}}",,not_retained,2,0,1ce0689651dc53c4cadacb00e43287b120ab03f27904d10dc7e2470a5f9d4dba,family; resolved target taxon; comparison-specific votes,family,resolved_target,separate_votes,primary_comparisons_and_primary_evidence_tiers
vu_family__taxon_resolved_target__comparison_separate_votes,Leyella,1,0,"{""decreased_in_AH"":1,""increased_in_AH"":0}","{""decreased_in_AH"":{""conflicts"":0,""opposition"":0,""passes"":false,""support"":1},""increased_in_AH"":{""conflicts"":0,""opposition"":1,""passes"":false,""support"":0}}",,not_retained,2,0,1ce0689651dc53c4cadacb00e43287b120ab03f27904d10dc7e2470a5f9d4dba,family; resolved target taxon; comparison-specific votes,family,resolved_target,separate_votes,primary_comparisons_and_primary_evidence_tiers
vu_family__taxon_resolved_target__comparison_separate_votes,Oscillibacter,1,0,"{""decreased_in_AH"":1,""increased_in_AH"":0}","{""decreased_in_AH"":{""conflicts"":0,""opposition"":0,""passes"":false,""support"":1},""increased_in_AH"":{""conflicts"":0,""opposition"":1,""passes"":false,""support"":0}}",,not_retained,2,0,1ce0689651dc53c4cadacb00e43287b120ab03f27904d10dc7e2470a5f9d4dba,family; resolved target taxon; comparison-specific votes,family,resolved_target,separate_votes,primary_comparisons_and_primary_evidence_tiers
vu_family__taxon_resolved_target__comparison_separate_votes,Parabacteroides,1,0,"{""decreased_in_AH"":0,""increased_in_AH"":1}","{""decreased_in_AH"":{""conflicts"":0,""opposition"":1,""passes"":false,""support"":0},""increased_in_AH"":{""conflicts"":0,""opposition"":0,""passes"":false,""support"":1}}",,not_retained,2,0,1ce0689651dc53c4cadacb00e43287b120ab03f27904d10dc7e2470a5f9d4dba,family; resolved target taxon; comparison-specific votes,family,resolved_target,separate_votes,primary_comparisons_and_primary_evidence_tiers
vu_family__taxon_resolved_target__comparison_separate_votes,Phocaeicola,1,0,"{""decreased_in_AH"":1,""increased_in_AH"":0}","{""decreased_in_AH"":{""conflicts"":0,""opposition"":0,""passes"":false,""support"":1},""increased_in_AH"":{""conflicts"":0,""opposition"":1,""passes"":false,""support"":0}}",,not_retained,2,0,1ce0689651dc53c4cadacb00e43287b120ab03f27904d10dc7e2470a5f9d4dba,family; resolved target taxon; comparison-specific votes,family,resolved_target,separate_votes,primary_comparisons_and_primary_evidence_tiers
vu_family__taxon_resolved_target__comparison_separate_votes,Segatella,1,0,"{""decreased_in_AH"":1,""increased_in_AH"":0}","{""decreased_in_AH"":{""conflicts"":0,""opposition"":0,""passes"":false,""support"":1},""increased_in_AH"":{""conflicts"":0,""opposition"":1,""passes"":false,""support"":0}}",,not_retained,2,0,1ce0689651dc53c4cadacb00e43287b120ab03f27904d10dc7e2470a5f9d4dba,family; resolved target taxon; comparison-specific votes,family,resolved_target,separate_votes,primary_comparisons_and_primary_evidence_tiers
vu_family__taxon_resolved_target__comparison_separate_votes,Streptococcus,1,0,"{""decreased_in_AH"":0,""increased_in_AH"":1}","{""decreased_in_AH"":{""conflicts"":0,""opposition"":1,""passes"":false,""support"":0},""increased_in_AH"":{""conflicts"":0,""opposition"":0,""passes"":false,""support"":1}}",,not_retained,2,0,1ce0689651dc53c4cadacb00e43287b120ab03f27904d10dc7e2470a5f9d4dba,family; resolved target taxon; comparison-specific votes,family,resolved_target,separate_votes,primary_comparisons_and_primary_evidence_tiers
vu_family__taxon_resolved_target__comparison_separate_votes,Succinivibrio,1,0,"{""decreased_in_AH"":1,""increased_in_AH"":0}","{""decreased_in_AH"":{""conflicts"":0,""opposition"":0,""passes"":false,""support"":1},""increased_in_AH"":{""conflicts"":0,""opposition"":1,""passes"":false,""support"":0}}",,not_retained,2,0,1ce0689651dc53c4cadacb00e43287b120ab03f27904d10dc7e2470a5f9d4dba,family; resolved target taxon; comparison-specific votes,family,resolved_target,separate_votes,primary_comparisons_and_primary_evidence_tiers
vu_family__taxon_resolved_target__comparison_separate_votes,Sutterella,1,0,"{""decreased_in_AH"":1,""increased_in_AH"":0}","{""decreased_in_AH"":{""conflicts"":0,""opposition"":0,""passes"":false,""support"":1},""increased_in_AH"":{""conflicts"":0,""opposition"":1,""passes"":false,""support"":0}}",,not_retained,2,0,1ce0689651dc53c4cadacb00e43287b120ab03f27904d10dc7e2470a5f9d4dba,family; resolved target taxon; comparison-specific votes,family,resolved_target,separate_votes,primary_comparisons_and_primary_evidence_tiers
vu_family__taxon_resolved_target__comparison_separate_votes,Veillonella,2,0,"{""decreased_in_AH"":0,""increased_in_AH"":2}","{""decreased_in_AH"":{""conflicts"":0,""opposition"":2,""passes"":false,""support"":0},""increased_in_AH"":{""conflicts"":0,""opposition"":0,""passes"":true,""support"":2}}",increased_in_AH,retained,2,0,1ce0689651dc53c4cadacb00e43287b120ab03f27904d10dc7e2470a5f9d4dba,family; resolved target taxon; comparison-specific votes,family,resolved_target,separate_votes,primary_comparisons_and_primary_evidence_tiers
vu_family__taxon_resolved_target__comparison_separate_votes,Victivallis,1,0,"{""decreased_in_AH"":1,""increased_in_AH"":0}","{""decreased_in_AH"":{""conflicts"":0,""opposition"":0,""passes"":false,""support"":1},""increased_in_AH"":{""conflicts"":0,""opposition"":1,""passes"":false,""support"":0}}",,not_retained,2,0,1ce0689651dc53c4cadacb00e43287b120ab03f27904d10dc7e2470a5f9d4dba,family; resolved target taxon; comparison-specific votes,family,resolved_target,separate_votes,primary_comparisons_and_primary_evidence_tiers
vu_family__taxon_source_label__comparison_family_state,Alistipes,1,0,"{""decreased_in_AH"":1,""increased_in_AH"":0}","{""decreased_in_AH"":{""conflicts"":0,""opposition"":0,""passes"":false,""support"":1},""increased_in_AH"":{""conflicts"":0,""opposition"":1,""passes"":false,""support"":0}}",,not_retained,2,0,1ce0689651dc53c4cadacb00e43287b120ab03f27904d10dc7e2470a5f9d4dba,family; source label; family-state collapse,family,source_label,family_state,primary_comparisons_and_primary_evidence_tiers
vu_family__taxon_source_label__comparison_family_state,Alistipes putredinis,1,0,"{""decreased_in_AH"":1,""increased_in_AH"":0}","{""decreased_in_AH"":{""conflicts"":0,""opposition"":0,""passes"":false,""support"":1},""increased_in_AH"":{""conflicts"":0,""opposition"":1,""passes"":false,""support"":0}}",,not_retained,2,0,1ce0689651dc53c4cadacb00e43287b120ab03f27904d10dc7e2470a5f9d4dba,family; source label; family-state collapse,family,source_label,family_state,primary_comparisons_and_primary_evidence_tiers
vu_family__taxon_source_label__comparison_family_state,Bacteroides finegoldii,1,0,"{""decreased_in_AH"":0,""increased_in_AH"":1}","{""decreased_in_AH"":{""conflicts"":0,""opposition"":1,""passes"":false,""support"":0},""increased_in_AH"":{""conflicts"":0,""opposition"":0,""passes"":false,""support"":1}}",,not_retained,2,0,1ce0689651dc53c4cadacb00e43287b120ab03f27904d10dc7e2470a5f9d4dba,family; source label; family-state collapse,family,source_label,family_state,primary_comparisons_and_primary_evidence_tiers
vu_family__taxon_source_label__comparison_family_state,Bacteroides plebeius,1,0,"{""decreased_in_AH"":1,""increased_in_AH"":0}","{""decreased_in_AH"":{""conflicts"":0,""opposition"":0,""passes"":false,""support"":1},""increased_in_AH"":{""conflicts"":0,""opposition"":1,""passes"":false,""support"":0}}",,not_retained,2,0,1ce0689651dc53c4cadacb00e43287b120ab03f27904d10dc7e2470a5f9d4dba,family; source label; family-state collapse,family,source_label,family_state,primary_comparisons_and_primary_evidence_tiers
vu_family__taxon_source_label__comparison_family_state,Bacteroides thetaiotaomicron,1,0,"{""decreased_in_AH"":0,""increased_in_AH"":1}","{""decreased_in_AH"":{""conflicts"":0,""opposition"":1,""passes"":false,""support"":0},""increased_in_AH"":{""conflicts"":0,""opposition"":0,""passes"":false,""support"":1}}",,not_retained,2,0,1ce0689651dc53c4cadacb00e43287b120ab03f27904d10dc7e2470a5f9d4dba,family; source label; family-state collapse,family,source_label,family_state,primary_comparisons_and_primary_evidence_tiers
vu_family__taxon_source_label__comparison_family_state,Clostridium aldenense,1,0,"{""decreased_in_AH"":0,""increased_in_AH"":1}","{""decreased_in_AH"":{""conflicts"":0,""opposition"":1,""passes"":false,""support"":0},""increased_in_AH"":{""conflicts"":0,""opposition"":0,""passes"":false,""support"":1}}",,not_retained,2,0,1ce0689651dc53c4cadacb00e43287b120ab03f27904d10dc7e2470a5f9d4dba,family; source label; family-state collapse,family,source_label,family_state,primary_comparisons_and_primary_evidence_tiers
vu_family__taxon_source_label__comparison_family_state,Desulfovibrio piger,1,0,"{""decreased_in_AH"":1,""increased_in_AH"":0}","{""decreased_in_AH"":{""conflicts"":0,""opposition"":0,""passes"":false,""support"":1},""increased_in_AH"":{""conflicts"":0,""opposition"":1,""passes"":false,""support"":0}}",,not_retained,2,0,1ce0689651dc53c4cadacb00e43287b120ab03f27904d10dc7e2470a5f9d4dba,family; source label; family-state collapse,family,source_label,family_state,primary_comparisons_and_primary_evidence_tiers
vu_family__taxon_source_label__comparison_family_state,Dialister,1,0,"{""decreased_in_AH"":1,""increased_in_AH"":0}","{""decreased_in_AH"":{""conflicts"":0,""opposition"":0,""passes"":false,""support"":1},""increased_in_AH"":{""conflicts"":0,""opposition"":1,""passes"":false,""support"":0}}",,not_retained,2,0,1ce0689651dc53c4cadacb00e43287b120ab03f27904d10dc7e2470a5f9d4dba,family; source label; family-state collapse,family,source_label,family_state,primary_comparisons_and_primary_evidence_tiers
vu_family__taxon_source_label__comparison_family_state,Dialister succinatiphilus,1,0,"{""decreased_in_AH"":1,""increased_in_AH"":0}","{""decreased_in_AH"":{""conflicts"":0,""opposition"":0,""passes"":false,""support"":1},""increased_in_AH"":{""conflicts"":0,""opposition"":1,""passes"":false,""support"":0}}",,not_retained,2,0,1ce0689651dc53c4cadacb00e43287b120ab03f27904d10dc7e2470a5f9d4dba,family; source label; family-state collapse,family,source_label,family_state,primary_comparisons_and_primary_evidence_tiers
vu_family__taxon_source_label__comparison_family_state,Enterococcus,1,0,"{""decreased_in_AH"":0,""increased_in_AH"":1}","{""decreased_in_AH"":{""conflicts"":0,""opposition"":1,""passes"":false,""support"":0},""increased_in_AH"":{""conflicts"":0,""opposition"":0,""passes"":false,""support"":1}}",,not_retained,2,0,1ce0689651dc53c4cadacb00e43287b120ab03f27904d10dc7e2470a5f9d4dba,family; source label; family-state collapse,family,source_label,family_state,primary_comparisons_and_primary_evidence_tiers
vu_family__taxon_source_label__comparison_family_state,Enterococcus faecium group,1,0,"{""decreased_in_AH"":0,""increased_in_AH"":1}","{""decreased_in_AH"":{""conflicts"":0,""opposition"":1,""passes"":false,""support"":0},""increased_in_AH"":{""conflicts"":0,""opposition"":0,""passes"":false,""support"":1}}",,not_retained,2,0,1ce0689651dc53c4cadacb00e43287b120ab03f27904d10dc7e2470a5f9d4dba,family; source label; family-state collapse,family,source_label,family_state,primary_comparisons_and_primary_evidence_tiers
vu_family__taxon_source_label__comparison_family_state,Gemmiger formicilis,1,0,"{""decreased_in_AH"":1,""increased_in_AH"":0}","{""decreased_in_AH"":{""conflicts"":0,""opposition"":0,""passes"":false,""support"":1},""increased_in_AH"":{""conflicts"":0,""opposition"":1,""passes"":false,""support"":0}}",,not_retained,2,0,1ce0689651dc53c4cadacb00e43287b120ab03f27904d10dc7e2470a5f9d4dba,family; source label; family-state collapse,family,source_label,family_state,primary_comparisons_and_primary_evidence_tiers
vu_family__taxon_source_label__comparison_family_state,Klebsiella pneumoniae,1,0,"{""decreased_in_AH"":0,""increased_in_AH"":1}","{""decreased_in_AH"":{""conflicts"":0,""opposition"":1,""passes"":false,""support"":0},""increased_in_AH"":{""conflicts"":0,""opposition"":0,""passes"":false,""support"":1}}",,not_retained,2,0,1ce0689651dc53c4cadacb00e43287b120ab03f27904d10dc7e2470a5f9d4dba,family; source label; family-state collapse,family,source_label,family_state,primary_comparisons_and_primary_evidence_tiers
vu_family__taxon_source_label__comparison_family_state,Klebsiella variicola,1,0,"{""decreased_in_AH"":0,""increased_in_AH"":1}","{""decreased_in_AH"":{""conflicts"":0,""opposition"":1,""passes"":false,""support"":0},""increased_in_AH"":{""conflicts"":0,""opposition"":0,""passes"":false,""support"":1}}",,not_retained,2,0,1ce0689651dc53c4cadacb00e43287b120ab03f27904d10dc7e2470a5f9d4dba,family; source label; family-state collapse,family,source_label,family_state,primary_comparisons_and_primary_evidence_tiers
vu_family__taxon_source_label__comparison_family_state,Oscillibacter,1,0,"{""decreased_in_AH"":1,""increased_in_AH"":0}","{""decreased_in_AH"":{""conflicts"":0,""opposition"":0,""passes"":false,""support"":1},""increased_in_AH"":{""conflicts"":0,""opposition"":1,""passes"":false,""support"":0}}",,not_retained,2,0,1ce0689651dc53c4cadacb00e43287b120ab03f27904d10dc7e2470a5f9d4dba,family; source label; family-state collapse,family,source_label,family_state,primary_comparisons_and_primary_evidence_tiers
vu_family__taxon_source_label__comparison_family_state,Parabacteroides distasonis,1,0,"{""decreased_in_AH"":0,""increased_in_AH"":1}","{""decreased_in_AH"":{""conflicts"":0,""opposition"":1,""passes"":false,""support"":0},""increased_in_AH"":{""conflicts"":0,""opposition"":0,""passes"":false,""support"":1}}",,not_retained,2,0,1ce0689651dc53c4cadacb00e43287b120ab03f27904d10dc7e2470a5f9d4dba,family; source label; family-state collapse,family,source_label,family_state,primary_comparisons_and_primary_evidence_tiers
vu_family__taxon_source_label__comparison_family_state,Prevotella copri,1,0,"{""decreased_in_AH"":1,""increased_in_AH"":0}","{""decreased_in_AH"":{""conflicts"":0,""opposition"":0,""passes"":false,""support"":1},""increased_in_AH"":{""conflicts"":0,""opposition"":1,""passes"":false,""support"":0}}",,not_retained,2,0,1ce0689651dc53c4cadacb00e43287b120ab03f27904d10dc7e2470a5f9d4dba,family; source label; family-state collapse,family,source_label,family_state,primary_comparisons_and_primary_evidence_tiers
vu_family__taxon_source_label__comparison_family_state,Prevotella stercorea,1,0,"{""decreased_in_AH"":1,""increased_in_AH"":0}","{""decreased_in_AH"":{""conflicts"":0,""opposition"":0,""passes"":false,""support"":1},""increased_in_AH"":{""conflicts"":0,""opposition"":1,""passes"":false,""support"":0}}",,not_retained,2,0,1ce0689651dc53c4cadacb00e43287b120ab03f27904d10dc7e2470a5f9d4dba,family; source label; family-state collapse,family,source_label,family_state,primary_comparisons_and_primary_evidence_tiers
vu_family__taxon_source_label__comparison_family_state,Streptococcus,1,0,"{""decreased_in_AH"":0,""increased_in_AH"":1}","{""decreased_in_AH"":{""conflicts"":0,""opposition"":1,""passes"":false,""support"":0},""increased_in_AH"":{""conflicts"":0,""opposition"":0,""passes"":false,""support"":1}}",,not_retained,2,0,1ce0689651dc53c4cadacb00e43287b120ab03f27904d10dc7e2470a5f9d4dba,family; source label; family-state collapse,family,source_label,family_state,primary_comparisons_and_primary_evidence_tiers
vu_family__taxon_source_label__comparison_family_state,Streptococcus pneumoniae group,1,0,"{""decreased_in_AH"":0,""increased_in_AH"":1}","{""decreased_in_AH"":{""conflicts"":0,""opposition"":1,""passes"":false,""support"":0},""increased_in_AH"":{""conflicts"":0,""opposition"":0,""passes"":false,""support"":1}}",,not_retained,2,0,1ce0689651dc53c4cadacb00e43287b120ab03f27904d10dc7e2470a5f9d4dba,family; source label; family-state collapse,family,source_label,family_state,primary_comparisons_and_primary_evidence_tiers
vu_family__taxon_source_label__comparison_family_state,Succinivibrio dextrinosolvens,1,0,"{""decreased_in_AH"":1,""increased_in_AH"":0}","{""decreased_in_AH"":{""conflicts"":0,""opposition"":0,""passes"":false,""support"":1},""increased_in_AH"":{""conflicts"":0,""opposition"":1,""passes"":false,""support"":0}}",,not_retained,2,0,1ce0689651dc53c4cadacb00e43287b120ab03f27904d10dc7e2470a5f9d4dba,family; source label; family-state collapse,family,source_label,family_state,primary_comparisons_and_primary_evidence_tiers
vu_family__taxon_source_label__comparison_family_state,Sutterella sp.,1,0,"{""decreased_in_AH"":1,""increased_in_AH"":0}","{""decreased_in_AH"":{""conflicts"":0,""opposition"":0,""passes"":false,""support"":1},""increased_in_AH"":{""conflicts"":0,""opposition"":1,""passes"":false,""support"":0}}",,not_retained,2,0,1ce0689651dc53c4cadacb00e43287b120ab03f27904d10dc7e2470a5f9d4dba,family; source label; family-state collapse,family,source_label,family_state,primary_comparisons_and_primary_evidence_tiers
vu_family__taxon_source_label__comparison_family_state,Veillonella,1,0,"{""decreased_in_AH"":0,""increased_in_AH"":1}","{""decreased_in_AH"":{""conflicts"":0,""opposition"":1,""passes"":false,""support"":0},""increased_in_AH"":{""conflicts"":0,""opposition"":0,""passes"":false,""support"":1}}",,not_retained,2,0,1ce0689651dc53c4cadacb00e43287b120ab03f27904d10dc7e2470a5f9d4dba,family; source label; family-state collapse,family,source_label,family_state,primary_comparisons_and_primary_evidence_tiers
vu_family__taxon_source_label__comparison_family_state,Veillonella dispar,1,0,"{""decreased_in_AH"":0,""increased_in_AH"":1}","{""decreased_in_AH"":{""conflicts"":0,""opposition"":1,""passes"":false,""support"":0},""increased_in_AH"":{""conflicts"":0,""opposition"":0,""passes"":false,""support"":1}}",,not_retained,2,0,1ce0689651dc53c4cadacb00e43287b120ab03f27904d10dc7e2470a5f9d4dba,family; source label; family-state collapse,family,source_label,family_state,primary_comparisons_and_primary_evidence_tiers
vu_family__taxon_source_label__comparison_family_state,Veillonella parvula group,1,0,"{""decreased_in_AH"":0,""increased_in_AH"":1}","{""decreased_in_AH"":{""conflicts"":0,""opposition"":1,""passes"":false,""support"":0},""increased_in_AH"":{""conflicts"":0,""opposition"":0,""passes"":false,""support"":1}}",,not_retained,2,0,1ce0689651dc53c4cadacb00e43287b120ab03f27904d10dc7e2470a5f9d4dba,family; source label; family-state collapse,family,source_label,family_state,primary_comparisons_and_primary_evidence_tiers
vu_family__taxon_source_label__comparison_family_state,Victivallis vadensis,1,0,"{""decreased_in_AH"":1,""increased_in_AH"":0}","{""decreased_in_AH"":{""conflicts"":0,""opposition"":0,""passes"":false,""support"":1},""increased_in_AH"":{""conflicts"":0,""opposition"":1,""passes"":false,""support"":0}}",,not_retained,2,0,1ce0689651dc53c4cadacb00e43287b120ab03f27904d10dc7e2470a5f9d4dba,family; source label; family-state collapse,family,source_label,family_state,primary_comparisons_and_primary_evidence_tiers
vu_family__taxon_source_label__comparison_ignore,Alistipes,1,0,"{""decreased_in_AH"":1,""increased_in_AH"":0}","{""decreased_in_AH"":{""conflicts"":0,""opposition"":0,""passes"":false,""support"":1},""increased_in_AH"":{""conflicts"":0,""opposition"":1,""passes"":false,""support"":0}}",,not_retained,2,0,1ce0689651dc53c4cadacb00e43287b120ab03f27904d10dc7e2470a5f9d4dba,family; source label; comparisons ignored,family,source_label,ignore,primary_comparisons_and_primary_evidence_tiers
vu_family__taxon_source_label__comparison_ignore,Alistipes putredinis,1,0,"{""decreased_in_AH"":1,""increased_in_AH"":0}","{""decreased_in_AH"":{""conflicts"":0,""opposition"":0,""passes"":false,""support"":1},""increased_in_AH"":{""conflicts"":0,""opposition"":1,""passes"":false,""support"":0}}",,not_retained,2,0,1ce0689651dc53c4cadacb00e43287b120ab03f27904d10dc7e2470a5f9d4dba,family; source label; comparisons ignored,family,source_label,ignore,primary_comparisons_and_primary_evidence_tiers
vu_family__taxon_source_label__comparison_ignore,Bacteroides finegoldii,1,0,"{""decreased_in_AH"":0,""increased_in_AH"":1}","{""decreased_in_AH"":{""conflicts"":0,""opposition"":1,""passes"":false,""support"":0},""increased_in_AH"":{""conflicts"":0,""opposition"":0,""passes"":false,""support"":1}}",,not_retained,2,0,1ce0689651dc53c4cadacb00e43287b120ab03f27904d10dc7e2470a5f9d4dba,family; source label; comparisons ignored,family,source_label,ignore,primary_comparisons_and_primary_evidence_tiers
vu_family__taxon_source_label__comparison_ignore,Bacteroides plebeius,1,0,"{""decreased_in_AH"":1,""increased_in_AH"":0}","{""decreased_in_AH"":{""conflicts"":0,""opposition"":0,""passes"":false,""support"":1},""increased_in_AH"":{""conflicts"":0,""opposition"":1,""passes"":false,""support"":0}}",,not_retained,2,0,1ce0689651dc53c4cadacb00e43287b120ab03f27904d10dc7e2470a5f9d4dba,family; source label; comparisons ignored,family,source_label,ignore,primary_comparisons_and_primary_evidence_tiers
vu_family__taxon_source_label__comparison_ignore,Bacteroides thetaiotaomicron,1,0,"{""decreased_in_AH"":0,""increased_in_AH"":1}","{""decreased_in_AH"":{""conflicts"":0,""opposition"":1,""passes"":false,""support"":0},""increased_in_AH"":{""conflicts"":0,""opposition"":0,""passes"":false,""support"":1}}",,not_retained,2,0,1ce0689651dc53c4cadacb00e43287b120ab03f27904d10dc7e2470a5f9d4dba,family; source label; comparisons ignored,family,source_label,ignore,primary_comparisons_and_primary_evidence_tiers
vu_family__taxon_source_label__comparison_ignore,Clostridium aldenense,1,0,"{""decreased_in_AH"":0,""increased_in_AH"":1}","{""decreased_in_AH"":{""conflicts"":0,""opposition"":1,""passes"":false,""support"":0},""increased_in_AH"":{""conflicts"":0,""opposition"":0,""passes"":false,""support"":1}}",,not_retained,2,0,1ce0689651dc53c4cadacb00e43287b120ab03f27904d10dc7e2470a5f9d4dba,family; source label; comparisons ignored,family,source_label,ignore,primary_comparisons_and_primary_evidence_tiers
vu_family__taxon_source_label__comparison_ignore,Desulfovibrio piger,1,0,"{""decreased_in_AH"":1,""increased_in_AH"":0}","{""decreased_in_AH"":{""conflicts"":0,""opposition"":0,""passes"":false,""support"":1},""increased_in_AH"":{""conflicts"":0,""opposition"":1,""passes"":false,""support"":0}}",,not_retained,2,0,1ce0689651dc53c4cadacb00e43287b120ab03f27904d10dc7e2470a5f9d4dba,family; source label; comparisons ignored,family,source_label,ignore,primary_comparisons_and_primary_evidence_tiers
vu_family__taxon_source_label__comparison_ignore,Dialister,1,0,"{""decreased_in_AH"":1,""increased_in_AH"":0}","{""decreased_in_AH"":{""conflicts"":0,""opposition"":0,""passes"":false,""support"":1},""increased_in_AH"":{""conflicts"":0,""opposition"":1,""passes"":false,""support"":0}}",,not_retained,2,0,1ce0689651dc53c4cadacb00e43287b120ab03f27904d10dc7e2470a5f9d4dba,family; source label; comparisons ignored,family,source_label,ignore,primary_comparisons_and_primary_evidence_tiers
vu_family__taxon_source_label__comparison_ignore,Dialister succinatiphilus,1,0,"{""decreased_in_AH"":1,""increased_in_AH"":0}","{""decreased_in_AH"":{""conflicts"":0,""opposition"":0,""passes"":false,""support"":1},""increased_in_AH"":{""conflicts"":0,""opposition"":1,""passes"":false,""support"":0}}",,not_retained,2,0,1ce0689651dc53c4cadacb00e43287b120ab03f27904d10dc7e2470a5f9d4dba,family; source label; comparisons ignored,family,source_label,ignore,primary_comparisons_and_primary_evidence_tiers
vu_family__taxon_source_label__comparison_ignore,Enterococcus,1,0,"{""decreased_in_AH"":0,""increased_in_AH"":1}","{""decreased_in_AH"":{""conflicts"":0,""opposition"":1,""passes"":false,""support"":0},""increased_in_AH"":{""conflicts"":0,""opposition"":0,""passes"":false,""support"":1}}",,not_retained,2,0,1ce0689651dc53c4cadacb00e43287b120ab03f27904d10dc7e2470a5f9d4dba,family; source label; comparisons ignored,family,source_label,ignore,primary_comparisons_and_primary_evidence_tiers
vu_family__taxon_source_label__comparison_ignore,Enterococcus faecium group,1,0,"{""decreased_in_AH"":0,""increased_in_AH"":1}","{""decreased_in_AH"":{""conflicts"":0,""opposition"":1,""passes"":false,""support"":0},""increased_in_AH"":{""conflicts"":0,""opposition"":0,""passes"":false,""support"":1}}",,not_retained,2,0,1ce0689651dc53c4cadacb00e43287b120ab03f27904d10dc7e2470a5f9d4dba,family; source label; comparisons ignored,family,source_label,ignore,primary_comparisons_and_primary_evidence_tiers
vu_family__taxon_source_label__comparison_ignore,Gemmiger formicilis,1,0,"{""decreased_in_AH"":1,""increased_in_AH"":0}","{""decreased_in_AH"":{""conflicts"":0,""opposition"":0,""passes"":false,""support"":1},""increased_in_AH"":{""conflicts"":0,""opposition"":1,""passes"":false,""support"":0}}",,not_retained,2,0,1ce0689651dc53c4cadacb00e43287b120ab03f27904d10dc7e2470a5f9d4dba,family; source label; comparisons ignored,family,source_label,ignore,primary_comparisons_and_primary_evidence_tiers
vu_family__taxon_source_label__comparison_ignore,Klebsiella pneumoniae,1,0,"{""decreased_in_AH"":0,""increased_in_AH"":1}","{""decreased_in_AH"":{""conflicts"":0,""opposition"":1,""passes"":false,""support"":0},""increased_in_AH"":{""conflicts"":0,""opposition"":0,""passes"":false,""support"":1}}",,not_retained,2,0,1ce0689651dc53c4cadacb00e43287b120ab03f27904d10dc7e2470a5f9d4dba,family; source label; comparisons ignored,family,source_label,ignore,primary_comparisons_and_primary_evidence_tiers
vu_family__taxon_source_label__comparison_ignore,Klebsiella variicola,1,0,"{""decreased_in_AH"":0,""increased_in_AH"":1}","{""decreased_in_AH"":{""conflicts"":0,""opposition"":1,""passes"":false,""support"":0},""increased_in_AH"":{""conflicts"":0,""opposition"":0,""passes"":false,""support"":1}}",,not_retained,2,0,1ce0689651dc53c4cadacb00e43287b120ab03f27904d10dc7e2470a5f9d4dba,family; source label; comparisons ignored,family,source_label,ignore,primary_comparisons_and_primary_evidence_tiers
vu_family__taxon_source_label__comparison_ignore,Oscillibacter,1,0,"{""decreased_in_AH"":1,""increased_in_AH"":0}","{""decreased_in_AH"":{""conflicts"":0,""opposition"":0,""passes"":false,""support"":1},""increased_in_AH"":{""conflicts"":0,""opposition"":1,""passes"":false,""support"":0}}",,not_retained,2,0,1ce0689651dc53c4cadacb00e43287b120ab03f27904d10dc7e2470a5f9d4dba,family; source label; comparisons ignored,family,source_label,ignore,primary_comparisons_and_primary_evidence_tiers
vu_family__taxon_source_label__comparison_ignore,Parabacteroides distasonis,1,0,"{""decreased_in_AH"":0,""increased_in_AH"":1}","{""decreased_in_AH"":{""conflicts"":0,""opposition"":1,""passes"":false,""support"":0},""increased_in_AH"":{""conflicts"":0,""opposition"":0,""passes"":false,""support"":1}}",,not_retained,2,0,1ce0689651dc53c4cadacb00e43287b120ab03f27904d10dc7e2470a5f9d4dba,family; source label; comparisons ignored,family,source_label,ignore,primary_comparisons_and_primary_evidence_tiers
vu_family__taxon_source_label__comparison_ignore,Prevotella copri,1,0,"{""decreased_in_AH"":1,""increased_in_AH"":0}","{""decreased_in_AH"":{""conflicts"":0,""opposition"":0,""passes"":false,""support"":1},""increased_in_AH"":{""conflicts"":0,""opposition"":1,""passes"":false,""support"":0}}",,not_retained,2,0,1ce0689651dc53c4cadacb00e43287b120ab03f27904d10dc7e2470a5f9d4dba,family; source label; comparisons ignored,family,source_label,ignore,primary_comparisons_and_primary_evidence_tiers
vu_family__taxon_source_label__comparison_ignore,Prevotella stercorea,1,0,"{""decreased_in_AH"":1,""increased_in_AH"":0}","{""decreased_in_AH"":{""conflicts"":0,""opposition"":0,""passes"":false,""support"":1},""increased_in_AH"":{""conflicts"":0,""opposition"":1,""passes"":false,""support"":0}}",,not_retained,2,0,1ce0689651dc53c4cadacb00e43287b120ab03f27904d10dc7e2470a5f9d4dba,family; source label; comparisons ignored,family,source_label,ignore,primary_comparisons_and_primary_evidence_tiers
vu_family__taxon_source_label__comparison_ignore,Streptococcus,1,0,"{""decreased_in_AH"":0,""increased_in_AH"":1}","{""decreased_in_AH"":{""conflicts"":0,""opposition"":1,""passes"":false,""support"":0},""increased_in_AH"":{""conflicts"":0,""opposition"":0,""passes"":false,""support"":1}}",,not_retained,2,0,1ce0689651dc53c4cadacb00e43287b120ab03f27904d10dc7e2470a5f9d4dba,family; source label; comparisons ignored,family,source_label,ignore,primary_comparisons_and_primary_evidence_tiers
vu_family__taxon_source_label__comparison_ignore,Streptococcus pneumoniae group,1,0,"{""decreased_in_AH"":0,""increased_in_AH"":1}","{""decreased_in_AH"":{""conflicts"":0,""opposition"":1,""passes"":false,""support"":0},""increased_in_AH"":{""conflicts"":0,""opposition"":0,""passes"":false,""support"":1}}",,not_retained,2,0,1ce0689651dc53c4cadacb00e43287b120ab03f27904d10dc7e2470a5f9d4dba,family; source label; comparisons ignored,family,source_label,ignore,primary_comparisons_and_primary_evidence_tiers
vu_family__taxon_source_label__comparison_ignore,Succinivibrio dextrinosolvens,1,0,"{""decreased_in_AH"":1,""increased_in_AH"":0}","{""decreased_in_AH"":{""conflicts"":0,""opposition"":0,""passes"":false,""support"":1},""increased_in_AH"":{""conflicts"":0,""opposition"":1,""passes"":false,""support"":0}}",,not_retained,2,0,1ce0689651dc53c4cadacb00e43287b120ab03f27904d10dc7e2470a5f9d4dba,family; source label; comparisons ignored,family,source_label,ignore,primary_comparisons_and_primary_evidence_tiers
vu_family__taxon_source_label__comparison_ignore,Sutterella sp.,1,0,"{""decreased_in_AH"":1,""increased_in_AH"":0}","{""decreased_in_AH"":{""conflicts"":0,""opposition"":0,""passes"":false,""support"":1},""increased_in_AH"":{""conflicts"":0,""opposition"":1,""passes"":false,""support"":0}}",,not_retained,2,0,1ce0689651dc53c4cadacb00e43287b120ab03f27904d10dc7e2470a5f9d4dba,family; source label; comparisons ignored,family,source_label,ignore,primary_comparisons_and_primary_evidence_tiers
vu_family__taxon_source_label__comparison_ignore,Veillonella,1,0,"{""decreased_in_AH"":0,""increased_in_AH"":1}","{""decreased_in_AH"":{""conflicts"":0,""opposition"":1,""passes"":false,""support"":0},""increased_in_AH"":{""conflicts"":0,""opposition"":0,""passes"":false,""support"":1}}",,not_retained,2,0,1ce0689651dc53c4cadacb00e43287b120ab03f27904d10dc7e2470a5f9d4dba,family; source label; comparisons ignored,family,source_label,ignore,primary_comparisons_and_primary_evidence_tiers
vu_family__taxon_source_label__comparison_ignore,Veillonella dispar,1,0,"{""decreased_in_AH"":0,""increased_in_AH"":1}","{""decreased_in_AH"":{""conflicts"":0,""opposition"":1,""passes"":false,""support"":0},""increased_in_AH"":{""conflicts"":0,""opposition"":0,""passes"":false,""support"":1}}",,not_retained,2,0,1ce0689651dc53c4cadacb00e43287b120ab03f27904d10dc7e2470a5f9d4dba,family; source label; comparisons ignored,family,source_label,ignore,primary_comparisons_and_primary_evidence_tiers
vu_family__taxon_source_label__comparison_ignore,Veillonella parvula group,1,0,"{""decreased_in_AH"":0,""increased_in_AH"":1}","{""decreased_in_AH"":{""conflicts"":0,""opposition"":1,""passes"":false,""support"":0},""increased_in_AH"":{""conflicts"":0,""opposition"":0,""passes"":false,""support"":1}}",,not_retained,2,0,1ce0689651dc53c4cadacb00e43287b120ab03f27904d10dc7e2470a5f9d4dba,family; source label; comparisons ignored,family,source_label,ignore,primary_comparisons_and_primary_evidence_tiers
vu_family__taxon_source_label__comparison_ignore,Victivallis vadensis,1,0,"{""decreased_in_AH"":1,""increased_in_AH"":0}","{""decreased_in_AH"":{""conflicts"":0,""opposition"":0,""passes"":false,""support"":1},""increased_in_AH"":{""conflicts"":0,""opposition"":1,""passes"":false,""support"":0}}",,not_retained,2,0,1ce0689651dc53c4cadacb00e43287b120ab03f27904d10dc7e2470a5f9d4dba,family; source label; comparisons ignored,family,source_label,ignore,primary_comparisons_and_primary_evidence_tiers
vu_family__taxon_source_label__comparison_separate_votes,Alistipes,1,0,"{""decreased_in_AH"":1,""increased_in_AH"":0}","{""decreased_in_AH"":{""conflicts"":0,""opposition"":0,""passes"":false,""support"":1},""increased_in_AH"":{""conflicts"":0,""opposition"":1,""passes"":false,""support"":0}}",,not_retained,2,0,1ce0689651dc53c4cadacb00e43287b120ab03f27904d10dc7e2470a5f9d4dba,family; source label; comparison-specific votes,family,source_label,separate_votes,primary_comparisons_and_primary_evidence_tiers
vu_family__taxon_source_label__comparison_separate_votes,Alistipes putredinis,1,0,"{""decreased_in_AH"":1,""increased_in_AH"":0}","{""decreased_in_AH"":{""conflicts"":0,""opposition"":0,""passes"":false,""support"":1},""increased_in_AH"":{""conflicts"":0,""opposition"":1,""passes"":false,""support"":0}}",,not_retained,2,0,1ce0689651dc53c4cadacb00e43287b120ab03f27904d10dc7e2470a5f9d4dba,family; source label; comparison-specific votes,family,source_label,separate_votes,primary_comparisons_and_primary_evidence_tiers
vu_family__taxon_source_label__comparison_separate_votes,Bacteroides finegoldii,1,0,"{""decreased_in_AH"":0,""increased_in_AH"":1}","{""decreased_in_AH"":{""conflicts"":0,""opposition"":1,""passes"":false,""support"":0},""increased_in_AH"":{""conflicts"":0,""opposition"":0,""passes"":false,""support"":1}}",,not_retained,2,0,1ce0689651dc53c4cadacb00e43287b120ab03f27904d10dc7e2470a5f9d4dba,family; source label; comparison-specific votes,family,source_label,separate_votes,primary_comparisons_and_primary_evidence_tiers
vu_family__taxon_source_label__comparison_separate_votes,Bacteroides plebeius,1,0,"{""decreased_in_AH"":1,""increased_in_AH"":0}","{""decreased_in_AH"":{""conflicts"":0,""opposition"":0,""passes"":false,""support"":1},""increased_in_AH"":{""conflicts"":0,""opposition"":1,""passes"":false,""support"":0}}",,not_retained,2,0,1ce0689651dc53c4cadacb00e43287b120ab03f27904d10dc7e2470a5f9d4dba,family; source label; comparison-specific votes,family,source_label,separate_votes,primary_comparisons_and_primary_evidence_tiers
vu_family__taxon_source_label__comparison_separate_votes,Bacteroides thetaiotaomicron,1,0,"{""decreased_in_AH"":0,""increased_in_AH"":1}","{""decreased_in_AH"":{""conflicts"":0,""opposition"":1,""passes"":false,""support"":0},""increased_in_AH"":{""conflicts"":0,""opposition"":0,""passes"":false,""support"":1}}",,not_retained,2,0,1ce0689651dc53c4cadacb00e43287b120ab03f27904d10dc7e2470a5f9d4dba,family; source label; comparison-specific votes,family,source_label,separate_votes,primary_comparisons_and_primary_evidence_tiers
vu_family__taxon_source_label__comparison_separate_votes,Clostridium aldenense,1,0,"{""decreased_in_AH"":0,""increased_in_AH"":1}","{""decreased_in_AH"":{""conflicts"":0,""opposition"":1,""passes"":false,""support"":0},""increased_in_AH"":{""conflicts"":0,""opposition"":0,""passes"":false,""support"":1}}",,not_retained,2,0,1ce0689651dc53c4cadacb00e43287b120ab03f27904d10dc7e2470a5f9d4dba,family; source label; comparison-specific votes,family,source_label,separate_votes,primary_comparisons_and_primary_evidence_tiers
vu_family__taxon_source_label__comparison_separate_votes,Desulfovibrio piger,1,0,"{""decreased_in_AH"":1,""increased_in_AH"":0}","{""decreased_in_AH"":{""conflicts"":0,""opposition"":0,""passes"":false,""support"":1},""increased_in_AH"":{""conflicts"":0,""opposition"":1,""passes"":false,""support"":0}}",,not_retained,2,0,1ce0689651dc53c4cadacb00e43287b120ab03f27904d10dc7e2470a5f9d4dba,family; source label; comparison-specific votes,family,source_label,separate_votes,primary_comparisons_and_primary_evidence_tiers
vu_family__taxon_source_label__comparison_separate_votes,Dialister,1,0,"{""decreased_in_AH"":1,""increased_in_AH"":0}","{""decreased_in_AH"":{""conflicts"":0,""opposition"":0,""passes"":false,""support"":1},""increased_in_AH"":{""conflicts"":0,""opposition"":1,""passes"":false,""support"":0}}",,not_retained,2,0,1ce0689651dc53c4cadacb00e43287b120ab03f27904d10dc7e2470a5f9d4dba,family; source label; comparison-specific votes,family,source_label,separate_votes,primary_comparisons_and_primary_evidence_tiers
vu_family__taxon_source_label__comparison_separate_votes,Dialister succinatiphilus,1,0,"{""decreased_in_AH"":1,""increased_in_AH"":0}","{""decreased_in_AH"":{""conflicts"":0,""opposition"":0,""passes"":false,""support"":1},""increased_in_AH"":{""conflicts"":0,""opposition"":1,""passes"":false,""support"":0}}",,not_retained,2,0,1ce0689651dc53c4cadacb00e43287b120ab03f27904d10dc7e2470a5f9d4dba,family; source label; comparison-specific votes,family,source_label,separate_votes,primary_comparisons_and_primary_evidence_tiers
vu_family__taxon_source_label__comparison_separate_votes,Enterococcus,1,0,"{""decreased_in_AH"":0,""increased_in_AH"":1}","{""decreased_in_AH"":{""conflicts"":0,""opposition"":1,""passes"":false,""support"":0},""increased_in_AH"":{""conflicts"":0,""opposition"":0,""passes"":false,""support"":1}}",,not_retained,2,0,1ce0689651dc53c4cadacb00e43287b120ab03f27904d10dc7e2470a5f9d4dba,family; source label; comparison-specific votes,family,source_label,separate_votes,primary_comparisons_and_primary_evidence_tiers
vu_family__taxon_source_label__comparison_separate_votes,Enterococcus faecium group,1,0,"{""decreased_in_AH"":0,""increased_in_AH"":1}","{""decreased_in_AH"":{""conflicts"":0,""opposition"":1,""passes"":false,""support"":0},""increased_in_AH"":{""conflicts"":0,""opposition"":0,""passes"":false,""support"":1}}",,not_retained,2,0,1ce0689651dc53c4cadacb00e43287b120ab03f27904d10dc7e2470a5f9d4dba,family; source label; comparison-specific votes,family,source_label,separate_votes,primary_comparisons_and_primary_evidence_tiers
vu_family__taxon_source_label__comparison_separate_votes,Gemmiger formicilis,1,0,"{""decreased_in_AH"":1,""increased_in_AH"":0}","{""decreased_in_AH"":{""conflicts"":0,""opposition"":0,""passes"":false,""support"":1},""increased_in_AH"":{""conflicts"":0,""opposition"":1,""passes"":false,""support"":0}}",,not_retained,2,0,1ce0689651dc53c4cadacb00e43287b120ab03f27904d10dc7e2470a5f9d4dba,family; source label; comparison-specific votes,family,source_label,separate_votes,primary_comparisons_and_primary_evidence_tiers
vu_family__taxon_source_label__comparison_separate_votes,Klebsiella pneumoniae,1,0,"{""decreased_in_AH"":0,""increased_in_AH"":1}","{""decreased_in_AH"":{""conflicts"":0,""opposition"":1,""passes"":false,""support"":0},""increased_in_AH"":{""conflicts"":0,""opposition"":0,""passes"":false,""support"":1}}",,not_retained,2,0,1ce0689651dc53c4cadacb00e43287b120ab03f27904d10dc7e2470a5f9d4dba,family; source label; comparison-specific votes,family,source_label,separate_votes,primary_comparisons_and_primary_evidence_tiers
vu_family__taxon_source_label__comparison_separate_votes,Klebsiella variicola,1,0,"{""decreased_in_AH"":0,""increased_in_AH"":1}","{""decreased_in_AH"":{""conflicts"":0,""opposition"":1,""passes"":false,""support"":0},""increased_in_AH"":{""conflicts"":0,""opposition"":0,""passes"":false,""support"":1}}",,not_retained,2,0,1ce0689651dc53c4cadacb00e43287b120ab03f27904d10dc7e2470a5f9d4dba,family; source label; comparison-specific votes,family,source_label,separate_votes,primary_comparisons_and_primary_evidence_tiers
vu_family__taxon_source_label__comparison_separate_votes,Oscillibacter,1,0,"{""decreased_in_AH"":1,""increased_in_AH"":0}","{""decreased_in_AH"":{""conflicts"":0,""opposition"":0,""passes"":false,""support"":1},""increased_in_AH"":{""conflicts"":0,""opposition"":1,""passes"":false,""support"":0}}",,not_retained,2,0,1ce0689651dc53c4cadacb00e43287b120ab03f27904d10dc7e2470a5f9d4dba,family; source label; comparison-specific votes,family,source_label,separate_votes,primary_comparisons_and_primary_evidence_tiers
vu_family__taxon_source_label__comparison_separate_votes,Parabacteroides distasonis,1,0,"{""decreased_in_AH"":0,""increased_in_AH"":1}","{""decreased_in_AH"":{""conflicts"":0,""opposition"":1,""passes"":false,""support"":0},""increased_in_AH"":{""conflicts"":0,""opposition"":0,""passes"":false,""support"":1}}",,not_retained,2,0,1ce0689651dc53c4cadacb00e43287b120ab03f27904d10dc7e2470a5f9d4dba,family; source label; comparison-specific votes,family,source_label,separate_votes,primary_comparisons_and_primary_evidence_tiers
vu_family__taxon_source_label__comparison_separate_votes,Prevotella copri,1,0,"{""decreased_in_AH"":1,""increased_in_AH"":0}","{""decreased_in_AH"":{""conflicts"":0,""opposition"":0,""passes"":false,""support"":1},""increased_in_AH"":{""conflicts"":0,""opposition"":1,""passes"":false,""support"":0}}",,not_retained,2,0,1ce0689651dc53c4cadacb00e43287b120ab03f27904d10dc7e2470a5f9d4dba,family; source label; comparison-specific votes,family,source_label,separate_votes,primary_comparisons_and_primary_evidence_tiers
vu_family__taxon_source_label__comparison_separate_votes,Prevotella stercorea,1,0,"{""decreased_in_AH"":1,""increased_in_AH"":0}","{""decreased_in_AH"":{""conflicts"":0,""opposition"":0,""passes"":false,""support"":1},""increased_in_AH"":{""conflicts"":0,""opposition"":1,""passes"":false,""support"":0}}",,not_retained,2,0,1ce0689651dc53c4cadacb00e43287b120ab03f27904d10dc7e2470a5f9d4dba,family; source label; comparison-specific votes,family,source_label,separate_votes,primary_comparisons_and_primary_evidence_tiers
vu_family__taxon_source_label__comparison_separate_votes,Streptococcus,1,0,"{""decreased_in_AH"":0,""increased_in_AH"":1}","{""decreased_in_AH"":{""conflicts"":0,""opposition"":1,""passes"":false,""support"":0},""increased_in_AH"":{""conflicts"":0,""opposition"":0,""passes"":false,""support"":1}}",,not_retained,2,0,1ce0689651dc53c4cadacb00e43287b120ab03f27904d10dc7e2470a5f9d4dba,family; source label; comparison-specific votes,family,source_label,separate_votes,primary_comparisons_and_primary_evidence_tiers
vu_family__taxon_source_label__comparison_separate_votes,Streptococcus pneumoniae group,1,0,"{""decreased_in_AH"":0,""increased_in_AH"":1}","{""decreased_in_AH"":{""conflicts"":0,""opposition"":1,""passes"":false,""support"":0},""increased_in_AH"":{""conflicts"":0,""opposition"":0,""passes"":false,""support"":1}}",,not_retained,2,0,1ce0689651dc53c4cadacb00e43287b120ab03f27904d10dc7e2470a5f9d4dba,family; source label; comparison-specific votes,family,source_label,separate_votes,primary_comparisons_and_primary_evidence_tiers
vu_family__taxon_source_label__comparison_separate_votes,Succinivibrio dextrinosolvens,1,0,"{""decreased_in_AH"":1,""increased_in_AH"":0}","{""decreased_in_AH"":{""conflicts"":0,""opposition"":0,""passes"":false,""support"":1},""increased_in_AH"":{""conflicts"":0,""opposition"":1,""passes"":false,""support"":0}}",,not_retained,2,0,1ce0689651dc53c4cadacb00e43287b120ab03f27904d10dc7e2470a5f9d4dba,family; source label; comparison-specific votes,family,source_label,separate_votes,primary_comparisons_and_primary_evidence_tiers
vu_family__taxon_source_label__comparison_separate_votes,Sutterella sp.,1,0,"{""decreased_in_AH"":1,""increased_in_AH"":0}","{""decreased_in_AH"":{""conflicts"":0,""opposition"":0,""passes"":false,""support"":1},""increased_in_AH"":{""conflicts"":0,""opposition"":1,""passes"":false,""support"":0}}",,not_retained,2,0,1ce0689651dc53c4cadacb00e43287b120ab03f27904d10dc7e2470a5f9d4dba,family; source label; comparison-specific votes,family,source_label,separate_votes,primary_comparisons_and_primary_evidence_tiers
vu_family__taxon_source_label__comparison_separate_votes,Veillonella,1,0,"{""decreased_in_AH"":0,""increased_in_AH"":1}","{""decreased_in_AH"":{""conflicts"":0,""opposition"":1,""passes"":false,""support"":0},""increased_in_AH"":{""conflicts"":0,""opposition"":0,""passes"":false,""support"":1}}",,not_retained,2,0,1ce0689651dc53c4cadacb00e43287b120ab03f27904d10dc7e2470a5f9d4dba,family; source label; comparison-specific votes,family,source_label,separate_votes,primary_comparisons_and_primary_evidence_tiers
vu_family__taxon_source_label__comparison_separate_votes,Veillonella dispar,1,0,"{""decreased_in_AH"":0,""increased_in_AH"":1}","{""decreased_in_AH"":{""conflicts"":0,""opposition"":1,""passes"":false,""support"":0},""increased_in_AH"":{""conflicts"":0,""opposition"":0,""passes"":false,""support"":1}}",,not_retained,2,0,1ce0689651dc53c4cadacb00e43287b120ab03f27904d10dc7e2470a5f9d4dba,family; source label; comparison-specific votes,family,source_label,separate_votes,primary_comparisons_and_primary_evidence_tiers
vu_family__taxon_source_label__comparison_separate_votes,Veillonella parvula group,1,0,"{""decreased_in_AH"":0,""increased_in_AH"":1}","{""decreased_in_AH"":{""conflicts"":0,""opposition"":1,""passes"":false,""support"":0},""increased_in_AH"":{""conflicts"":0,""opposition"":0,""passes"":false,""support"":1}}",,not_retained,2,0,1ce0689651dc53c4cadacb00e43287b120ab03f27904d10dc7e2470a5f9d4dba,family; source label; comparison-specific votes,family,source_label,separate_votes,primary_comparisons_and_primary_evidence_tiers
vu_family__taxon_source_label__comparison_separate_votes,Victivallis vadensis,1,0,"{""decreased_in_AH"":1,""increased_in_AH"":0}","{""decreased_in_AH"":{""conflicts"":0,""opposition"":0,""passes"":false,""support"":1},""increased_in_AH"":{""conflicts"":0,""opposition"":1,""passes"":false,""support"":0}}",,not_retained,2,0,1ce0689651dc53c4cadacb00e43287b120ab03f27904d10dc7e2470a5f9d4dba,family; source label; comparison-specific votes,family,source_label,separate_votes,primary_comparisons_and_primary_evidence_tiers
vu_report__taxon_resolved_target__comparison_family_state,Alistipes,1,0,"{""decreased_in_AH"":1,""increased_in_AH"":0}","{""decreased_in_AH"":{""conflicts"":0,""opposition"":0,""passes"":false,""support"":1},""increased_in_AH"":{""conflicts"":0,""opposition"":1,""passes"":false,""support"":0}}",,not_retained,2,0,1ce0689651dc53c4cadacb00e43287b120ab03f27904d10dc7e2470a5f9d4dba,report; resolved target taxon; family-state collapse,report,resolved_target,family_state,primary_comparisons_and_primary_evidence_tiers
vu_report__taxon_resolved_target__comparison_family_state,Bacteroides,1,0,"{""decreased_in_AH"":0,""increased_in_AH"":1}","{""decreased_in_AH"":{""conflicts"":0,""opposition"":1,""passes"":false,""support"":0},""increased_in_AH"":{""conflicts"":0,""opposition"":0,""passes"":false,""support"":1}}",,not_retained,2,0,1ce0689651dc53c4cadacb00e43287b120ab03f27904d10dc7e2470a5f9d4dba,report; resolved target taxon; family-state collapse,report,resolved_target,family_state,primary_comparisons_and_primary_evidence_tiers
vu_report__taxon_resolved_target__comparison_family_state,Desulfovibrio,1,0,"{""decreased_in_AH"":1,""increased_in_AH"":0}","{""decreased_in_AH"":{""conflicts"":0,""opposition"":0,""passes"":false,""support"":1},""increased_in_AH"":{""conflicts"":0,""opposition"":1,""passes"":false,""support"":0}}",,not_retained,2,0,1ce0689651dc53c4cadacb00e43287b120ab03f27904d10dc7e2470a5f9d4dba,report; resolved target taxon; family-state collapse,report,resolved_target,family_state,primary_comparisons_and_primary_evidence_tiers
vu_report__taxon_resolved_target__comparison_family_state,Dialister,2,0,"{""decreased_in_AH"":2,""increased_in_AH"":0}","{""decreased_in_AH"":{""conflicts"":0,""opposition"":0,""passes"":true,""support"":2},""increased_in_AH"":{""conflicts"":0,""opposition"":2,""passes"":false,""support"":0}}",decreased_in_AH,retained,2,0,1ce0689651dc53c4cadacb00e43287b120ab03f27904d10dc7e2470a5f9d4dba,report; resolved target taxon; family-state collapse,report,resolved_target,family_state,primary_comparisons_and_primary_evidence_tiers
vu_report__taxon_resolved_target__comparison_family_state,Enterocloster,1,0,"{""decreased_in_AH"":0,""increased_in_AH"":1}","{""decreased_in_AH"":{""conflicts"":0,""opposition"":1,""passes"":false,""support"":0},""increased_in_AH"":{""conflicts"":0,""opposition"":0,""passes"":false,""support"":1}}",,not_retained,2,0,1ce0689651dc53c4cadacb00e43287b120ab03f27904d10dc7e2470a5f9d4dba,report; resolved target taxon; family-state collapse,report,resolved_target,family_state,primary_comparisons_and_primary_evidence_tiers
vu_report__taxon_resolved_target__comparison_family_state,Enterococcus,1,0,"{""decreased_in_AH"":0,""increased_in_AH"":1}","{""decreased_in_AH"":{""conflicts"":0,""opposition"":1,""passes"":false,""support"":0},""increased_in_AH"":{""conflicts"":0,""opposition"":0,""passes"":false,""support"":1}}",,not_retained,2,0,1ce0689651dc53c4cadacb00e43287b120ab03f27904d10dc7e2470a5f9d4dba,report; resolved target taxon; family-state collapse,report,resolved_target,family_state,primary_comparisons_and_primary_evidence_tiers
vu_report__taxon_resolved_target__comparison_family_state,Gemmiger,1,0,"{""decreased_in_AH"":1,""increased_in_AH"":0}","{""decreased_in_AH"":{""conflicts"":0,""opposition"":0,""passes"":false,""support"":1},""increased_in_AH"":{""conflicts"":0,""opposition"":1,""passes"":false,""support"":0}}",,not_retained,2,0,1ce0689651dc53c4cadacb00e43287b120ab03f27904d10dc7e2470a5f9d4dba,report; resolved target taxon; family-state collapse,report,resolved_target,family_state,primary_comparisons_and_primary_evidence_tiers
vu_report__taxon_resolved_target__comparison_family_state,Klebsiella,1,0,"{""decreased_in_AH"":0,""increased_in_AH"":1}","{""decreased_in_AH"":{""conflicts"":0,""opposition"":1,""passes"":false,""support"":0},""increased_in_AH"":{""conflicts"":0,""opposition"":0,""passes"":false,""support"":1}}",,not_retained,2,0,1ce0689651dc53c4cadacb00e43287b120ab03f27904d10dc7e2470a5f9d4dba,report; resolved target taxon; family-state collapse,report,resolved_target,family_state,primary_comparisons_and_primary_evidence_tiers
vu_report__taxon_resolved_target__comparison_family_state,Leyella,1,0,"{""decreased_in_AH"":1,""increased_in_AH"":0}","{""decreased_in_AH"":{""conflicts"":0,""opposition"":0,""passes"":false,""support"":1},""increased_in_AH"":{""conflicts"":0,""opposition"":1,""passes"":false,""support"":0}}",,not_retained,2,0,1ce0689651dc53c4cadacb00e43287b120ab03f27904d10dc7e2470a5f9d4dba,report; resolved target taxon; family-state collapse,report,resolved_target,family_state,primary_comparisons_and_primary_evidence_tiers
vu_report__taxon_resolved_target__comparison_family_state,Oscillibacter,1,0,"{""decreased_in_AH"":1,""increased_in_AH"":0}","{""decreased_in_AH"":{""conflicts"":0,""opposition"":0,""passes"":false,""support"":1},""increased_in_AH"":{""conflicts"":0,""opposition"":1,""passes"":false,""support"":0}}",,not_retained,2,0,1ce0689651dc53c4cadacb00e43287b120ab03f27904d10dc7e2470a5f9d4dba,report; resolved target taxon; family-state collapse,report,resolved_target,family_state,primary_comparisons_and_primary_evidence_tiers
vu_report__taxon_resolved_target__comparison_family_state,Parabacteroides,1,0,"{""decreased_in_AH"":0,""increased_in_AH"":1}","{""decreased_in_AH"":{""conflicts"":0,""opposition"":1,""passes"":false,""support"":0},""increased_in_AH"":{""conflicts"":0,""opposition"":0,""passes"":false,""support"":1}}",,not_retained,2,0,1ce0689651dc53c4cadacb00e43287b120ab03f27904d10dc7e2470a5f9d4dba,report; resolved target taxon; family-state collapse,report,resolved_target,family_state,primary_comparisons_and_primary_evidence_tiers
vu_report__taxon_resolved_target__comparison_family_state,Phocaeicola,1,0,"{""decreased_in_AH"":1,""increased_in_AH"":0}","{""decreased_in_AH"":{""conflicts"":0,""opposition"":0,""passes"":false,""support"":1},""increased_in_AH"":{""conflicts"":0,""opposition"":1,""passes"":false,""support"":0}}",,not_retained,2,0,1ce0689651dc53c4cadacb00e43287b120ab03f27904d10dc7e2470a5f9d4dba,report; resolved target taxon; family-state collapse,report,resolved_target,family_state,primary_comparisons_and_primary_evidence_tiers
vu_report__taxon_resolved_target__comparison_family_state,Segatella,1,0,"{""decreased_in_AH"":1,""increased_in_AH"":0}","{""decreased_in_AH"":{""conflicts"":0,""opposition"":0,""passes"":false,""support"":1},""increased_in_AH"":{""conflicts"":0,""opposition"":1,""passes"":false,""support"":0}}",,not_retained,2,0,1ce0689651dc53c4cadacb00e43287b120ab03f27904d10dc7e2470a5f9d4dba,report; resolved target taxon; family-state collapse,report,resolved_target,family_state,primary_comparisons_and_primary_evidence_tiers
vu_report__taxon_resolved_target__comparison_family_state,Streptococcus,1,0,"{""decreased_in_AH"":0,""increased_in_AH"":1}","{""decreased_in_AH"":{""conflicts"":0,""opposition"":1,""passes"":false,""support"":0},""increased_in_AH"":{""conflicts"":0,""opposition"":0,""passes"":false,""support"":1}}",,not_retained,2,0,1ce0689651dc53c4cadacb00e43287b120ab03f27904d10dc7e2470a5f9d4dba,report; resolved target taxon; family-state collapse,report,resolved_target,family_state,primary_comparisons_and_primary_evidence_tiers
vu_report__taxon_resolved_target__comparison_family_state,Succinivibrio,1,0,"{""decreased_in_AH"":1,""increased_in_AH"":0}","{""decreased_in_AH"":{""conflicts"":0,""opposition"":0,""passes"":false,""support"":1},""increased_in_AH"":{""conflicts"":0,""opposition"":1,""passes"":false,""support"":0}}",,not_retained,2,0,1ce0689651dc53c4cadacb00e43287b120ab03f27904d10dc7e2470a5f9d4dba,report; resolved target taxon; family-state collapse,report,resolved_target,family_state,primary_comparisons_and_primary_evidence_tiers
vu_report__taxon_resolved_target__comparison_family_state,Sutterella,1,0,"{""decreased_in_AH"":1,""increased_in_AH"":0}","{""decreased_in_AH"":{""conflicts"":0,""opposition"":0,""passes"":false,""support"":1},""increased_in_AH"":{""conflicts"":0,""opposition"":1,""passes"":false,""support"":0}}",,not_retained,2,0,1ce0689651dc53c4cadacb00e43287b120ab03f27904d10dc7e2470a5f9d4dba,report; resolved target taxon; family-state collapse,report,resolved_target,family_state,primary_comparisons_and_primary_evidence_tiers
vu_report__taxon_resolved_target__comparison_family_state,Veillonella,2,0,"{""decreased_in_AH"":0,""increased_in_AH"":2}","{""decreased_in_AH"":{""conflicts"":0,""opposition"":2,""passes"":false,""support"":0},""increased_in_AH"":{""conflicts"":0,""opposition"":0,""passes"":true,""support"":2}}",increased_in_AH,retained,2,0,1ce0689651dc53c4cadacb00e43287b120ab03f27904d10dc7e2470a5f9d4dba,report; resolved target taxon; family-state collapse,report,resolved_target,family_state,primary_comparisons_and_primary_evidence_tiers
vu_report__taxon_resolved_target__comparison_family_state,Victivallis,1,0,"{""decreased_in_AH"":1,""increased_in_AH"":0}","{""decreased_in_AH"":{""conflicts"":0,""opposition"":0,""passes"":false,""support"":1},""increased_in_AH"":{""conflicts"":0,""opposition"":1,""passes"":false,""support"":0}}",,not_retained,2,0,1ce0689651dc53c4cadacb00e43287b120ab03f27904d10dc7e2470a5f9d4dba,report; resolved target taxon; family-state collapse,report,resolved_target,family_state,primary_comparisons_and_primary_evidence_tiers
vu_report__taxon_resolved_target__comparison_ignore,Alistipes,1,0,"{""decreased_in_AH"":1,""increased_in_AH"":0}","{""decreased_in_AH"":{""conflicts"":0,""opposition"":0,""passes"":false,""support"":1},""increased_in_AH"":{""conflicts"":0,""opposition"":1,""passes"":false,""support"":0}}",,not_retained,2,0,1ce0689651dc53c4cadacb00e43287b120ab03f27904d10dc7e2470a5f9d4dba,report; resolved target taxon; comparisons ignored,report,resolved_target,ignore,primary_comparisons_and_primary_evidence_tiers
vu_report__taxon_resolved_target__comparison_ignore,Bacteroides,1,0,"{""decreased_in_AH"":0,""increased_in_AH"":1}","{""decreased_in_AH"":{""conflicts"":0,""opposition"":1,""passes"":false,""support"":0},""increased_in_AH"":{""conflicts"":0,""opposition"":0,""passes"":false,""support"":1}}",,not_retained,2,0,1ce0689651dc53c4cadacb00e43287b120ab03f27904d10dc7e2470a5f9d4dba,report; resolved target taxon; comparisons ignored,report,resolved_target,ignore,primary_comparisons_and_primary_evidence_tiers
vu_report__taxon_resolved_target__comparison_ignore,Desulfovibrio,1,0,"{""decreased_in_AH"":1,""increased_in_AH"":0}","{""decreased_in_AH"":{""conflicts"":0,""opposition"":0,""passes"":false,""support"":1},""increased_in_AH"":{""conflicts"":0,""opposition"":1,""passes"":false,""support"":0}}",,not_retained,2,0,1ce0689651dc53c4cadacb00e43287b120ab03f27904d10dc7e2470a5f9d4dba,report; resolved target taxon; comparisons ignored,report,resolved_target,ignore,primary_comparisons_and_primary_evidence_tiers
vu_report__taxon_resolved_target__comparison_ignore,Dialister,2,0,"{""decreased_in_AH"":2,""increased_in_AH"":0}","{""decreased_in_AH"":{""conflicts"":0,""opposition"":0,""passes"":true,""support"":2},""increased_in_AH"":{""conflicts"":0,""opposition"":2,""passes"":false,""support"":0}}",decreased_in_AH,retained,2,0,1ce0689651dc53c4cadacb00e43287b120ab03f27904d10dc7e2470a5f9d4dba,report; resolved target taxon; comparisons ignored,report,resolved_target,ignore,primary_comparisons_and_primary_evidence_tiers
vu_report__taxon_resolved_target__comparison_ignore,Enterocloster,1,0,"{""decreased_in_AH"":0,""increased_in_AH"":1}","{""decreased_in_AH"":{""conflicts"":0,""opposition"":1,""passes"":false,""support"":0},""increased_in_AH"":{""conflicts"":0,""opposition"":0,""passes"":false,""support"":1}}",,not_retained,2,0,1ce0689651dc53c4cadacb00e43287b120ab03f27904d10dc7e2470a5f9d4dba,report; resolved target taxon; comparisons ignored,report,resolved_target,ignore,primary_comparisons_and_primary_evidence_tiers
vu_report__taxon_resolved_target__comparison_ignore,Enterococcus,1,0,"{""decreased_in_AH"":0,""increased_in_AH"":1}","{""decreased_in_AH"":{""conflicts"":0,""opposition"":1,""passes"":false,""support"":0},""increased_in_AH"":{""conflicts"":0,""opposition"":0,""passes"":false,""support"":1}}",,not_retained,2,0,1ce0689651dc53c4cadacb00e43287b120ab03f27904d10dc7e2470a5f9d4dba,report; resolved target taxon; comparisons ignored,report,resolved_target,ignore,primary_comparisons_and_primary_evidence_tiers
vu_report__taxon_resolved_target__comparison_ignore,Gemmiger,1,0,"{""decreased_in_AH"":1,""increased_in_AH"":0}","{""decreased_in_AH"":{""conflicts"":0,""opposition"":0,""passes"":false,""support"":1},""increased_in_AH"":{""conflicts"":0,""opposition"":1,""passes"":false,""support"":0}}",,not_retained,2,0,1ce0689651dc53c4cadacb00e43287b120ab03f27904d10dc7e2470a5f9d4dba,report; resolved target taxon; comparisons ignored,report,resolved_target,ignore,primary_comparisons_and_primary_evidence_tiers
vu_report__taxon_resolved_target__comparison_ignore,Klebsiella,1,0,"{""decreased_in_AH"":0,""increased_in_AH"":1}","{""decreased_in_AH"":{""conflicts"":0,""opposition"":1,""passes"":false,""support"":0},""increased_in_AH"":{""conflicts"":0,""opposition"":0,""passes"":false,""support"":1}}",,not_retained,2,0,1ce0689651dc53c4cadacb00e43287b120ab03f27904d10dc7e2470a5f9d4dba,report; resolved target taxon; comparisons ignored,report,resolved_target,ignore,primary_comparisons_and_primary_evidence_tiers
vu_report__taxon_resolved_target__comparison_ignore,Leyella,1,0,"{""decreased_in_AH"":1,""increased_in_AH"":0}","{""decreased_in_AH"":{""conflicts"":0,""opposition"":0,""passes"":false,""support"":1},""increased_in_AH"":{""conflicts"":0,""opposition"":1,""passes"":false,""support"":0}}",,not_retained,2,0,1ce0689651dc53c4cadacb00e43287b120ab03f27904d10dc7e2470a5f9d4dba,report; resolved target taxon; comparisons ignored,report,resolved_target,ignore,primary_comparisons_and_primary_evidence_tiers
vu_report__taxon_resolved_target__comparison_ignore,Oscillibacter,1,0,"{""decreased_in_AH"":1,""increased_in_AH"":0}","{""decreased_in_AH"":{""conflicts"":0,""opposition"":0,""passes"":false,""support"":1},""increased_in_AH"":{""conflicts"":0,""opposition"":1,""passes"":false,""support"":0}}",,not_retained,2,0,1ce0689651dc53c4cadacb00e43287b120ab03f27904d10dc7e2470a5f9d4dba,report; resolved target taxon; comparisons ignored,report,resolved_target,ignore,primary_comparisons_and_primary_evidence_tiers
vu_report__taxon_resolved_target__comparison_ignore,Parabacteroides,1,0,"{""decreased_in_AH"":0,""increased_in_AH"":1}","{""decreased_in_AH"":{""conflicts"":0,""opposition"":1,""passes"":false,""support"":0},""increased_in_AH"":{""conflicts"":0,""opposition"":0,""passes"":false,""support"":1}}",,not_retained,2,0,1ce0689651dc53c4cadacb00e43287b120ab03f27904d10dc7e2470a5f9d4dba,report; resolved target taxon; comparisons ignored,report,resolved_target,ignore,primary_comparisons_and_primary_evidence_tiers
vu_report__taxon_resolved_target__comparison_ignore,Phocaeicola,1,0,"{""decreased_in_AH"":1,""increased_in_AH"":0}","{""decreased_in_AH"":{""conflicts"":0,""opposition"":0,""passes"":false,""support"":1},""increased_in_AH"":{""conflicts"":0,""opposition"":1,""passes"":false,""support"":0}}",,not_retained,2,0,1ce0689651dc53c4cadacb00e43287b120ab03f27904d10dc7e2470a5f9d4dba,report; resolved target taxon; comparisons ignored,report,resolved_target,ignore,primary_comparisons_and_primary_evidence_tiers
vu_report__taxon_resolved_target__comparison_ignore,Segatella,1,0,"{""decreased_in_AH"":1,""increased_in_AH"":0}","{""decreased_in_AH"":{""conflicts"":0,""opposition"":0,""passes"":false,""support"":1},""increased_in_AH"":{""conflicts"":0,""opposition"":1,""passes"":false,""support"":0}}",,not_retained,2,0,1ce0689651dc53c4cadacb00e43287b120ab03f27904d10dc7e2470a5f9d4dba,report; resolved target taxon; comparisons ignored,report,resolved_target,ignore,primary_comparisons_and_primary_evidence_tiers
vu_report__taxon_resolved_target__comparison_ignore,Streptococcus,1,0,"{""decreased_in_AH"":0,""increased_in_AH"":1}","{""decreased_in_AH"":{""conflicts"":0,""opposition"":1,""passes"":false,""support"":0},""increased_in_AH"":{""conflicts"":0,""opposition"":0,""passes"":false,""support"":1}}",,not_retained,2,0,1ce0689651dc53c4cadacb00e43287b120ab03f27904d10dc7e2470a5f9d4dba,report; resolved target taxon; comparisons ignored,report,resolved_target,ignore,primary_comparisons_and_primary_evidence_tiers
vu_report__taxon_resolved_target__comparison_ignore,Succinivibrio,1,0,"{""decreased_in_AH"":1,""increased_in_AH"":0}","{""decreased_in_AH"":{""conflicts"":0,""opposition"":0,""passes"":false,""support"":1},""increased_in_AH"":{""conflicts"":0,""opposition"":1,""passes"":false,""support"":0}}",,not_retained,2,0,1ce0689651dc53c4cadacb00e43287b120ab03f27904d10dc7e2470a5f9d4dba,report; resolved target taxon; comparisons ignored,report,resolved_target,ignore,primary_comparisons_and_primary_evidence_tiers
vu_report__taxon_resolved_target__comparison_ignore,Sutterella,1,0,"{""decreased_in_AH"":1,""increased_in_AH"":0}","{""decreased_in_AH"":{""conflicts"":0,""opposition"":0,""passes"":false,""support"":1},""increased_in_AH"":{""conflicts"":0,""opposition"":1,""passes"":false,""support"":0}}",,not_retained,2,0,1ce0689651dc53c4cadacb00e43287b120ab03f27904d10dc7e2470a5f9d4dba,report; resolved target taxon; comparisons ignored,report,resolved_target,ignore,primary_comparisons_and_primary_evidence_tiers
vu_report__taxon_resolved_target__comparison_ignore,Veillonella,2,0,"{""decreased_in_AH"":0,""increased_in_AH"":2}","{""decreased_in_AH"":{""conflicts"":0,""opposition"":2,""passes"":false,""support"":0},""increased_in_AH"":{""conflicts"":0,""opposition"":0,""passes"":true,""support"":2}}",increased_in_AH,retained,2,0,1ce0689651dc53c4cadacb00e43287b120ab03f27904d10dc7e2470a5f9d4dba,report; resolved target taxon; comparisons ignored,report,resolved_target,ignore,primary_comparisons_and_primary_evidence_tiers
vu_report__taxon_resolved_target__comparison_ignore,Victivallis,1,0,"{""decreased_in_AH"":1,""increased_in_AH"":0}","{""decreased_in_AH"":{""conflicts"":0,""opposition"":0,""passes"":false,""support"":1},""increased_in_AH"":{""conflicts"":0,""opposition"":1,""passes"":false,""support"":0}}",,not_retained,2,0,1ce0689651dc53c4cadacb00e43287b120ab03f27904d10dc7e2470a5f9d4dba,report; resolved target taxon; comparisons ignored,report,resolved_target,ignore,primary_comparisons_and_primary_evidence_tiers
vu_report__taxon_resolved_target__comparison_separate_votes,Alistipes,1,0,"{""decreased_in_AH"":1,""increased_in_AH"":0}","{""decreased_in_AH"":{""conflicts"":0,""opposition"":0,""passes"":false,""support"":1},""increased_in_AH"":{""conflicts"":0,""opposition"":1,""passes"":false,""support"":0}}",,not_retained,2,0,1ce0689651dc53c4cadacb00e43287b120ab03f27904d10dc7e2470a5f9d4dba,report; resolved target taxon; comparison-specific votes,report,resolved_target,separate_votes,primary_comparisons_and_primary_evidence_tiers
vu_report__taxon_resolved_target__comparison_separate_votes,Bacteroides,1,0,"{""decreased_in_AH"":0,""increased_in_AH"":1}","{""decreased_in_AH"":{""conflicts"":0,""opposition"":1,""passes"":false,""support"":0},""increased_in_AH"":{""conflicts"":0,""opposition"":0,""passes"":false,""support"":1}}",,not_retained,2,0,1ce0689651dc53c4cadacb00e43287b120ab03f27904d10dc7e2470a5f9d4dba,report; resolved target taxon; comparison-specific votes,report,resolved_target,separate_votes,primary_comparisons_and_primary_evidence_tiers
vu_report__taxon_resolved_target__comparison_separate_votes,Desulfovibrio,1,0,"{""decreased_in_AH"":1,""increased_in_AH"":0}","{""decreased_in_AH"":{""conflicts"":0,""opposition"":0,""passes"":false,""support"":1},""increased_in_AH"":{""conflicts"":0,""opposition"":1,""passes"":false,""support"":0}}",,not_retained,2,0,1ce0689651dc53c4cadacb00e43287b120ab03f27904d10dc7e2470a5f9d4dba,report; resolved target taxon; comparison-specific votes,report,resolved_target,separate_votes,primary_comparisons_and_primary_evidence_tiers
vu_report__taxon_resolved_target__comparison_separate_votes,Dialister,2,0,"{""decreased_in_AH"":2,""increased_in_AH"":0}","{""decreased_in_AH"":{""conflicts"":0,""opposition"":0,""passes"":true,""support"":2},""increased_in_AH"":{""conflicts"":0,""opposition"":2,""passes"":false,""support"":0}}",decreased_in_AH,retained,2,0,1ce0689651dc53c4cadacb00e43287b120ab03f27904d10dc7e2470a5f9d4dba,report; resolved target taxon; comparison-specific votes,report,resolved_target,separate_votes,primary_comparisons_and_primary_evidence_tiers
vu_report__taxon_resolved_target__comparison_separate_votes,Enterocloster,1,0,"{""decreased_in_AH"":0,""increased_in_AH"":1}","{""decreased_in_AH"":{""conflicts"":0,""opposition"":1,""passes"":false,""support"":0},""increased_in_AH"":{""conflicts"":0,""opposition"":0,""passes"":false,""support"":1}}",,not_retained,2,0,1ce0689651dc53c4cadacb00e43287b120ab03f27904d10dc7e2470a5f9d4dba,report; resolved target taxon; comparison-specific votes,report,resolved_target,separate_votes,primary_comparisons_and_primary_evidence_tiers
vu_report__taxon_resolved_target__comparison_separate_votes,Enterococcus,1,0,"{""decreased_in_AH"":0,""increased_in_AH"":1}","{""decreased_in_AH"":{""conflicts"":0,""opposition"":1,""passes"":false,""support"":0},""increased_in_AH"":{""conflicts"":0,""opposition"":0,""passes"":false,""support"":1}}",,not_retained,2,0,1ce0689651dc53c4cadacb00e43287b120ab03f27904d10dc7e2470a5f9d4dba,report; resolved target taxon; comparison-specific votes,report,resolved_target,separate_votes,primary_comparisons_and_primary_evidence_tiers
vu_report__taxon_resolved_target__comparison_separate_votes,Gemmiger,1,0,"{""decreased_in_AH"":1,""increased_in_AH"":0}","{""decreased_in_AH"":{""conflicts"":0,""opposition"":0,""passes"":false,""support"":1},""increased_in_AH"":{""conflicts"":0,""opposition"":1,""passes"":false,""support"":0}}",,not_retained,2,0,1ce0689651dc53c4cadacb00e43287b120ab03f27904d10dc7e2470a5f9d4dba,report; resolved target taxon; comparison-specific votes,report,resolved_target,separate_votes,primary_comparisons_and_primary_evidence_tiers
vu_report__taxon_resolved_target__comparison_separate_votes,Klebsiella,1,0,"{""decreased_in_AH"":0,""increased_in_AH"":1}","{""decreased_in_AH"":{""conflicts"":0,""opposition"":1,""passes"":false,""support"":0},""increased_in_AH"":{""conflicts"":0,""opposition"":0,""passes"":false,""support"":1}}",,not_retained,2,0,1ce0689651dc53c4cadacb00e43287b120ab03f27904d10dc7e2470a5f9d4dba,report; resolved target taxon; comparison-specific votes,report,resolved_target,separate_votes,primary_comparisons_and_primary_evidence_tiers
vu_report__taxon_resolved_target__comparison_separate_votes,Leyella,1,0,"{""decreased_in_AH"":1,""increased_in_AH"":0}","{""decreased_in_AH"":{""conflicts"":0,""opposition"":0,""passes"":false,""support"":1},""increased_in_AH"":{""conflicts"":0,""opposition"":1,""passes"":false,""support"":0}}",,not_retained,2,0,1ce0689651dc53c4cadacb00e43287b120ab03f27904d10dc7e2470a5f9d4dba,report; resolved target taxon; comparison-specific votes,report,resolved_target,separate_votes,primary_comparisons_and_primary_evidence_tiers
vu_report__taxon_resolved_target__comparison_separate_votes,Oscillibacter,1,0,"{""decreased_in_AH"":1,""increased_in_AH"":0}","{""decreased_in_AH"":{""conflicts"":0,""opposition"":0,""passes"":false,""support"":1},""increased_in_AH"":{""conflicts"":0,""opposition"":1,""passes"":false,""support"":0}}",,not_retained,2,0,1ce0689651dc53c4cadacb00e43287b120ab03f27904d10dc7e2470a5f9d4dba,report; resolved target taxon; comparison-specific votes,report,resolved_target,separate_votes,primary_comparisons_and_primary_evidence_tiers
vu_report__taxon_resolved_target__comparison_separate_votes,Parabacteroides,1,0,"{""decreased_in_AH"":0,""increased_in_AH"":1}","{""decreased_in_AH"":{""conflicts"":0,""opposition"":1,""passes"":false,""support"":0},""increased_in_AH"":{""conflicts"":0,""opposition"":0,""passes"":false,""support"":1}}",,not_retained,2,0,1ce0689651dc53c4cadacb00e43287b120ab03f27904d10dc7e2470a5f9d4dba,report; resolved target taxon; comparison-specific votes,report,resolved_target,separate_votes,primary_comparisons_and_primary_evidence_tiers
vu_report__taxon_resolved_target__comparison_separate_votes,Phocaeicola,1,0,"{""decreased_in_AH"":1,""increased_in_AH"":0}","{""decreased_in_AH"":{""conflicts"":0,""opposition"":0,""passes"":false,""support"":1},""increased_in_AH"":{""conflicts"":0,""opposition"":1,""passes"":false,""support"":0}}",,not_retained,2,0,1ce0689651dc53c4cadacb00e43287b120ab03f27904d10dc7e2470a5f9d4dba,report; resolved target taxon; comparison-specific votes,report,resolved_target,separate_votes,primary_comparisons_and_primary_evidence_tiers
vu_report__taxon_resolved_target__comparison_separate_votes,Segatella,1,0,"{""decreased_in_AH"":1,""increased_in_AH"":0}","{""decreased_in_AH"":{""conflicts"":0,""opposition"":0,""passes"":false,""support"":1},""increased_in_AH"":{""conflicts"":0,""opposition"":1,""passes"":false,""support"":0}}",,not_retained,2,0,1ce0689651dc53c4cadacb00e43287b120ab03f27904d10dc7e2470a5f9d4dba,report; resolved target taxon; comparison-specific votes,report,resolved_target,separate_votes,primary_comparisons_and_primary_evidence_tiers
vu_report__taxon_resolved_target__comparison_separate_votes,Streptococcus,1,0,"{""decreased_in_AH"":0,""increased_in_AH"":1}","{""decreased_in_AH"":{""conflicts"":0,""opposition"":1,""passes"":false,""support"":0},""increased_in_AH"":{""conflicts"":0,""opposition"":0,""passes"":false,""support"":1}}",,not_retained,2,0,1ce0689651dc53c4cadacb00e43287b120ab03f27904d10dc7e2470a5f9d4dba,report; resolved target taxon; comparison-specific votes,report,resolved_target,separate_votes,primary_comparisons_and_primary_evidence_tiers
vu_report__taxon_resolved_target__comparison_separate_votes,Succinivibrio,1,0,"{""decreased_in_AH"":1,""increased_in_AH"":0}","{""decreased_in_AH"":{""conflicts"":0,""opposition"":0,""passes"":false,""support"":1},""increased_in_AH"":{""conflicts"":0,""opposition"":1,""passes"":false,""support"":0}}",,not_retained,2,0,1ce0689651dc53c4cadacb00e43287b120ab03f27904d10dc7e2470a5f9d4dba,report; resolved target taxon; comparison-specific votes,report,resolved_target,separate_votes,primary_comparisons_and_primary_evidence_tiers
vu_report__taxon_resolved_target__comparison_separate_votes,Sutterella,1,0,"{""decreased_in_AH"":1,""increased_in_AH"":0}","{""decreased_in_AH"":{""conflicts"":0,""opposition"":0,""passes"":false,""support"":1},""increased_in_AH"":{""conflicts"":0,""opposition"":1,""passes"":false,""support"":0}}",,not_retained,2,0,1ce0689651dc53c4cadacb00e43287b120ab03f27904d10dc7e2470a5f9d4dba,report; resolved target taxon; comparison-specific votes,report,resolved_target,separate_votes,primary_comparisons_and_primary_evidence_tiers
vu_report__taxon_resolved_target__comparison_separate_votes,Veillonella,2,0,"{""decreased_in_AH"":0,""increased_in_AH"":2}","{""decreased_in_AH"":{""conflicts"":0,""opposition"":2,""passes"":false,""support"":0},""increased_in_AH"":{""conflicts"":0,""opposition"":0,""passes"":true,""support"":2}}",increased_in_AH,retained,2,0,1ce0689651dc53c4cadacb00e43287b120ab03f27904d10dc7e2470a5f9d4dba,report; resolved target taxon; comparison-specific votes,report,resolved_target,separate_votes,primary_comparisons_and_primary_evidence_tiers
vu_report__taxon_resolved_target__comparison_separate_votes,Victivallis,1,0,"{""decreased_in_AH"":1,""increased_in_AH"":0}","{""decreased_in_AH"":{""conflicts"":0,""opposition"":0,""passes"":false,""support"":1},""increased_in_AH"":{""conflicts"":0,""opposition"":1,""passes"":false,""support"":0}}",,not_retained,2,0,1ce0689651dc53c4cadacb00e43287b120ab03f27904d10dc7e2470a5f9d4dba,report; resolved target taxon; comparison-specific votes,report,resolved_target,separate_votes,primary_comparisons_and_primary_evidence_tiers
vu_report__taxon_source_label__comparison_family_state,Alistipes,1,0,"{""decreased_in_AH"":1,""increased_in_AH"":0}","{""decreased_in_AH"":{""conflicts"":0,""opposition"":0,""passes"":false,""support"":1},""increased_in_AH"":{""conflicts"":0,""opposition"":1,""passes"":false,""support"":0}}",,not_retained,2,0,1ce0689651dc53c4cadacb00e43287b120ab03f27904d10dc7e2470a5f9d4dba,report; source label; family-state collapse,report,source_label,family_state,primary_comparisons_and_primary_evidence_tiers
vu_report__taxon_source_label__comparison_family_state,Alistipes putredinis,1,0,"{""decreased_in_AH"":1,""increased_in_AH"":0}","{""decreased_in_AH"":{""conflicts"":0,""opposition"":0,""passes"":false,""support"":1},""increased_in_AH"":{""conflicts"":0,""opposition"":1,""passes"":false,""support"":0}}",,not_retained,2,0,1ce0689651dc53c4cadacb00e43287b120ab03f27904d10dc7e2470a5f9d4dba,report; source label; family-state collapse,report,source_label,family_state,primary_comparisons_and_primary_evidence_tiers
vu_report__taxon_source_label__comparison_family_state,Bacteroides finegoldii,1,0,"{""decreased_in_AH"":0,""increased_in_AH"":1}","{""decreased_in_AH"":{""conflicts"":0,""opposition"":1,""passes"":false,""support"":0},""increased_in_AH"":{""conflicts"":0,""opposition"":0,""passes"":false,""support"":1}}",,not_retained,2,0,1ce0689651dc53c4cadacb00e43287b120ab03f27904d10dc7e2470a5f9d4dba,report; source label; family-state collapse,report,source_label,family_state,primary_comparisons_and_primary_evidence_tiers
vu_report__taxon_source_label__comparison_family_state,Bacteroides plebeius,1,0,"{""decreased_in_AH"":1,""increased_in_AH"":0}","{""decreased_in_AH"":{""conflicts"":0,""opposition"":0,""passes"":false,""support"":1},""increased_in_AH"":{""conflicts"":0,""opposition"":1,""passes"":false,""support"":0}}",,not_retained,2,0,1ce0689651dc53c4cadacb00e43287b120ab03f27904d10dc7e2470a5f9d4dba,report; source label; family-state collapse,report,source_label,family_state,primary_comparisons_and_primary_evidence_tiers
vu_report__taxon_source_label__comparison_family_state,Bacteroides thetaiotaomicron,1,0,"{""decreased_in_AH"":0,""increased_in_AH"":1}","{""decreased_in_AH"":{""conflicts"":0,""opposition"":1,""passes"":false,""support"":0},""increased_in_AH"":{""conflicts"":0,""opposition"":0,""passes"":false,""support"":1}}",,not_retained,2,0,1ce0689651dc53c4cadacb00e43287b120ab03f27904d10dc7e2470a5f9d4dba,report; source label; family-state collapse,report,source_label,family_state,primary_comparisons_and_primary_evidence_tiers
vu_report__taxon_source_label__comparison_family_state,Clostridium aldenense,1,0,"{""decreased_in_AH"":0,""increased_in_AH"":1}","{""decreased_in_AH"":{""conflicts"":0,""opposition"":1,""passes"":false,""support"":0},""increased_in_AH"":{""conflicts"":0,""opposition"":0,""passes"":false,""support"":1}}",,not_retained,2,0,1ce0689651dc53c4cadacb00e43287b120ab03f27904d10dc7e2470a5f9d4dba,report; source label; family-state collapse,report,source_label,family_state,primary_comparisons_and_primary_evidence_tiers
vu_report__taxon_source_label__comparison_family_state,Desulfovibrio piger,1,0,"{""decreased_in_AH"":1,""increased_in_AH"":0}","{""decreased_in_AH"":{""conflicts"":0,""opposition"":0,""passes"":false,""support"":1},""increased_in_AH"":{""conflicts"":0,""opposition"":1,""passes"":false,""support"":0}}",,not_retained,2,0,1ce0689651dc53c4cadacb00e43287b120ab03f27904d10dc7e2470a5f9d4dba,report; source label; family-state collapse,report,source_label,family_state,primary_comparisons_and_primary_evidence_tiers
vu_report__taxon_source_label__comparison_family_state,Dialister,1,0,"{""decreased_in_AH"":1,""increased_in_AH"":0}","{""decreased_in_AH"":{""conflicts"":0,""opposition"":0,""passes"":false,""support"":1},""increased_in_AH"":{""conflicts"":0,""opposition"":1,""passes"":false,""support"":0}}",,not_retained,2,0,1ce0689651dc53c4cadacb00e43287b120ab03f27904d10dc7e2470a5f9d4dba,report; source label; family-state collapse,report,source_label,family_state,primary_comparisons_and_primary_evidence_tiers
vu_report__taxon_source_label__comparison_family_state,Dialister succinatiphilus,1,0,"{""decreased_in_AH"":1,""increased_in_AH"":0}","{""decreased_in_AH"":{""conflicts"":0,""opposition"":0,""passes"":false,""support"":1},""increased_in_AH"":{""conflicts"":0,""opposition"":1,""passes"":false,""support"":0}}",,not_retained,2,0,1ce0689651dc53c4cadacb00e43287b120ab03f27904d10dc7e2470a5f9d4dba,report; source label; family-state collapse,report,source_label,family_state,primary_comparisons_and_primary_evidence_tiers
vu_report__taxon_source_label__comparison_family_state,Enterococcus,1,0,"{""decreased_in_AH"":0,""increased_in_AH"":1}","{""decreased_in_AH"":{""conflicts"":0,""opposition"":1,""passes"":false,""support"":0},""increased_in_AH"":{""conflicts"":0,""opposition"":0,""passes"":false,""support"":1}}",,not_retained,2,0,1ce0689651dc53c4cadacb00e43287b120ab03f27904d10dc7e2470a5f9d4dba,report; source label; family-state collapse,report,source_label,family_state,primary_comparisons_and_primary_evidence_tiers
vu_report__taxon_source_label__comparison_family_state,Enterococcus faecium group,1,0,"{""decreased_in_AH"":0,""increased_in_AH"":1}","{""decreased_in_AH"":{""conflicts"":0,""opposition"":1,""passes"":false,""support"":0},""increased_in_AH"":{""conflicts"":0,""opposition"":0,""passes"":false,""support"":1}}",,not_retained,2,0,1ce0689651dc53c4cadacb00e43287b120ab03f27904d10dc7e2470a5f9d4dba,report; source label; family-state collapse,report,source_label,family_state,primary_comparisons_and_primary_evidence_tiers
vu_report__taxon_source_label__comparison_family_state,Gemmiger formicilis,1,0,"{""decreased_in_AH"":1,""increased_in_AH"":0}","{""decreased_in_AH"":{""conflicts"":0,""opposition"":0,""passes"":false,""support"":1},""increased_in_AH"":{""conflicts"":0,""opposition"":1,""passes"":false,""support"":0}}",,not_retained,2,0,1ce0689651dc53c4cadacb00e43287b120ab03f27904d10dc7e2470a5f9d4dba,report; source label; family-state collapse,report,source_label,family_state,primary_comparisons_and_primary_evidence_tiers
vu_report__taxon_source_label__comparison_family_state,Klebsiella pneumoniae,1,0,"{""decreased_in_AH"":0,""increased_in_AH"":1}","{""decreased_in_AH"":{""conflicts"":0,""opposition"":1,""passes"":false,""support"":0},""increased_in_AH"":{""conflicts"":0,""opposition"":0,""passes"":false,""support"":1}}",,not_retained,2,0,1ce0689651dc53c4cadacb00e43287b120ab03f27904d10dc7e2470a5f9d4dba,report; source label; family-state collapse,report,source_label,family_state,primary_comparisons_and_primary_evidence_tiers
vu_report__taxon_source_label__comparison_family_state,Klebsiella variicola,1,0,"{""decreased_in_AH"":0,""increased_in_AH"":1}","{""decreased_in_AH"":{""conflicts"":0,""opposition"":1,""passes"":false,""support"":0},""increased_in_AH"":{""conflicts"":0,""opposition"":0,""passes"":false,""support"":1}}",,not_retained,2,0,1ce0689651dc53c4cadacb00e43287b120ab03f27904d10dc7e2470a5f9d4dba,report; source label; family-state collapse,report,source_label,family_state,primary_comparisons_and_primary_evidence_tiers
vu_report__taxon_source_label__comparison_family_state,Oscillibacter,1,0,"{""decreased_in_AH"":1,""increased_in_AH"":0}","{""decreased_in_AH"":{""conflicts"":0,""opposition"":0,""passes"":false,""support"":1},""increased_in_AH"":{""conflicts"":0,""opposition"":1,""passes"":false,""support"":0}}",,not_retained,2,0,1ce0689651dc53c4cadacb00e43287b120ab03f27904d10dc7e2470a5f9d4dba,report; source label; family-state collapse,report,source_label,family_state,primary_comparisons_and_primary_evidence_tiers
vu_report__taxon_source_label__comparison_family_state,Parabacteroides distasonis,1,0,"{""decreased_in_AH"":0,""increased_in_AH"":1}","{""decreased_in_AH"":{""conflicts"":0,""opposition"":1,""passes"":false,""support"":0},""increased_in_AH"":{""conflicts"":0,""opposition"":0,""passes"":false,""support"":1}}",,not_retained,2,0,1ce0689651dc53c4cadacb00e43287b120ab03f27904d10dc7e2470a5f9d4dba,report; source label; family-state collapse,report,source_label,family_state,primary_comparisons_and_primary_evidence_tiers
vu_report__taxon_source_label__comparison_family_state,Prevotella copri,1,0,"{""decreased_in_AH"":1,""increased_in_AH"":0}","{""decreased_in_AH"":{""conflicts"":0,""opposition"":0,""passes"":false,""support"":1},""increased_in_AH"":{""conflicts"":0,""opposition"":1,""passes"":false,""support"":0}}",,not_retained,2,0,1ce0689651dc53c4cadacb00e43287b120ab03f27904d10dc7e2470a5f9d4dba,report; source label; family-state collapse,report,source_label,family_state,primary_comparisons_and_primary_evidence_tiers
vu_report__taxon_source_label__comparison_family_state,Prevotella stercorea,1,0,"{""decreased_in_AH"":1,""increased_in_AH"":0}","{""decreased_in_AH"":{""conflicts"":0,""opposition"":0,""passes"":false,""support"":1},""increased_in_AH"":{""conflicts"":0,""opposition"":1,""passes"":false,""support"":0}}",,not_retained,2,0,1ce0689651dc53c4cadacb00e43287b120ab03f27904d10dc7e2470a5f9d4dba,report; source label; family-state collapse,report,source_label,family_state,primary_comparisons_and_primary_evidence_tiers
vu_report__taxon_source_label__comparison_family_state,Streptococcus,1,0,"{""decreased_in_AH"":0,""increased_in_AH"":1}","{""decreased_in_AH"":{""conflicts"":0,""opposition"":1,""passes"":false,""support"":0},""increased_in_AH"":{""conflicts"":0,""opposition"":0,""passes"":false,""support"":1}}",,not_retained,2,0,1ce0689651dc53c4cadacb00e43287b120ab03f27904d10dc7e2470a5f9d4dba,report; source label; family-state collapse,report,source_label,family_state,primary_comparisons_and_primary_evidence_tiers
vu_report__taxon_source_label__comparison_family_state,Streptococcus pneumoniae group,1,0,"{""decreased_in_AH"":0,""increased_in_AH"":1}","{""decreased_in_AH"":{""conflicts"":0,""opposition"":1,""passes"":false,""support"":0},""increased_in_AH"":{""conflicts"":0,""opposition"":0,""passes"":false,""support"":1}}",,not_retained,2,0,1ce0689651dc53c4cadacb00e43287b120ab03f27904d10dc7e2470a5f9d4dba,report; source label; family-state collapse,report,source_label,family_state,primary_comparisons_and_primary_evidence_tiers
vu_report__taxon_source_label__comparison_family_state,Succinivibrio dextrinosolvens,1,0,"{""decreased_in_AH"":1,""increased_in_AH"":0}","{""decreased_in_AH"":{""conflicts"":0,""opposition"":0,""passes"":false,""support"":1},""increased_in_AH"":{""conflicts"":0,""opposition"":1,""passes"":false,""support"":0}}",,not_retained,2,0,1ce0689651dc53c4cadacb00e43287b120ab03f27904d10dc7e2470a5f9d4dba,report; source label; family-state collapse,report,source_label,family_state,primary_comparisons_and_primary_evidence_tiers
vu_report__taxon_source_label__comparison_family_state,Sutterella sp.,1,0,"{""decreased_in_AH"":1,""increased_in_AH"":0}","{""decreased_in_AH"":{""conflicts"":0,""opposition"":0,""passes"":false,""support"":1},""increased_in_AH"":{""conflicts"":0,""opposition"":1,""passes"":false,""support"":0}}",,not_retained,2,0,1ce0689651dc53c4cadacb00e43287b120ab03f27904d10dc7e2470a5f9d4dba,report; source label; family-state collapse,report,source_label,family_state,primary_comparisons_and_primary_evidence_tiers
vu_report__taxon_source_label__comparison_family_state,Veillonella,1,0,"{""decreased_in_AH"":0,""increased_in_AH"":1}","{""decreased_in_AH"":{""conflicts"":0,""opposition"":1,""passes"":false,""support"":0},""increased_in_AH"":{""conflicts"":0,""opposition"":0,""passes"":false,""support"":1}}",,not_retained,2,0,1ce0689651dc53c4cadacb00e43287b120ab03f27904d10dc7e2470a5f9d4dba,report; source label; family-state collapse,report,source_label,family_state,primary_comparisons_and_primary_evidence_tiers
vu_report__taxon_source_label__comparison_family_state,Veillonella dispar,1,0,"{""decreased_in_AH"":0,""increased_in_AH"":1}","{""decreased_in_AH"":{""conflicts"":0,""opposition"":1,""passes"":false,""support"":0},""increased_in_AH"":{""conflicts"":0,""opposition"":0,""passes"":false,""support"":1}}",,not_retained,2,0,1ce0689651dc53c4cadacb00e43287b120ab03f27904d10dc7e2470a5f9d4dba,report; source label; family-state collapse,report,source_label,family_state,primary_comparisons_and_primary_evidence_tiers
vu_report__taxon_source_label__comparison_family_state,Veillonella parvula group,1,0,"{""decreased_in_AH"":0,""increased_in_AH"":1}","{""decreased_in_AH"":{""conflicts"":0,""opposition"":1,""passes"":false,""support"":0},""increased_in_AH"":{""conflicts"":0,""opposition"":0,""passes"":false,""support"":1}}",,not_retained,2,0,1ce0689651dc53c4cadacb00e43287b120ab03f27904d10dc7e2470a5f9d4dba,report; source label; family-state collapse,report,source_label,family_state,primary_comparisons_and_primary_evidence_tiers
vu_report__taxon_source_label__comparison_family_state,Victivallis vadensis,1,0,"{""decreased_in_AH"":1,""increased_in_AH"":0}","{""decreased_in_AH"":{""conflicts"":0,""opposition"":0,""passes"":false,""support"":1},""increased_in_AH"":{""conflicts"":0,""opposition"":1,""passes"":false,""support"":0}}",,not_retained,2,0,1ce0689651dc53c4cadacb00e43287b120ab03f27904d10dc7e2470a5f9d4dba,report; source label; family-state collapse,report,source_label,family_state,primary_comparisons_and_primary_evidence_tiers
vu_report__taxon_source_label__comparison_ignore,Alistipes,1,0,"{""decreased_in_AH"":1,""increased_in_AH"":0}","{""decreased_in_AH"":{""conflicts"":0,""opposition"":0,""passes"":false,""support"":1},""increased_in_AH"":{""conflicts"":0,""opposition"":1,""passes"":false,""support"":0}}",,not_retained,2,0,1ce0689651dc53c4cadacb00e43287b120ab03f27904d10dc7e2470a5f9d4dba,report; source label; comparisons ignored,report,source_label,ignore,primary_comparisons_and_primary_evidence_tiers
vu_report__taxon_source_label__comparison_ignore,Alistipes putredinis,1,0,"{""decreased_in_AH"":1,""increased_in_AH"":0}","{""decreased_in_AH"":{""conflicts"":0,""opposition"":0,""passes"":false,""support"":1},""increased_in_AH"":{""conflicts"":0,""opposition"":1,""passes"":false,""support"":0}}",,not_retained,2,0,1ce0689651dc53c4cadacb00e43287b120ab03f27904d10dc7e2470a5f9d4dba,report; source label; comparisons ignored,report,source_label,ignore,primary_comparisons_and_primary_evidence_tiers
vu_report__taxon_source_label__comparison_ignore,Bacteroides finegoldii,1,0,"{""decreased_in_AH"":0,""increased_in_AH"":1}","{""decreased_in_AH"":{""conflicts"":0,""opposition"":1,""passes"":false,""support"":0},""increased_in_AH"":{""conflicts"":0,""opposition"":0,""passes"":false,""support"":1}}",,not_retained,2,0,1ce0689651dc53c4cadacb00e43287b120ab03f27904d10dc7e2470a5f9d4dba,report; source label; comparisons ignored,report,source_label,ignore,primary_comparisons_and_primary_evidence_tiers
vu_report__taxon_source_label__comparison_ignore,Bacteroides plebeius,1,0,"{""decreased_in_AH"":1,""increased_in_AH"":0}","{""decreased_in_AH"":{""conflicts"":0,""opposition"":0,""passes"":false,""support"":1},""increased_in_AH"":{""conflicts"":0,""opposition"":1,""passes"":false,""support"":0}}",,not_retained,2,0,1ce0689651dc53c4cadacb00e43287b120ab03f27904d10dc7e2470a5f9d4dba,report; source label; comparisons ignored,report,source_label,ignore,primary_comparisons_and_primary_evidence_tiers
vu_report__taxon_source_label__comparison_ignore,Bacteroides thetaiotaomicron,1,0,"{""decreased_in_AH"":0,""increased_in_AH"":1}","{""decreased_in_AH"":{""conflicts"":0,""opposition"":1,""passes"":false,""support"":0},""increased_in_AH"":{""conflicts"":0,""opposition"":0,""passes"":false,""support"":1}}",,not_retained,2,0,1ce0689651dc53c4cadacb00e43287b120ab03f27904d10dc7e2470a5f9d4dba,report; source label; comparisons ignored,report,source_label,ignore,primary_comparisons_and_primary_evidence_tiers
vu_report__taxon_source_label__comparison_ignore,Clostridium aldenense,1,0,"{""decreased_in_AH"":0,""increased_in_AH"":1}","{""decreased_in_AH"":{""conflicts"":0,""opposition"":1,""passes"":false,""support"":0},""increased_in_AH"":{""conflicts"":0,""opposition"":0,""passes"":false,""support"":1}}",,not_retained,2,0,1ce0689651dc53c4cadacb00e43287b120ab03f27904d10dc7e2470a5f9d4dba,report; source label; comparisons ignored,report,source_label,ignore,primary_comparisons_and_primary_evidence_tiers
vu_report__taxon_source_label__comparison_ignore,Desulfovibrio piger,1,0,"{""decreased_in_AH"":1,""increased_in_AH"":0}","{""decreased_in_AH"":{""conflicts"":0,""opposition"":0,""passes"":false,""support"":1},""increased_in_AH"":{""conflicts"":0,""opposition"":1,""passes"":false,""support"":0}}",,not_retained,2,0,1ce0689651dc53c4cadacb00e43287b120ab03f27904d10dc7e2470a5f9d4dba,report; source label; comparisons ignored,report,source_label,ignore,primary_comparisons_and_primary_evidence_tiers
vu_report__taxon_source_label__comparison_ignore,Dialister,1,0,"{""decreased_in_AH"":1,""increased_in_AH"":0}","{""decreased_in_AH"":{""conflicts"":0,""opposition"":0,""passes"":false,""support"":1},""increased_in_AH"":{""conflicts"":0,""opposition"":1,""passes"":false,""support"":0}}",,not_retained,2,0,1ce0689651dc53c4cadacb00e43287b120ab03f27904d10dc7e2470a5f9d4dba,report; source label; comparisons ignored,report,source_label,ignore,primary_comparisons_and_primary_evidence_tiers
vu_report__taxon_source_label__comparison_ignore,Dialister succinatiphilus,1,0,"{""decreased_in_AH"":1,""increased_in_AH"":0}","{""decreased_in_AH"":{""conflicts"":0,""opposition"":0,""passes"":false,""support"":1},""increased_in_AH"":{""conflicts"":0,""opposition"":1,""passes"":false,""support"":0}}",,not_retained,2,0,1ce0689651dc53c4cadacb00e43287b120ab03f27904d10dc7e2470a5f9d4dba,report; source label; comparisons ignored,report,source_label,ignore,primary_comparisons_and_primary_evidence_tiers
vu_report__taxon_source_label__comparison_ignore,Enterococcus,1,0,"{""decreased_in_AH"":0,""increased_in_AH"":1}","{""decreased_in_AH"":{""conflicts"":0,""opposition"":1,""passes"":false,""support"":0},""increased_in_AH"":{""conflicts"":0,""opposition"":0,""passes"":false,""support"":1}}",,not_retained,2,0,1ce0689651dc53c4cadacb00e43287b120ab03f27904d10dc7e2470a5f9d4dba,report; source label; comparisons ignored,report,source_label,ignore,primary_comparisons_and_primary_evidence_tiers
vu_report__taxon_source_label__comparison_ignore,Enterococcus faecium group,1,0,"{""decreased_in_AH"":0,""increased_in_AH"":1}","{""decreased_in_AH"":{""conflicts"":0,""opposition"":1,""passes"":false,""support"":0},""increased_in_AH"":{""conflicts"":0,""opposition"":0,""passes"":false,""support"":1}}",,not_retained,2,0,1ce0689651dc53c4cadacb00e43287b120ab03f27904d10dc7e2470a5f9d4dba,report; source label; comparisons ignored,report,source_label,ignore,primary_comparisons_and_primary_evidence_tiers
vu_report__taxon_source_label__comparison_ignore,Gemmiger formicilis,1,0,"{""decreased_in_AH"":1,""increased_in_AH"":0}","{""decreased_in_AH"":{""conflicts"":0,""opposition"":0,""passes"":false,""support"":1},""increased_in_AH"":{""conflicts"":0,""opposition"":1,""passes"":false,""support"":0}}",,not_retained,2,0,1ce0689651dc53c4cadacb00e43287b120ab03f27904d10dc7e2470a5f9d4dba,report; source label; comparisons ignored,report,source_label,ignore,primary_comparisons_and_primary_evidence_tiers
vu_report__taxon_source_label__comparison_ignore,Klebsiella pneumoniae,1,0,"{""decreased_in_AH"":0,""increased_in_AH"":1}","{""decreased_in_AH"":{""conflicts"":0,""opposition"":1,""passes"":false,""support"":0},""increased_in_AH"":{""conflicts"":0,""opposition"":0,""passes"":false,""support"":1}}",,not_retained,2,0,1ce0689651dc53c4cadacb00e43287b120ab03f27904d10dc7e2470a5f9d4dba,report; source label; comparisons ignored,report,source_label,ignore,primary_comparisons_and_primary_evidence_tiers
vu_report__taxon_source_label__comparison_ignore,Klebsiella variicola,1,0,"{""decreased_in_AH"":0,""increased_in_AH"":1}","{""decreased_in_AH"":{""conflicts"":0,""opposition"":1,""passes"":false,""support"":0},""increased_in_AH"":{""conflicts"":0,""opposition"":0,""passes"":false,""support"":1}}",,not_retained,2,0,1ce0689651dc53c4cadacb00e43287b120ab03f27904d10dc7e2470a5f9d4dba,report; source label; comparisons ignored,report,source_label,ignore,primary_comparisons_and_primary_evidence_tiers
vu_report__taxon_source_label__comparison_ignore,Oscillibacter,1,0,"{""decreased_in_AH"":1,""increased_in_AH"":0}","{""decreased_in_AH"":{""conflicts"":0,""opposition"":0,""passes"":false,""support"":1},""increased_in_AH"":{""conflicts"":0,""opposition"":1,""passes"":false,""support"":0}}",,not_retained,2,0,1ce0689651dc53c4cadacb00e43287b120ab03f27904d10dc7e2470a5f9d4dba,report; source label; comparisons ignored,report,source_label,ignore,primary_comparisons_and_primary_evidence_tiers
vu_report__taxon_source_label__comparison_ignore,Parabacteroides distasonis,1,0,"{""decreased_in_AH"":0,""increased_in_AH"":1}","{""decreased_in_AH"":{""conflicts"":0,""opposition"":1,""passes"":false,""support"":0},""increased_in_AH"":{""conflicts"":0,""opposition"":0,""passes"":false,""support"":1}}",,not_retained,2,0,1ce0689651dc53c4cadacb00e43287b120ab03f27904d10dc7e2470a5f9d4dba,report; source label; comparisons ignored,report,source_label,ignore,primary_comparisons_and_primary_evidence_tiers
vu_report__taxon_source_label__comparison_ignore,Prevotella copri,1,0,"{""decreased_in_AH"":1,""increased_in_AH"":0}","{""decreased_in_AH"":{""conflicts"":0,""opposition"":0,""passes"":false,""support"":1},""increased_in_AH"":{""conflicts"":0,""opposition"":1,""passes"":false,""support"":0}}",,not_retained,2,0,1ce0689651dc53c4cadacb00e43287b120ab03f27904d10dc7e2470a5f9d4dba,report; source label; comparisons ignored,report,source_label,ignore,primary_comparisons_and_primary_evidence_tiers
vu_report__taxon_source_label__comparison_ignore,Prevotella stercorea,1,0,"{""decreased_in_AH"":1,""increased_in_AH"":0}","{""decreased_in_AH"":{""conflicts"":0,""opposition"":0,""passes"":false,""support"":1},""increased_in_AH"":{""conflicts"":0,""opposition"":1,""passes"":false,""support"":0}}",,not_retained,2,0,1ce0689651dc53c4cadacb00e43287b120ab03f27904d10dc7e2470a5f9d4dba,report; source label; comparisons ignored,report,source_label,ignore,primary_comparisons_and_primary_evidence_tiers
vu_report__taxon_source_label__comparison_ignore,Streptococcus,1,0,"{""decreased_in_AH"":0,""increased_in_AH"":1}","{""decreased_in_AH"":{""conflicts"":0,""opposition"":1,""passes"":false,""support"":0},""increased_in_AH"":{""conflicts"":0,""opposition"":0,""passes"":false,""support"":1}}",,not_retained,2,0,1ce0689651dc53c4cadacb00e43287b120ab03f27904d10dc7e2470a5f9d4dba,report; source label; comparisons ignored,report,source_label,ignore,primary_comparisons_and_primary_evidence_tiers
vu_report__taxon_source_label__comparison_ignore,Streptococcus pneumoniae group,1,0,"{""decreased_in_AH"":0,""increased_in_AH"":1}","{""decreased_in_AH"":{""conflicts"":0,""opposition"":1,""passes"":false,""support"":0},""increased_in_AH"":{""conflicts"":0,""opposition"":0,""passes"":false,""support"":1}}",,not_retained,2,0,1ce0689651dc53c4cadacb00e43287b120ab03f27904d10dc7e2470a5f9d4dba,report; source label; comparisons ignored,report,source_label,ignore,primary_comparisons_and_primary_evidence_tiers
vu_report__taxon_source_label__comparison_ignore,Succinivibrio dextrinosolvens,1,0,"{""decreased_in_AH"":1,""increased_in_AH"":0}","{""decreased_in_AH"":{""conflicts"":0,""opposition"":0,""passes"":false,""support"":1},""increased_in_AH"":{""conflicts"":0,""opposition"":1,""passes"":false,""support"":0}}",,not_retained,2,0,1ce0689651dc53c4cadacb00e43287b120ab03f27904d10dc7e2470a5f9d4dba,report; source label; comparisons ignored,report,source_label,ignore,primary_comparisons_and_primary_evidence_tiers
vu_report__taxon_source_label__comparison_ignore,Sutterella sp.,1,0,"{""decreased_in_AH"":1,""increased_in_AH"":0}","{""decreased_in_AH"":{""conflicts"":0,""opposition"":0,""passes"":false,""support"":1},""increased_in_AH"":{""conflicts"":0,""opposition"":1,""passes"":false,""support"":0}}",,not_retained,2,0,1ce0689651dc53c4cadacb00e43287b120ab03f27904d10dc7e2470a5f9d4dba,report; source label; comparisons ignored,report,source_label,ignore,primary_comparisons_and_primary_evidence_tiers
vu_report__taxon_source_label__comparison_ignore,Veillonella,1,0,"{""decreased_in_AH"":0,""increased_in_AH"":1}","{""decreased_in_AH"":{""conflicts"":0,""opposition"":1,""passes"":false,""support"":0},""increased_in_AH"":{""conflicts"":0,""opposition"":0,""passes"":false,""support"":1}}",,not_retained,2,0,1ce0689651dc53c4cadacb00e43287b120ab03f27904d10dc7e2470a5f9d4dba,report; source label; comparisons ignored,report,source_label,ignore,primary_comparisons_and_primary_evidence_tiers
vu_report__taxon_source_label__comparison_ignore,Veillonella dispar,1,0,"{""decreased_in_AH"":0,""increased_in_AH"":1}","{""decreased_in_AH"":{""conflicts"":0,""opposition"":1,""passes"":false,""support"":0},""increased_in_AH"":{""conflicts"":0,""opposition"":0,""passes"":false,""support"":1}}",,not_retained,2,0,1ce0689651dc53c4cadacb00e43287b120ab03f27904d10dc7e2470a5f9d4dba,report; source label; comparisons ignored,report,source_label,ignore,primary_comparisons_and_primary_evidence_tiers
vu_report__taxon_source_label__comparison_ignore,Veillonella parvula group,1,0,"{""decreased_in_AH"":0,""increased_in_AH"":1}","{""decreased_in_AH"":{""conflicts"":0,""opposition"":1,""passes"":false,""support"":0},""increased_in_AH"":{""conflicts"":0,""opposition"":0,""passes"":false,""support"":1}}",,not_retained,2,0,1ce0689651dc53c4cadacb00e43287b120ab03f27904d10dc7e2470a5f9d4dba,report; source label; comparisons ignored,report,source_label,ignore,primary_comparisons_and_primary_evidence_tiers
vu_report__taxon_source_label__comparison_ignore,Victivallis vadensis,1,0,"{""decreased_in_AH"":1,""increased_in_AH"":0}","{""decreased_in_AH"":{""conflicts"":0,""opposition"":0,""passes"":false,""support"":1},""increased_in_AH"":{""conflicts"":0,""opposition"":1,""passes"":false,""support"":0}}",,not_retained,2,0,1ce0689651dc53c4cadacb00e43287b120ab03f27904d10dc7e2470a5f9d4dba,report; source label; comparisons ignored,report,source_label,ignore,primary_comparisons_and_primary_evidence_tiers
vu_report__taxon_source_label__comparison_separate_votes,Alistipes,1,0,"{""decreased_in_AH"":1,""increased_in_AH"":0}","{""decreased_in_AH"":{""conflicts"":0,""opposition"":0,""passes"":false,""support"":1},""increased_in_AH"":{""conflicts"":0,""opposition"":1,""passes"":false,""support"":0}}",,not_retained,2,0,1ce0689651dc53c4cadacb00e43287b120ab03f27904d10dc7e2470a5f9d4dba,report; source label; comparison-specific votes,report,source_label,separate_votes,primary_comparisons_and_primary_evidence_tiers
vu_report__taxon_source_label__comparison_separate_votes,Alistipes putredinis,1,0,"{""decreased_in_AH"":1,""increased_in_AH"":0}","{""decreased_in_AH"":{""conflicts"":0,""opposition"":0,""passes"":false,""support"":1},""increased_in_AH"":{""conflicts"":0,""opposition"":1,""passes"":false,""support"":0}}",,not_retained,2,0,1ce0689651dc53c4cadacb00e43287b120ab03f27904d10dc7e2470a5f9d4dba,report; source label; comparison-specific votes,report,source_label,separate_votes,primary_comparisons_and_primary_evidence_tiers
vu_report__taxon_source_label__comparison_separate_votes,Bacteroides finegoldii,1,0,"{""decreased_in_AH"":0,""increased_in_AH"":1}","{""decreased_in_AH"":{""conflicts"":0,""opposition"":1,""passes"":false,""support"":0},""increased_in_AH"":{""conflicts"":0,""opposition"":0,""passes"":false,""support"":1}}",,not_retained,2,0,1ce0689651dc53c4cadacb00e43287b120ab03f27904d10dc7e2470a5f9d4dba,report; source label; comparison-specific votes,report,source_label,separate_votes,primary_comparisons_and_primary_evidence_tiers
vu_report__taxon_source_label__comparison_separate_votes,Bacteroides plebeius,1,0,"{""decreased_in_AH"":1,""increased_in_AH"":0}","{""decreased_in_AH"":{""conflicts"":0,""opposition"":0,""passes"":false,""support"":1},""increased_in_AH"":{""conflicts"":0,""opposition"":1,""passes"":false,""support"":0}}",,not_retained,2,0,1ce0689651dc53c4cadacb00e43287b120ab03f27904d10dc7e2470a5f9d4dba,report; source label; comparison-specific votes,report,source_label,separate_votes,primary_comparisons_and_primary_evidence_tiers
vu_report__taxon_source_label__comparison_separate_votes,Bacteroides thetaiotaomicron,1,0,"{""decreased_in_AH"":0,""increased_in_AH"":1}","{""decreased_in_AH"":{""conflicts"":0,""opposition"":1,""passes"":false,""support"":0},""increased_in_AH"":{""conflicts"":0,""opposition"":0,""passes"":false,""support"":1}}",,not_retained,2,0,1ce0689651dc53c4cadacb00e43287b120ab03f27904d10dc7e2470a5f9d4dba,report; source label; comparison-specific votes,report,source_label,separate_votes,primary_comparisons_and_primary_evidence_tiers
vu_report__taxon_source_label__comparison_separate_votes,Clostridium aldenense,1,0,"{""decreased_in_AH"":0,""increased_in_AH"":1}","{""decreased_in_AH"":{""conflicts"":0,""opposition"":1,""passes"":false,""support"":0},""increased_in_AH"":{""conflicts"":0,""opposition"":0,""passes"":false,""support"":1}}",,not_retained,2,0,1ce0689651dc53c4cadacb00e43287b120ab03f27904d10dc7e2470a5f9d4dba,report; source label; comparison-specific votes,report,source_label,separate_votes,primary_comparisons_and_primary_evidence_tiers
vu_report__taxon_source_label__comparison_separate_votes,Desulfovibrio piger,1,0,"{""decreased_in_AH"":1,""increased_in_AH"":0}","{""decreased_in_AH"":{""conflicts"":0,""opposition"":0,""passes"":false,""support"":1},""increased_in_AH"":{""conflicts"":0,""opposition"":1,""passes"":false,""support"":0}}",,not_retained,2,0,1ce0689651dc53c4cadacb00e43287b120ab03f27904d10dc7e2470a5f9d4dba,report; source label; comparison-specific votes,report,source_label,separate_votes,primary_comparisons_and_primary_evidence_tiers
vu_report__taxon_source_label__comparison_separate_votes,Dialister,1,0,"{""decreased_in_AH"":1,""increased_in_AH"":0}","{""decreased_in_AH"":{""conflicts"":0,""opposition"":0,""passes"":false,""support"":1},""increased_in_AH"":{""conflicts"":0,""opposition"":1,""passes"":false,""support"":0}}",,not_retained,2,0,1ce0689651dc53c4cadacb00e43287b120ab03f27904d10dc7e2470a5f9d4dba,report; source label; comparison-specific votes,report,source_label,separate_votes,primary_comparisons_and_primary_evidence_tiers
vu_report__taxon_source_label__comparison_separate_votes,Dialister succinatiphilus,1,0,"{""decreased_in_AH"":1,""increased_in_AH"":0}","{""decreased_in_AH"":{""conflicts"":0,""opposition"":0,""passes"":false,""support"":1},""increased_in_AH"":{""conflicts"":0,""opposition"":1,""passes"":false,""support"":0}}",,not_retained,2,0,1ce0689651dc53c4cadacb00e43287b120ab03f27904d10dc7e2470a5f9d4dba,report; source label; comparison-specific votes,report,source_label,separate_votes,primary_comparisons_and_primary_evidence_tiers
vu_report__taxon_source_label__comparison_separate_votes,Enterococcus,1,0,"{""decreased_in_AH"":0,""increased_in_AH"":1}","{""decreased_in_AH"":{""conflicts"":0,""opposition"":1,""passes"":false,""support"":0},""increased_in_AH"":{""conflicts"":0,""opposition"":0,""passes"":false,""support"":1}}",,not_retained,2,0,1ce0689651dc53c4cadacb00e43287b120ab03f27904d10dc7e2470a5f9d4dba,report; source label; comparison-specific votes,report,source_label,separate_votes,primary_comparisons_and_primary_evidence_tiers
vu_report__taxon_source_label__comparison_separate_votes,Enterococcus faecium group,1,0,"{""decreased_in_AH"":0,""increased_in_AH"":1}","{""decreased_in_AH"":{""conflicts"":0,""opposition"":1,""passes"":false,""support"":0},""increased_in_AH"":{""conflicts"":0,""opposition"":0,""passes"":false,""support"":1}}",,not_retained,2,0,1ce0689651dc53c4cadacb00e43287b120ab03f27904d10dc7e2470a5f9d4dba,report; source label; comparison-specific votes,report,source_label,separate_votes,primary_comparisons_and_primary_evidence_tiers
vu_report__taxon_source_label__comparison_separate_votes,Gemmiger formicilis,1,0,"{""decreased_in_AH"":1,""increased_in_AH"":0}","{""decreased_in_AH"":{""conflicts"":0,""opposition"":0,""passes"":false,""support"":1},""increased_in_AH"":{""conflicts"":0,""opposition"":1,""passes"":false,""support"":0}}",,not_retained,2,0,1ce0689651dc53c4cadacb00e43287b120ab03f27904d10dc7e2470a5f9d4dba,report; source label; comparison-specific votes,report,source_label,separate_votes,primary_comparisons_and_primary_evidence_tiers
vu_report__taxon_source_label__comparison_separate_votes,Klebsiella pneumoniae,1,0,"{""decreased_in_AH"":0,""increased_in_AH"":1}","{""decreased_in_AH"":{""conflicts"":0,""opposition"":1,""passes"":false,""support"":0},""increased_in_AH"":{""conflicts"":0,""opposition"":0,""passes"":false,""support"":1}}",,not_retained,2,0,1ce0689651dc53c4cadacb00e43287b120ab03f27904d10dc7e2470a5f9d4dba,report; source label; comparison-specific votes,report,source_label,separate_votes,primary_comparisons_and_primary_evidence_tiers
vu_report__taxon_source_label__comparison_separate_votes,Klebsiella variicola,1,0,"{""decreased_in_AH"":0,""increased_in_AH"":1}","{""decreased_in_AH"":{""conflicts"":0,""opposition"":1,""passes"":false,""support"":0},""increased_in_AH"":{""conflicts"":0,""opposition"":0,""passes"":false,""support"":1}}",,not_retained,2,0,1ce0689651dc53c4cadacb00e43287b120ab03f27904d10dc7e2470a5f9d4dba,report; source label; comparison-specific votes,report,source_label,separate_votes,primary_comparisons_and_primary_evidence_tiers
vu_report__taxon_source_label__comparison_separate_votes,Oscillibacter,1,0,"{""decreased_in_AH"":1,""increased_in_AH"":0}","{""decreased_in_AH"":{""conflicts"":0,""opposition"":0,""passes"":false,""support"":1},""increased_in_AH"":{""conflicts"":0,""opposition"":1,""passes"":false,""support"":0}}",,not_retained,2,0,1ce0689651dc53c4cadacb00e43287b120ab03f27904d10dc7e2470a5f9d4dba,report; source label; comparison-specific votes,report,source_label,separate_votes,primary_comparisons_and_primary_evidence_tiers
vu_report__taxon_source_label__comparison_separate_votes,Parabacteroides distasonis,1,0,"{""decreased_in_AH"":0,""increased_in_AH"":1}","{""decreased_in_AH"":{""conflicts"":0,""opposition"":1,""passes"":false,""support"":0},""increased_in_AH"":{""conflicts"":0,""opposition"":0,""passes"":false,""support"":1}}",,not_retained,2,0,1ce0689651dc53c4cadacb00e43287b120ab03f27904d10dc7e2470a5f9d4dba,report; source label; comparison-specific votes,report,source_label,separate_votes,primary_comparisons_and_primary_evidence_tiers
vu_report__taxon_source_label__comparison_separate_votes,Prevotella copri,1,0,"{""decreased_in_AH"":1,""increased_in_AH"":0}","{""decreased_in_AH"":{""conflicts"":0,""opposition"":0,""passes"":false,""support"":1},""increased_in_AH"":{""conflicts"":0,""opposition"":1,""passes"":false,""support"":0}}",,not_retained,2,0,1ce0689651dc53c4cadacb00e43287b120ab03f27904d10dc7e2470a5f9d4dba,report; source label; comparison-specific votes,report,source_label,separate_votes,primary_comparisons_and_primary_evidence_tiers
vu_report__taxon_source_label__comparison_separate_votes,Prevotella stercorea,1,0,"{""decreased_in_AH"":1,""increased_in_AH"":0}","{""decreased_in_AH"":{""conflicts"":0,""opposition"":0,""passes"":false,""support"":1},""increased_in_AH"":{""conflicts"":0,""opposition"":1,""passes"":false,""support"":0}}",,not_retained,2,0,1ce0689651dc53c4cadacb00e43287b120ab03f27904d10dc7e2470a5f9d4dba,report; source label; comparison-specific votes,report,source_label,separate_votes,primary_comparisons_and_primary_evidence_tiers
vu_report__taxon_source_label__comparison_separate_votes,Streptococcus,1,0,"{""decreased_in_AH"":0,""increased_in_AH"":1}","{""decreased_in_AH"":{""conflicts"":0,""opposition"":1,""passes"":false,""support"":0},""increased_in_AH"":{""conflicts"":0,""opposition"":0,""passes"":false,""support"":1}}",,not_retained,2,0,1ce0689651dc53c4cadacb00e43287b120ab03f27904d10dc7e2470a5f9d4dba,report; source label; comparison-specific votes,report,source_label,separate_votes,primary_comparisons_and_primary_evidence_tiers
vu_report__taxon_source_label__comparison_separate_votes,Streptococcus pneumoniae group,1,0,"{""decreased_in_AH"":0,""increased_in_AH"":1}","{""decreased_in_AH"":{""conflicts"":0,""opposition"":1,""passes"":false,""support"":0},""increased_in_AH"":{""conflicts"":0,""opposition"":0,""passes"":false,""support"":1}}",,not_retained,2,0,1ce0689651dc53c4cadacb00e43287b120ab03f27904d10dc7e2470a5f9d4dba,report; source label; comparison-specific votes,report,source_label,separate_votes,primary_comparisons_and_primary_evidence_tiers
vu_report__taxon_source_label__comparison_separate_votes,Succinivibrio dextrinosolvens,1,0,"{""decreased_in_AH"":1,""increased_in_AH"":0}","{""decreased_in_AH"":{""conflicts"":0,""opposition"":0,""passes"":false,""support"":1},""increased_in_AH"":{""conflicts"":0,""opposition"":1,""passes"":false,""support"":0}}",,not_retained,2,0,1ce0689651dc53c4cadacb00e43287b120ab03f27904d10dc7e2470a5f9d4dba,report; source label; comparison-specific votes,report,source_label,separate_votes,primary_comparisons_and_primary_evidence_tiers
vu_report__taxon_source_label__comparison_separate_votes,Sutterella sp.,1,0,"{""decreased_in_AH"":1,""increased_in_AH"":0}","{""decreased_in_AH"":{""conflicts"":0,""opposition"":0,""passes"":false,""support"":1},""increased_in_AH"":{""conflicts"":0,""opposition"":1,""passes"":false,""support"":0}}",,not_retained,2,0,1ce0689651dc53c4cadacb00e43287b120ab03f27904d10dc7e2470a5f9d4dba,report; source label; comparison-specific votes,report,source_label,separate_votes,primary_comparisons_and_primary_evidence_tiers
vu_report__taxon_source_label__comparison_separate_votes,Veillonella,1,0,"{""decreased_in_AH"":0,""increased_in_AH"":1}","{""decreased_in_AH"":{""conflicts"":0,""opposition"":1,""passes"":false,""support"":0},""increased_in_AH"":{""conflicts"":0,""opposition"":0,""passes"":false,""support"":1}}",,not_retained,2,0,1ce0689651dc53c4cadacb00e43287b120ab03f27904d10dc7e2470a5f9d4dba,report; source label; comparison-specific votes,report,source_label,separate_votes,primary_comparisons_and_primary_evidence_tiers
vu_report__taxon_source_label__comparison_separate_votes,Veillonella dispar,1,0,"{""decreased_in_AH"":0,""increased_in_AH"":1}","{""decreased_in_AH"":{""conflicts"":0,""opposition"":1,""passes"":false,""support"":0},""increased_in_AH"":{""conflicts"":0,""opposition"":0,""passes"":false,""support"":1}}",,not_retained,2,0,1ce0689651dc53c4cadacb00e43287b120ab03f27904d10dc7e2470a5f9d4dba,report; source label; comparison-specific votes,report,source_label,separate_votes,primary_comparisons_and_primary_evidence_tiers
vu_report__taxon_source_label__comparison_separate_votes,Veillonella parvula group,1,0,"{""decreased_in_AH"":0,""increased_in_AH"":1}","{""decreased_in_AH"":{""conflicts"":0,""opposition"":1,""passes"":false,""support"":0},""increased_in_AH"":{""conflicts"":0,""opposition"":0,""passes"":false,""support"":1}}",,not_retained,2,0,1ce0689651dc53c4cadacb00e43287b120ab03f27904d10dc7e2470a5f9d4dba,report; source label; comparison-specific votes,report,source_label,separate_votes,primary_comparisons_and_primary_evidence_tiers
vu_report__taxon_source_label__comparison_separate_votes,Victivallis vadensis,1,0,"{""decreased_in_AH"":1,""increased_in_AH"":0}","{""decreased_in_AH"":{""conflicts"":0,""opposition"":0,""passes"":false,""support"":1},""increased_in_AH"":{""conflicts"":0,""opposition"":1,""passes"":false,""support"":0}}",,not_retained,2,0,1ce0689651dc53c4cadacb00e43287b120ab03f27904d10dc7e2470a5f9d4dba,report; source label; comparison-specific votes,report,source_label,separate_votes,primary_comparisons_and_primary_evidence_tiers
vu_row__taxon_resolved_target__comparison_family_state,Alistipes,1,0,"{""decreased_in_AH"":1,""increased_in_AH"":0}","{""decreased_in_AH"":{""conflicts"":0,""opposition"":0,""passes"":false,""support"":1},""increased_in_AH"":{""conflicts"":0,""opposition"":1,""passes"":false,""support"":0}}",,not_retained,2,0,1ce0689651dc53c4cadacb00e43287b120ab03f27904d10dc7e2470a5f9d4dba,row; resolved target taxon; family-state collapse,row,resolved_target,family_state,primary_comparisons_and_primary_evidence_tiers
vu_row__taxon_resolved_target__comparison_family_state,Bacteroides,1,0,"{""decreased_in_AH"":0,""increased_in_AH"":1}","{""decreased_in_AH"":{""conflicts"":0,""opposition"":1,""passes"":false,""support"":0},""increased_in_AH"":{""conflicts"":0,""opposition"":0,""passes"":false,""support"":1}}",,not_retained,2,0,1ce0689651dc53c4cadacb00e43287b120ab03f27904d10dc7e2470a5f9d4dba,row; resolved target taxon; family-state collapse,row,resolved_target,family_state,primary_comparisons_and_primary_evidence_tiers
vu_row__taxon_resolved_target__comparison_family_state,Desulfovibrio,1,0,"{""decreased_in_AH"":1,""increased_in_AH"":0}","{""decreased_in_AH"":{""conflicts"":0,""opposition"":0,""passes"":false,""support"":1},""increased_in_AH"":{""conflicts"":0,""opposition"":1,""passes"":false,""support"":0}}",,not_retained,2,0,1ce0689651dc53c4cadacb00e43287b120ab03f27904d10dc7e2470a5f9d4dba,row; resolved target taxon; family-state collapse,row,resolved_target,family_state,primary_comparisons_and_primary_evidence_tiers
vu_row__taxon_resolved_target__comparison_family_state,Dialister,2,0,"{""decreased_in_AH"":2,""increased_in_AH"":0}","{""decreased_in_AH"":{""conflicts"":0,""opposition"":0,""passes"":true,""support"":2},""increased_in_AH"":{""conflicts"":0,""opposition"":2,""passes"":false,""support"":0}}",decreased_in_AH,retained,2,0,1ce0689651dc53c4cadacb00e43287b120ab03f27904d10dc7e2470a5f9d4dba,row; resolved target taxon; family-state collapse,row,resolved_target,family_state,primary_comparisons_and_primary_evidence_tiers
vu_row__taxon_resolved_target__comparison_family_state,Enterocloster,1,0,"{""decreased_in_AH"":0,""increased_in_AH"":1}","{""decreased_in_AH"":{""conflicts"":0,""opposition"":1,""passes"":false,""support"":0},""increased_in_AH"":{""conflicts"":0,""opposition"":0,""passes"":false,""support"":1}}",,not_retained,2,0,1ce0689651dc53c4cadacb00e43287b120ab03f27904d10dc7e2470a5f9d4dba,row; resolved target taxon; family-state collapse,row,resolved_target,family_state,primary_comparisons_and_primary_evidence_tiers
vu_row__taxon_resolved_target__comparison_family_state,Enterococcus,1,0,"{""decreased_in_AH"":0,""increased_in_AH"":1}","{""decreased_in_AH"":{""conflicts"":0,""opposition"":1,""passes"":false,""support"":0},""increased_in_AH"":{""conflicts"":0,""opposition"":0,""passes"":false,""support"":1}}",,not_retained,2,0,1ce0689651dc53c4cadacb00e43287b120ab03f27904d10dc7e2470a5f9d4dba,row; resolved target taxon; family-state collapse,row,resolved_target,family_state,primary_comparisons_and_primary_evidence_tiers
vu_row__taxon_resolved_target__comparison_family_state,Gemmiger,1,0,"{""decreased_in_AH"":1,""increased_in_AH"":0}","{""decreased_in_AH"":{""conflicts"":0,""opposition"":0,""passes"":false,""support"":1},""increased_in_AH"":{""conflicts"":0,""opposition"":1,""passes"":false,""support"":0}}",,not_retained,2,0,1ce0689651dc53c4cadacb00e43287b120ab03f27904d10dc7e2470a5f9d4dba,row; resolved target taxon; family-state collapse,row,resolved_target,family_state,primary_comparisons_and_primary_evidence_tiers
vu_row__taxon_resolved_target__comparison_family_state,Klebsiella,1,0,"{""decreased_in_AH"":0,""increased_in_AH"":1}","{""decreased_in_AH"":{""conflicts"":0,""opposition"":1,""passes"":false,""support"":0},""increased_in_AH"":{""conflicts"":0,""opposition"":0,""passes"":false,""support"":1}}",,not_retained,2,0,1ce0689651dc53c4cadacb00e43287b120ab03f27904d10dc7e2470a5f9d4dba,row; resolved target taxon; family-state collapse,row,resolved_target,family_state,primary_comparisons_and_primary_evidence_tiers
vu_row__taxon_resolved_target__comparison_family_state,Leyella,1,0,"{""decreased_in_AH"":1,""increased_in_AH"":0}","{""decreased_in_AH"":{""conflicts"":0,""opposition"":0,""passes"":false,""support"":1},""increased_in_AH"":{""conflicts"":0,""opposition"":1,""passes"":false,""support"":0}}",,not_retained,2,0,1ce0689651dc53c4cadacb00e43287b120ab03f27904d10dc7e2470a5f9d4dba,row; resolved target taxon; family-state collapse,row,resolved_target,family_state,primary_comparisons_and_primary_evidence_tiers
vu_row__taxon_resolved_target__comparison_family_state,Oscillibacter,1,0,"{""decreased_in_AH"":1,""increased_in_AH"":0}","{""decreased_in_AH"":{""conflicts"":0,""opposition"":0,""passes"":false,""support"":1},""increased_in_AH"":{""conflicts"":0,""opposition"":1,""passes"":false,""support"":0}}",,not_retained,2,0,1ce0689651dc53c4cadacb00e43287b120ab03f27904d10dc7e2470a5f9d4dba,row; resolved target taxon; family-state collapse,row,resolved_target,family_state,primary_comparisons_and_primary_evidence_tiers
vu_row__taxon_resolved_target__comparison_family_state,Parabacteroides,1,0,"{""decreased_in_AH"":0,""increased_in_AH"":1}","{""decreased_in_AH"":{""conflicts"":0,""opposition"":1,""passes"":false,""support"":0},""increased_in_AH"":{""conflicts"":0,""opposition"":0,""passes"":false,""support"":1}}",,not_retained,2,0,1ce0689651dc53c4cadacb00e43287b120ab03f27904d10dc7e2470a5f9d4dba,row; resolved target taxon; family-state collapse,row,resolved_target,family_state,primary_comparisons_and_primary_evidence_tiers
vu_row__taxon_resolved_target__comparison_family_state,Phocaeicola,1,0,"{""decreased_in_AH"":1,""increased_in_AH"":0}","{""decreased_in_AH"":{""conflicts"":0,""opposition"":0,""passes"":false,""support"":1},""increased_in_AH"":{""conflicts"":0,""opposition"":1,""passes"":false,""support"":0}}",,not_retained,2,0,1ce0689651dc53c4cadacb00e43287b120ab03f27904d10dc7e2470a5f9d4dba,row; resolved target taxon; family-state collapse,row,resolved_target,family_state,primary_comparisons_and_primary_evidence_tiers
vu_row__taxon_resolved_target__comparison_family_state,Segatella,1,0,"{""decreased_in_AH"":1,""increased_in_AH"":0}","{""decreased_in_AH"":{""conflicts"":0,""opposition"":0,""passes"":false,""support"":1},""increased_in_AH"":{""conflicts"":0,""opposition"":1,""passes"":false,""support"":0}}",,not_retained,2,0,1ce0689651dc53c4cadacb00e43287b120ab03f27904d10dc7e2470a5f9d4dba,row; resolved target taxon; family-state collapse,row,resolved_target,family_state,primary_comparisons_and_primary_evidence_tiers
vu_row__taxon_resolved_target__comparison_family_state,Streptococcus,1,0,"{""decreased_in_AH"":0,""increased_in_AH"":1}","{""decreased_in_AH"":{""conflicts"":0,""opposition"":1,""passes"":false,""support"":0},""increased_in_AH"":{""conflicts"":0,""opposition"":0,""passes"":false,""support"":1}}",,not_retained,2,0,1ce0689651dc53c4cadacb00e43287b120ab03f27904d10dc7e2470a5f9d4dba,row; resolved target taxon; family-state collapse,row,resolved_target,family_state,primary_comparisons_and_primary_evidence_tiers
vu_row__taxon_resolved_target__comparison_family_state,Succinivibrio,1,0,"{""decreased_in_AH"":1,""increased_in_AH"":0}","{""decreased_in_AH"":{""conflicts"":0,""opposition"":0,""passes"":false,""support"":1},""increased_in_AH"":{""conflicts"":0,""opposition"":1,""passes"":false,""support"":0}}",,not_retained,2,0,1ce0689651dc53c4cadacb00e43287b120ab03f27904d10dc7e2470a5f9d4dba,row; resolved target taxon; family-state collapse,row,resolved_target,family_state,primary_comparisons_and_primary_evidence_tiers
vu_row__taxon_resolved_target__comparison_family_state,Sutterella,1,0,"{""decreased_in_AH"":1,""increased_in_AH"":0}","{""decreased_in_AH"":{""conflicts"":0,""opposition"":0,""passes"":false,""support"":1},""increased_in_AH"":{""conflicts"":0,""opposition"":1,""passes"":false,""support"":0}}",,not_retained,2,0,1ce0689651dc53c4cadacb00e43287b120ab03f27904d10dc7e2470a5f9d4dba,row; resolved target taxon; family-state collapse,row,resolved_target,family_state,primary_comparisons_and_primary_evidence_tiers
vu_row__taxon_resolved_target__comparison_family_state,Veillonella,2,0,"{""decreased_in_AH"":0,""increased_in_AH"":2}","{""decreased_in_AH"":{""conflicts"":0,""opposition"":2,""passes"":false,""support"":0},""increased_in_AH"":{""conflicts"":0,""opposition"":0,""passes"":true,""support"":2}}",increased_in_AH,retained,2,0,1ce0689651dc53c4cadacb00e43287b120ab03f27904d10dc7e2470a5f9d4dba,row; resolved target taxon; family-state collapse,row,resolved_target,family_state,primary_comparisons_and_primary_evidence_tiers
vu_row__taxon_resolved_target__comparison_family_state,Victivallis,1,0,"{""decreased_in_AH"":1,""increased_in_AH"":0}","{""decreased_in_AH"":{""conflicts"":0,""opposition"":0,""passes"":false,""support"":1},""increased_in_AH"":{""conflicts"":0,""opposition"":1,""passes"":false,""support"":0}}",,not_retained,2,0,1ce0689651dc53c4cadacb00e43287b120ab03f27904d10dc7e2470a5f9d4dba,row; resolved target taxon; family-state collapse,row,resolved_target,family_state,primary_comparisons_and_primary_evidence_tiers
vu_row__taxon_resolved_target__comparison_ignore,Alistipes,2,0,"{""decreased_in_AH"":2,""increased_in_AH"":0}","{""decreased_in_AH"":{""conflicts"":0,""opposition"":0,""passes"":true,""support"":2},""increased_in_AH"":{""conflicts"":0,""opposition"":2,""passes"":false,""support"":0}}",decreased_in_AH,retained,2,0,1ce0689651dc53c4cadacb00e43287b120ab03f27904d10dc7e2470a5f9d4dba,row; resolved target taxon; comparisons ignored,row,resolved_target,ignore,primary_comparisons_and_primary_evidence_tiers
vu_row__taxon_resolved_target__comparison_ignore,Bacteroides,2,0,"{""decreased_in_AH"":0,""increased_in_AH"":2}","{""decreased_in_AH"":{""conflicts"":0,""opposition"":2,""passes"":false,""support"":0},""increased_in_AH"":{""conflicts"":0,""opposition"":0,""passes"":true,""support"":2}}",increased_in_AH,retained,2,0,1ce0689651dc53c4cadacb00e43287b120ab03f27904d10dc7e2470a5f9d4dba,row; resolved target taxon; comparisons ignored,row,resolved_target,ignore,primary_comparisons_and_primary_evidence_tiers
vu_row__taxon_resolved_target__comparison_ignore,Desulfovibrio,1,0,"{""decreased_in_AH"":1,""increased_in_AH"":0}","{""decreased_in_AH"":{""conflicts"":0,""opposition"":0,""passes"":false,""support"":1},""increased_in_AH"":{""conflicts"":0,""opposition"":1,""passes"":false,""support"":0}}",,not_retained,2,0,1ce0689651dc53c4cadacb00e43287b120ab03f27904d10dc7e2470a5f9d4dba,row; resolved target taxon; comparisons ignored,row,resolved_target,ignore,primary_comparisons_and_primary_evidence_tiers
vu_row__taxon_resolved_target__comparison_ignore,Dialister,2,0,"{""decreased_in_AH"":2,""increased_in_AH"":0}","{""decreased_in_AH"":{""conflicts"":0,""opposition"":0,""passes"":true,""support"":2},""increased_in_AH"":{""conflicts"":0,""opposition"":2,""passes"":false,""support"":0}}",decreased_in_AH,retained,2,0,1ce0689651dc53c4cadacb00e43287b120ab03f27904d10dc7e2470a5f9d4dba,row; resolved target taxon; comparisons ignored,row,resolved_target,ignore,primary_comparisons_and_primary_evidence_tiers
vu_row__taxon_resolved_target__comparison_ignore,Enterocloster,1,0,"{""decreased_in_AH"":0,""increased_in_AH"":1}","{""decreased_in_AH"":{""conflicts"":0,""opposition"":1,""passes"":false,""support"":0},""increased_in_AH"":{""conflicts"":0,""opposition"":0,""passes"":false,""support"":1}}",,not_retained,2,0,1ce0689651dc53c4cadacb00e43287b120ab03f27904d10dc7e2470a5f9d4dba,row; resolved target taxon; comparisons ignored,row,resolved_target,ignore,primary_comparisons_and_primary_evidence_tiers
vu_row__taxon_resolved_target__comparison_ignore,Enterococcus,2,0,"{""decreased_in_AH"":0,""increased_in_AH"":2}","{""decreased_in_AH"":{""conflicts"":0,""opposition"":2,""passes"":false,""support"":0},""increased_in_AH"":{""conflicts"":0,""opposition"":0,""passes"":true,""support"":2}}",increased_in_AH,retained,2,0,1ce0689651dc53c4cadacb00e43287b120ab03f27904d10dc7e2470a5f9d4dba,row; resolved target taxon; comparisons ignored,row,resolved_target,ignore,primary_comparisons_and_primary_evidence_tiers
vu_row__taxon_resolved_target__comparison_ignore,Gemmiger,1,0,"{""decreased_in_AH"":1,""increased_in_AH"":0}","{""decreased_in_AH"":{""conflicts"":0,""opposition"":0,""passes"":false,""support"":1},""increased_in_AH"":{""conflicts"":0,""opposition"":1,""passes"":false,""support"":0}}",,not_retained,2,0,1ce0689651dc53c4cadacb00e43287b120ab03f27904d10dc7e2470a5f9d4dba,row; resolved target taxon; comparisons ignored,row,resolved_target,ignore,primary_comparisons_and_primary_evidence_tiers
vu_row__taxon_resolved_target__comparison_ignore,Klebsiella,2,0,"{""decreased_in_AH"":0,""increased_in_AH"":2}","{""decreased_in_AH"":{""conflicts"":0,""opposition"":2,""passes"":false,""support"":0},""increased_in_AH"":{""conflicts"":0,""opposition"":0,""passes"":true,""support"":2}}",increased_in_AH,retained,2,0,1ce0689651dc53c4cadacb00e43287b120ab03f27904d10dc7e2470a5f9d4dba,row; resolved target taxon; comparisons ignored,row,resolved_target,ignore,primary_comparisons_and_primary_evidence_tiers
vu_row__taxon_resolved_target__comparison_ignore,Leyella,1,0,"{""decreased_in_AH"":1,""increased_in_AH"":0}","{""decreased_in_AH"":{""conflicts"":0,""opposition"":0,""passes"":false,""support"":1},""increased_in_AH"":{""conflicts"":0,""opposition"":1,""passes"":false,""support"":0}}",,not_retained,2,0,1ce0689651dc53c4cadacb00e43287b120ab03f27904d10dc7e2470a5f9d4dba,row; resolved target taxon; comparisons ignored,row,resolved_target,ignore,primary_comparisons_and_primary_evidence_tiers
vu_row__taxon_resolved_target__comparison_ignore,Oscillibacter,1,0,"{""decreased_in_AH"":1,""increased_in_AH"":0}","{""decreased_in_AH"":{""conflicts"":0,""opposition"":0,""passes"":false,""support"":1},""increased_in_AH"":{""conflicts"":0,""opposition"":1,""passes"":false,""support"":0}}",,not_retained,2,0,1ce0689651dc53c4cadacb00e43287b120ab03f27904d10dc7e2470a5f9d4dba,row; resolved target taxon; comparisons ignored,row,resolved_target,ignore,primary_comparisons_and_primary_evidence_tiers
vu_row__taxon_resolved_target__comparison_ignore,Parabacteroides,1,0,"{""decreased_in_AH"":0,""increased_in_AH"":1}","{""decreased_in_AH"":{""conflicts"":0,""opposition"":1,""passes"":false,""support"":0},""increased_in_AH"":{""conflicts"":0,""opposition"":0,""passes"":false,""support"":1}}",,not_retained,2,0,1ce0689651dc53c4cadacb00e43287b120ab03f27904d10dc7e2470a5f9d4dba,row; resolved target taxon; comparisons ignored,row,resolved_target,ignore,primary_comparisons_and_primary_evidence_tiers
vu_row__taxon_resolved_target__comparison_ignore,Phocaeicola,1,0,"{""decreased_in_AH"":1,""increased_in_AH"":0}","{""decreased_in_AH"":{""conflicts"":0,""opposition"":0,""passes"":false,""support"":1},""increased_in_AH"":{""conflicts"":0,""opposition"":1,""passes"":false,""support"":0}}",,not_retained,2,0,1ce0689651dc53c4cadacb00e43287b120ab03f27904d10dc7e2470a5f9d4dba,row; resolved target taxon; comparisons ignored,row,resolved_target,ignore,primary_comparisons_and_primary_evidence_tiers
vu_row__taxon_resolved_target__comparison_ignore,Segatella,1,0,"{""decreased_in_AH"":1,""increased_in_AH"":0}","{""decreased_in_AH"":{""conflicts"":0,""opposition"":0,""passes"":false,""support"":1},""increased_in_AH"":{""conflicts"":0,""opposition"":1,""passes"":false,""support"":0}}",,not_retained,2,0,1ce0689651dc53c4cadacb00e43287b120ab03f27904d10dc7e2470a5f9d4dba,row; resolved target taxon; comparisons ignored,row,resolved_target,ignore,primary_comparisons_and_primary_evidence_tiers
vu_row__taxon_resolved_target__comparison_ignore,Streptococcus,2,0,"{""decreased_in_AH"":0,""increased_in_AH"":2}","{""decreased_in_AH"":{""conflicts"":0,""opposition"":2,""passes"":false,""support"":0},""increased_in_AH"":{""conflicts"":0,""opposition"":0,""passes"":true,""support"":2}}",increased_in_AH,retained,2,0,1ce0689651dc53c4cadacb00e43287b120ab03f27904d10dc7e2470a5f9d4dba,row; resolved target taxon; comparisons ignored,row,resolved_target,ignore,primary_comparisons_and_primary_evidence_tiers
vu_row__taxon_resolved_target__comparison_ignore,Succinivibrio,1,0,"{""decreased_in_AH"":1,""increased_in_AH"":0}","{""decreased_in_AH"":{""conflicts"":0,""opposition"":0,""passes"":false,""support"":1},""increased_in_AH"":{""conflicts"":0,""opposition"":1,""passes"":false,""support"":0}}",,not_retained,2,0,1ce0689651dc53c4cadacb00e43287b120ab03f27904d10dc7e2470a5f9d4dba,row; resolved target taxon; comparisons ignored,row,resolved_target,ignore,primary_comparisons_and_primary_evidence_tiers
vu_row__taxon_resolved_target__comparison_ignore,Sutterella,1,0,"{""decreased_in_AH"":1,""increased_in_AH"":0}","{""decreased_in_AH"":{""conflicts"":0,""opposition"":0,""passes"":false,""support"":1},""increased_in_AH"":{""conflicts"":0,""opposition"":1,""passes"":false,""support"":0}}",,not_retained,2,0,1ce0689651dc53c4cadacb00e43287b120ab03f27904d10dc7e2470a5f9d4dba,row; resolved target taxon; comparisons ignored,row,resolved_target,ignore,primary_comparisons_and_primary_evidence_tiers
vu_row__taxon_resolved_target__comparison_ignore,Veillonella,3,0,"{""decreased_in_AH"":0,""increased_in_AH"":3}","{""decreased_in_AH"":{""conflicts"":0,""opposition"":3,""passes"":false,""support"":0},""increased_in_AH"":{""conflicts"":0,""opposition"":0,""passes"":true,""support"":3}}",increased_in_AH,retained,2,0,1ce0689651dc53c4cadacb00e43287b120ab03f27904d10dc7e2470a5f9d4dba,row; resolved target taxon; comparisons ignored,row,resolved_target,ignore,primary_comparisons_and_primary_evidence_tiers
vu_row__taxon_resolved_target__comparison_ignore,Victivallis,1,0,"{""decreased_in_AH"":1,""increased_in_AH"":0}","{""decreased_in_AH"":{""conflicts"":0,""opposition"":0,""passes"":false,""support"":1},""increased_in_AH"":{""conflicts"":0,""opposition"":1,""passes"":false,""support"":0}}",,not_retained,2,0,1ce0689651dc53c4cadacb00e43287b120ab03f27904d10dc7e2470a5f9d4dba,row; resolved target taxon; comparisons ignored,row,resolved_target,ignore,primary_comparisons_and_primary_evidence_tiers
vu_row__taxon_resolved_target__comparison_separate_votes,Alistipes,2,0,"{""decreased_in_AH"":2,""increased_in_AH"":0}","{""decreased_in_AH"":{""conflicts"":0,""opposition"":0,""passes"":true,""support"":2},""increased_in_AH"":{""conflicts"":0,""opposition"":2,""passes"":false,""support"":0}}",decreased_in_AH,retained,2,0,1ce0689651dc53c4cadacb00e43287b120ab03f27904d10dc7e2470a5f9d4dba,row; resolved target taxon; comparison-specific votes,row,resolved_target,separate_votes,primary_comparisons_and_primary_evidence_tiers
vu_row__taxon_resolved_target__comparison_separate_votes,Bacteroides,2,0,"{""decreased_in_AH"":0,""increased_in_AH"":2}","{""decreased_in_AH"":{""conflicts"":0,""opposition"":2,""passes"":false,""support"":0},""increased_in_AH"":{""conflicts"":0,""opposition"":0,""passes"":true,""support"":2}}",increased_in_AH,retained,2,0,1ce0689651dc53c4cadacb00e43287b120ab03f27904d10dc7e2470a5f9d4dba,row; resolved target taxon; comparison-specific votes,row,resolved_target,separate_votes,primary_comparisons_and_primary_evidence_tiers
vu_row__taxon_resolved_target__comparison_separate_votes,Desulfovibrio,1,0,"{""decreased_in_AH"":1,""increased_in_AH"":0}","{""decreased_in_AH"":{""conflicts"":0,""opposition"":0,""passes"":false,""support"":1},""increased_in_AH"":{""conflicts"":0,""opposition"":1,""passes"":false,""support"":0}}",,not_retained,2,0,1ce0689651dc53c4cadacb00e43287b120ab03f27904d10dc7e2470a5f9d4dba,row; resolved target taxon; comparison-specific votes,row,resolved_target,separate_votes,primary_comparisons_and_primary_evidence_tiers
vu_row__taxon_resolved_target__comparison_separate_votes,Dialister,2,0,"{""decreased_in_AH"":2,""increased_in_AH"":0}","{""decreased_in_AH"":{""conflicts"":0,""opposition"":0,""passes"":true,""support"":2},""increased_in_AH"":{""conflicts"":0,""opposition"":2,""passes"":false,""support"":0}}",decreased_in_AH,retained,2,0,1ce0689651dc53c4cadacb00e43287b120ab03f27904d10dc7e2470a5f9d4dba,row; resolved target taxon; comparison-specific votes,row,resolved_target,separate_votes,primary_comparisons_and_primary_evidence_tiers
vu_row__taxon_resolved_target__comparison_separate_votes,Enterocloster,1,0,"{""decreased_in_AH"":0,""increased_in_AH"":1}","{""decreased_in_AH"":{""conflicts"":0,""opposition"":1,""passes"":false,""support"":0},""increased_in_AH"":{""conflicts"":0,""opposition"":0,""passes"":false,""support"":1}}",,not_retained,2,0,1ce0689651dc53c4cadacb00e43287b120ab03f27904d10dc7e2470a5f9d4dba,row; resolved target taxon; comparison-specific votes,row,resolved_target,separate_votes,primary_comparisons_and_primary_evidence_tiers
vu_row__taxon_resolved_target__comparison_separate_votes,Enterococcus,2,0,"{""decreased_in_AH"":0,""increased_in_AH"":2}","{""decreased_in_AH"":{""conflicts"":0,""opposition"":2,""passes"":false,""support"":0},""increased_in_AH"":{""conflicts"":0,""opposition"":0,""passes"":true,""support"":2}}",increased_in_AH,retained,2,0,1ce0689651dc53c4cadacb00e43287b120ab03f27904d10dc7e2470a5f9d4dba,row; resolved target taxon; comparison-specific votes,row,resolved_target,separate_votes,primary_comparisons_and_primary_evidence_tiers
vu_row__taxon_resolved_target__comparison_separate_votes,Gemmiger,1,0,"{""decreased_in_AH"":1,""increased_in_AH"":0}","{""decreased_in_AH"":{""conflicts"":0,""opposition"":0,""passes"":false,""support"":1},""increased_in_AH"":{""conflicts"":0,""opposition"":1,""passes"":false,""support"":0}}",,not_retained,2,0,1ce0689651dc53c4cadacb00e43287b120ab03f27904d10dc7e2470a5f9d4dba,row; resolved target taxon; comparison-specific votes,row,resolved_target,separate_votes,primary_comparisons_and_primary_evidence_tiers
vu_row__taxon_resolved_target__comparison_separate_votes,Klebsiella,2,0,"{""decreased_in_AH"":0,""increased_in_AH"":2}","{""decreased_in_AH"":{""conflicts"":0,""opposition"":2,""passes"":false,""support"":0},""increased_in_AH"":{""conflicts"":0,""opposition"":0,""passes"":true,""support"":2}}",increased_in_AH,retained,2,0,1ce0689651dc53c4cadacb00e43287b120ab03f27904d10dc7e2470a5f9d4dba,row; resolved target taxon; comparison-specific votes,row,resolved_target,separate_votes,primary_comparisons_and_primary_evidence_tiers
vu_row__taxon_resolved_target__comparison_separate_votes,Leyella,1,0,"{""decreased_in_AH"":1,""increased_in_AH"":0}","{""decreased_in_AH"":{""conflicts"":0,""opposition"":0,""passes"":false,""support"":1},""increased_in_AH"":{""conflicts"":0,""opposition"":1,""passes"":false,""support"":0}}",,not_retained,2,0,1ce0689651dc53c4cadacb00e43287b120ab03f27904d10dc7e2470a5f9d4dba,row; resolved target taxon; comparison-specific votes,row,resolved_target,separate_votes,primary_comparisons_and_primary_evidence_tiers
vu_row__taxon_resolved_target__comparison_separate_votes,Oscillibacter,1,0,"{""decreased_in_AH"":1,""increased_in_AH"":0}","{""decreased_in_AH"":{""conflicts"":0,""opposition"":0,""passes"":false,""support"":1},""increased_in_AH"":{""conflicts"":0,""opposition"":1,""passes"":false,""support"":0}}",,not_retained,2,0,1ce0689651dc53c4cadacb00e43287b120ab03f27904d10dc7e2470a5f9d4dba,row; resolved target taxon; comparison-specific votes,row,resolved_target,separate_votes,primary_comparisons_and_primary_evidence_tiers
vu_row__taxon_resolved_target__comparison_separate_votes,Parabacteroides,1,0,"{""decreased_in_AH"":0,""increased_in_AH"":1}","{""decreased_in_AH"":{""conflicts"":0,""opposition"":1,""passes"":false,""support"":0},""increased_in_AH"":{""conflicts"":0,""opposition"":0,""passes"":false,""support"":1}}",,not_retained,2,0,1ce0689651dc53c4cadacb00e43287b120ab03f27904d10dc7e2470a5f9d4dba,row; resolved target taxon; comparison-specific votes,row,resolved_target,separate_votes,primary_comparisons_and_primary_evidence_tiers
vu_row__taxon_resolved_target__comparison_separate_votes,Phocaeicola,1,0,"{""decreased_in_AH"":1,""increased_in_AH"":0}","{""decreased_in_AH"":{""conflicts"":0,""opposition"":0,""passes"":false,""support"":1},""increased_in_AH"":{""conflicts"":0,""opposition"":1,""passes"":false,""support"":0}}",,not_retained,2,0,1ce0689651dc53c4cadacb00e43287b120ab03f27904d10dc7e2470a5f9d4dba,row; resolved target taxon; comparison-specific votes,row,resolved_target,separate_votes,primary_comparisons_and_primary_evidence_tiers
vu_row__taxon_resolved_target__comparison_separate_votes,Segatella,1,0,"{""decreased_in_AH"":1,""increased_in_AH"":0}","{""decreased_in_AH"":{""conflicts"":0,""opposition"":0,""passes"":false,""support"":1},""increased_in_AH"":{""conflicts"":0,""opposition"":1,""passes"":false,""support"":0}}",,not_retained,2,0,1ce0689651dc53c4cadacb00e43287b120ab03f27904d10dc7e2470a5f9d4dba,row; resolved target taxon; comparison-specific votes,row,resolved_target,separate_votes,primary_comparisons_and_primary_evidence_tiers
vu_row__taxon_resolved_target__comparison_separate_votes,Streptococcus,2,0,"{""decreased_in_AH"":0,""increased_in_AH"":2}","{""decreased_in_AH"":{""conflicts"":0,""opposition"":2,""passes"":false,""support"":0},""increased_in_AH"":{""conflicts"":0,""opposition"":0,""passes"":true,""support"":2}}",increased_in_AH,retained,2,0,1ce0689651dc53c4cadacb00e43287b120ab03f27904d10dc7e2470a5f9d4dba,row; resolved target taxon; comparison-specific votes,row,resolved_target,separate_votes,primary_comparisons_and_primary_evidence_tiers
vu_row__taxon_resolved_target__comparison_separate_votes,Succinivibrio,1,0,"{""decreased_in_AH"":1,""increased_in_AH"":0}","{""decreased_in_AH"":{""conflicts"":0,""opposition"":0,""passes"":false,""support"":1},""increased_in_AH"":{""conflicts"":0,""opposition"":1,""passes"":false,""support"":0}}",,not_retained,2,0,1ce0689651dc53c4cadacb00e43287b120ab03f27904d10dc7e2470a5f9d4dba,row; resolved target taxon; comparison-specific votes,row,resolved_target,separate_votes,primary_comparisons_and_primary_evidence_tiers
vu_row__taxon_resolved_target__comparison_separate_votes,Sutterella,1,0,"{""decreased_in_AH"":1,""increased_in_AH"":0}","{""decreased_in_AH"":{""conflicts"":0,""opposition"":0,""passes"":false,""support"":1},""increased_in_AH"":{""conflicts"":0,""opposition"":1,""passes"":false,""support"":0}}",,not_retained,2,0,1ce0689651dc53c4cadacb00e43287b120ab03f27904d10dc7e2470a5f9d4dba,row; resolved target taxon; comparison-specific votes,row,resolved_target,separate_votes,primary_comparisons_and_primary_evidence_tiers
vu_row__taxon_resolved_target__comparison_separate_votes,Veillonella,3,0,"{""decreased_in_AH"":0,""increased_in_AH"":3}","{""decreased_in_AH"":{""conflicts"":0,""opposition"":3,""passes"":false,""support"":0},""increased_in_AH"":{""conflicts"":0,""opposition"":0,""passes"":true,""support"":3}}",increased_in_AH,retained,2,0,1ce0689651dc53c4cadacb00e43287b120ab03f27904d10dc7e2470a5f9d4dba,row; resolved target taxon; comparison-specific votes,row,resolved_target,separate_votes,primary_comparisons_and_primary_evidence_tiers
vu_row__taxon_resolved_target__comparison_separate_votes,Victivallis,1,0,"{""decreased_in_AH"":1,""increased_in_AH"":0}","{""decreased_in_AH"":{""conflicts"":0,""opposition"":0,""passes"":false,""support"":1},""increased_in_AH"":{""conflicts"":0,""opposition"":1,""passes"":false,""support"":0}}",,not_retained,2,0,1ce0689651dc53c4cadacb00e43287b120ab03f27904d10dc7e2470a5f9d4dba,row; resolved target taxon; comparison-specific votes,row,resolved_target,separate_votes,primary_comparisons_and_primary_evidence_tiers
vu_row__taxon_source_label__comparison_family_state,Alistipes,1,0,"{""decreased_in_AH"":1,""increased_in_AH"":0}","{""decreased_in_AH"":{""conflicts"":0,""opposition"":0,""passes"":false,""support"":1},""increased_in_AH"":{""conflicts"":0,""opposition"":1,""passes"":false,""support"":0}}",,not_retained,2,0,1ce0689651dc53c4cadacb00e43287b120ab03f27904d10dc7e2470a5f9d4dba,row; source label; family-state collapse,row,source_label,family_state,primary_comparisons_and_primary_evidence_tiers
vu_row__taxon_source_label__comparison_family_state,Alistipes putredinis,1,0,"{""decreased_in_AH"":1,""increased_in_AH"":0}","{""decreased_in_AH"":{""conflicts"":0,""opposition"":0,""passes"":false,""support"":1},""increased_in_AH"":{""conflicts"":0,""opposition"":1,""passes"":false,""support"":0}}",,not_retained,2,0,1ce0689651dc53c4cadacb00e43287b120ab03f27904d10dc7e2470a5f9d4dba,row; source label; family-state collapse,row,source_label,family_state,primary_comparisons_and_primary_evidence_tiers
vu_row__taxon_source_label__comparison_family_state,Bacteroides finegoldii,1,0,"{""decreased_in_AH"":0,""increased_in_AH"":1}","{""decreased_in_AH"":{""conflicts"":0,""opposition"":1,""passes"":false,""support"":0},""increased_in_AH"":{""conflicts"":0,""opposition"":0,""passes"":false,""support"":1}}",,not_retained,2,0,1ce0689651dc53c4cadacb00e43287b120ab03f27904d10dc7e2470a5f9d4dba,row; source label; family-state collapse,row,source_label,family_state,primary_comparisons_and_primary_evidence_tiers
vu_row__taxon_source_label__comparison_family_state,Bacteroides plebeius,1,0,"{""decreased_in_AH"":1,""increased_in_AH"":0}","{""decreased_in_AH"":{""conflicts"":0,""opposition"":0,""passes"":false,""support"":1},""increased_in_AH"":{""conflicts"":0,""opposition"":1,""passes"":false,""support"":0}}",,not_retained,2,0,1ce0689651dc53c4cadacb00e43287b120ab03f27904d10dc7e2470a5f9d4dba,row; source label; family-state collapse,row,source_label,family_state,primary_comparisons_and_primary_evidence_tiers
vu_row__taxon_source_label__comparison_family_state,Bacteroides thetaiotaomicron,1,0,"{""decreased_in_AH"":0,""increased_in_AH"":1}","{""decreased_in_AH"":{""conflicts"":0,""opposition"":1,""passes"":false,""support"":0},""increased_in_AH"":{""conflicts"":0,""opposition"":0,""passes"":false,""support"":1}}",,not_retained,2,0,1ce0689651dc53c4cadacb00e43287b120ab03f27904d10dc7e2470a5f9d4dba,row; source label; family-state collapse,row,source_label,family_state,primary_comparisons_and_primary_evidence_tiers
vu_row__taxon_source_label__comparison_family_state,Clostridium aldenense,1,0,"{""decreased_in_AH"":0,""increased_in_AH"":1}","{""decreased_in_AH"":{""conflicts"":0,""opposition"":1,""passes"":false,""support"":0},""increased_in_AH"":{""conflicts"":0,""opposition"":0,""passes"":false,""support"":1}}",,not_retained,2,0,1ce0689651dc53c4cadacb00e43287b120ab03f27904d10dc7e2470a5f9d4dba,row; source label; family-state collapse,row,source_label,family_state,primary_comparisons_and_primary_evidence_tiers
vu_row__taxon_source_label__comparison_family_state,Desulfovibrio piger,1,0,"{""decreased_in_AH"":1,""increased_in_AH"":0}","{""decreased_in_AH"":{""conflicts"":0,""opposition"":0,""passes"":false,""support"":1},""increased_in_AH"":{""conflicts"":0,""opposition"":1,""passes"":false,""support"":0}}",,not_retained,2,0,1ce0689651dc53c4cadacb00e43287b120ab03f27904d10dc7e2470a5f9d4dba,row; source label; family-state collapse,row,source_label,family_state,primary_comparisons_and_primary_evidence_tiers
vu_row__taxon_source_label__comparison_family_state,Dialister,1,0,"{""decreased_in_AH"":1,""increased_in_AH"":0}","{""decreased_in_AH"":{""conflicts"":0,""opposition"":0,""passes"":false,""support"":1},""increased_in_AH"":{""conflicts"":0,""opposition"":1,""passes"":false,""support"":0}}",,not_retained,2,0,1ce0689651dc53c4cadacb00e43287b120ab03f27904d10dc7e2470a5f9d4dba,row; source label; family-state collapse,row,source_label,family_state,primary_comparisons_and_primary_evidence_tiers
vu_row__taxon_source_label__comparison_family_state,Dialister succinatiphilus,1,0,"{""decreased_in_AH"":1,""increased_in_AH"":0}","{""decreased_in_AH"":{""conflicts"":0,""opposition"":0,""passes"":false,""support"":1},""increased_in_AH"":{""conflicts"":0,""opposition"":1,""passes"":false,""support"":0}}",,not_retained,2,0,1ce0689651dc53c4cadacb00e43287b120ab03f27904d10dc7e2470a5f9d4dba,row; source label; family-state collapse,row,source_label,family_state,primary_comparisons_and_primary_evidence_tiers
vu_row__taxon_source_label__comparison_family_state,Enterococcus,1,0,"{""decreased_in_AH"":0,""increased_in_AH"":1}","{""decreased_in_AH"":{""conflicts"":0,""opposition"":1,""passes"":false,""support"":0},""increased_in_AH"":{""conflicts"":0,""opposition"":0,""passes"":false,""support"":1}}",,not_retained,2,0,1ce0689651dc53c4cadacb00e43287b120ab03f27904d10dc7e2470a5f9d4dba,row; source label; family-state collapse,row,source_label,family_state,primary_comparisons_and_primary_evidence_tiers
vu_row__taxon_source_label__comparison_family_state,Enterococcus faecium group,1,0,"{""decreased_in_AH"":0,""increased_in_AH"":1}","{""decreased_in_AH"":{""conflicts"":0,""opposition"":1,""passes"":false,""support"":0},""increased_in_AH"":{""conflicts"":0,""opposition"":0,""passes"":false,""support"":1}}",,not_retained,2,0,1ce0689651dc53c4cadacb00e43287b120ab03f27904d10dc7e2470a5f9d4dba,row; source label; family-state collapse,row,source_label,family_state,primary_comparisons_and_primary_evidence_tiers
vu_row__taxon_source_label__comparison_family_state,Gemmiger formicilis,1,0,"{""decreased_in_AH"":1,""increased_in_AH"":0}","{""decreased_in_AH"":{""conflicts"":0,""opposition"":0,""passes"":false,""support"":1},""increased_in_AH"":{""conflicts"":0,""opposition"":1,""passes"":false,""support"":0}}",,not_retained,2,0,1ce0689651dc53c4cadacb00e43287b120ab03f27904d10dc7e2470a5f9d4dba,row; source label; family-state collapse,row,source_label,family_state,primary_comparisons_and_primary_evidence_tiers
vu_row__taxon_source_label__comparison_family_state,Klebsiella pneumoniae,1,0,"{""decreased_in_AH"":0,""increased_in_AH"":1}","{""decreased_in_AH"":{""conflicts"":0,""opposition"":1,""passes"":false,""support"":0},""increased_in_AH"":{""conflicts"":0,""opposition"":0,""passes"":false,""support"":1}}",,not_retained,2,0,1ce0689651dc53c4cadacb00e43287b120ab03f27904d10dc7e2470a5f9d4dba,row; source label; family-state collapse,row,source_label,family_state,primary_comparisons_and_primary_evidence_tiers
vu_row__taxon_source_label__comparison_family_state,Klebsiella variicola,1,0,"{""decreased_in_AH"":0,""increased_in_AH"":1}","{""decreased_in_AH"":{""conflicts"":0,""opposition"":1,""passes"":false,""support"":0},""increased_in_AH"":{""conflicts"":0,""opposition"":0,""passes"":false,""support"":1}}",,not_retained,2,0,1ce0689651dc53c4cadacb00e43287b120ab03f27904d10dc7e2470a5f9d4dba,row; source label; family-state collapse,row,source_label,family_state,primary_comparisons_and_primary_evidence_tiers
vu_row__taxon_source_label__comparison_family_state,Oscillibacter,1,0,"{""decreased_in_AH"":1,""increased_in_AH"":0}","{""decreased_in_AH"":{""conflicts"":0,""opposition"":0,""passes"":false,""support"":1},""increased_in_AH"":{""conflicts"":0,""opposition"":1,""passes"":false,""support"":0}}",,not_retained,2,0,1ce0689651dc53c4cadacb00e43287b120ab03f27904d10dc7e2470a5f9d4dba,row; source label; family-state collapse,row,source_label,family_state,primary_comparisons_and_primary_evidence_tiers
vu_row__taxon_source_label__comparison_family_state,Parabacteroides distasonis,1,0,"{""decreased_in_AH"":0,""increased_in_AH"":1}","{""decreased_in_AH"":{""conflicts"":0,""opposition"":1,""passes"":false,""support"":0},""increased_in_AH"":{""conflicts"":0,""opposition"":0,""passes"":false,""support"":1}}",,not_retained,2,0,1ce0689651dc53c4cadacb00e43287b120ab03f27904d10dc7e2470a5f9d4dba,row; source label; family-state collapse,row,source_label,family_state,primary_comparisons_and_primary_evidence_tiers
vu_row__taxon_source_label__comparison_family_state,Prevotella copri,1,0,"{""decreased_in_AH"":1,""increased_in_AH"":0}","{""decreased_in_AH"":{""conflicts"":0,""opposition"":0,""passes"":false,""support"":1},""increased_in_AH"":{""conflicts"":0,""opposition"":1,""passes"":false,""support"":0}}",,not_retained,2,0,1ce0689651dc53c4cadacb00e43287b120ab03f27904d10dc7e2470a5f9d4dba,row; source label; family-state collapse,row,source_label,family_state,primary_comparisons_and_primary_evidence_tiers
vu_row__taxon_source_label__comparison_family_state,Prevotella stercorea,1,0,"{""decreased_in_AH"":1,""increased_in_AH"":0}","{""decreased_in_AH"":{""conflicts"":0,""opposition"":0,""passes"":false,""support"":1},""increased_in_AH"":{""conflicts"":0,""opposition"":1,""passes"":false,""support"":0}}",,not_retained,2,0,1ce0689651dc53c4cadacb00e43287b120ab03f27904d10dc7e2470a5f9d4dba,row; source label; family-state collapse,row,source_label,family_state,primary_comparisons_and_primary_evidence_tiers
vu_row__taxon_source_label__comparison_family_state,Streptococcus,1,0,"{""decreased_in_AH"":0,""increased_in_AH"":1}","{""decreased_in_AH"":{""conflicts"":0,""opposition"":1,""passes"":false,""support"":0},""increased_in_AH"":{""conflicts"":0,""opposition"":0,""passes"":false,""support"":1}}",,not_retained,2,0,1ce0689651dc53c4cadacb00e43287b120ab03f27904d10dc7e2470a5f9d4dba,row; source label; family-state collapse,row,source_label,family_state,primary_comparisons_and_primary_evidence_tiers
vu_row__taxon_source_label__comparison_family_state,Streptococcus pneumoniae group,1,0,"{""decreased_in_AH"":0,""increased_in_AH"":1}","{""decreased_in_AH"":{""conflicts"":0,""opposition"":1,""passes"":false,""support"":0},""increased_in_AH"":{""conflicts"":0,""opposition"":0,""passes"":false,""support"":1}}",,not_retained,2,0,1ce0689651dc53c4cadacb00e43287b120ab03f27904d10dc7e2470a5f9d4dba,row; source label; family-state collapse,row,source_label,family_state,primary_comparisons_and_primary_evidence_tiers
vu_row__taxon_source_label__comparison_family_state,Succinivibrio dextrinosolvens,1,0,"{""decreased_in_AH"":1,""increased_in_AH"":0}","{""decreased_in_AH"":{""conflicts"":0,""opposition"":0,""passes"":false,""support"":1},""increased_in_AH"":{""conflicts"":0,""opposition"":1,""passes"":false,""support"":0}}",,not_retained,2,0,1ce0689651dc53c4cadacb00e43287b120ab03f27904d10dc7e2470a5f9d4dba,row; source label; family-state collapse,row,source_label,family_state,primary_comparisons_and_primary_evidence_tiers
vu_row__taxon_source_label__comparison_family_state,Sutterella sp.,1,0,"{""decreased_in_AH"":1,""increased_in_AH"":0}","{""decreased_in_AH"":{""conflicts"":0,""opposition"":0,""passes"":false,""support"":1},""increased_in_AH"":{""conflicts"":0,""opposition"":1,""passes"":false,""support"":0}}",,not_retained,2,0,1ce0689651dc53c4cadacb00e43287b120ab03f27904d10dc7e2470a5f9d4dba,row; source label; family-state collapse,row,source_label,family_state,primary_comparisons_and_primary_evidence_tiers
vu_row__taxon_source_label__comparison_family_state,Veillonella,1,0,"{""decreased_in_AH"":0,""increased_in_AH"":1}","{""decreased_in_AH"":{""conflicts"":0,""opposition"":1,""passes"":false,""support"":0},""increased_in_AH"":{""conflicts"":0,""opposition"":0,""passes"":false,""support"":1}}",,not_retained,2,0,1ce0689651dc53c4cadacb00e43287b120ab03f27904d10dc7e2470a5f9d4dba,row; source label; family-state collapse,row,source_label,family_state,primary_comparisons_and_primary_evidence_tiers
vu_row__taxon_source_label__comparison_family_state,Veillonella dispar,1,0,"{""decreased_in_AH"":0,""increased_in_AH"":1}","{""decreased_in_AH"":{""conflicts"":0,""opposition"":1,""passes"":false,""support"":0},""increased_in_AH"":{""conflicts"":0,""opposition"":0,""passes"":false,""support"":1}}",,not_retained,2,0,1ce0689651dc53c4cadacb00e43287b120ab03f27904d10dc7e2470a5f9d4dba,row; source label; family-state collapse,row,source_label,family_state,primary_comparisons_and_primary_evidence_tiers
vu_row__taxon_source_label__comparison_family_state,Veillonella parvula group,1,0,"{""decreased_in_AH"":0,""increased_in_AH"":1}","{""decreased_in_AH"":{""conflicts"":0,""opposition"":1,""passes"":false,""support"":0},""increased_in_AH"":{""conflicts"":0,""opposition"":0,""passes"":false,""support"":1}}",,not_retained,2,0,1ce0689651dc53c4cadacb00e43287b120ab03f27904d10dc7e2470a5f9d4dba,row; source label; family-state collapse,row,source_label,family_state,primary_comparisons_and_primary_evidence_tiers
vu_row__taxon_source_label__comparison_family_state,Victivallis vadensis,1,0,"{""decreased_in_AH"":1,""increased_in_AH"":0}","{""decreased_in_AH"":{""conflicts"":0,""opposition"":0,""passes"":false,""support"":1},""increased_in_AH"":{""conflicts"":0,""opposition"":1,""passes"":false,""support"":0}}",,not_retained,2,0,1ce0689651dc53c4cadacb00e43287b120ab03f27904d10dc7e2470a5f9d4dba,row; source label; family-state collapse,row,source_label,family_state,primary_comparisons_and_primary_evidence_tiers
vu_row__taxon_source_label__comparison_ignore,Alistipes,1,0,"{""decreased_in_AH"":1,""increased_in_AH"":0}","{""decreased_in_AH"":{""conflicts"":0,""opposition"":0,""passes"":false,""support"":1},""increased_in_AH"":{""conflicts"":0,""opposition"":1,""passes"":false,""support"":0}}",,not_retained,2,0,1ce0689651dc53c4cadacb00e43287b120ab03f27904d10dc7e2470a5f9d4dba,row; source label; comparisons ignored,row,source_label,ignore,primary_comparisons_and_primary_evidence_tiers
vu_row__taxon_source_label__comparison_ignore,Alistipes putredinis,1,0,"{""decreased_in_AH"":1,""increased_in_AH"":0}","{""decreased_in_AH"":{""conflicts"":0,""opposition"":0,""passes"":false,""support"":1},""increased_in_AH"":{""conflicts"":0,""opposition"":1,""passes"":false,""support"":0}}",,not_retained,2,0,1ce0689651dc53c4cadacb00e43287b120ab03f27904d10dc7e2470a5f9d4dba,row; source label; comparisons ignored,row,source_label,ignore,primary_comparisons_and_primary_evidence_tiers
vu_row__taxon_source_label__comparison_ignore,Bacteroides finegoldii,1,0,"{""decreased_in_AH"":0,""increased_in_AH"":1}","{""decreased_in_AH"":{""conflicts"":0,""opposition"":1,""passes"":false,""support"":0},""increased_in_AH"":{""conflicts"":0,""opposition"":0,""passes"":false,""support"":1}}",,not_retained,2,0,1ce0689651dc53c4cadacb00e43287b120ab03f27904d10dc7e2470a5f9d4dba,row; source label; comparisons ignored,row,source_label,ignore,primary_comparisons_and_primary_evidence_tiers
vu_row__taxon_source_label__comparison_ignore,Bacteroides plebeius,1,0,"{""decreased_in_AH"":1,""increased_in_AH"":0}","{""decreased_in_AH"":{""conflicts"":0,""opposition"":0,""passes"":false,""support"":1},""increased_in_AH"":{""conflicts"":0,""opposition"":1,""passes"":false,""support"":0}}",,not_retained,2,0,1ce0689651dc53c4cadacb00e43287b120ab03f27904d10dc7e2470a5f9d4dba,row; source label; comparisons ignored,row,source_label,ignore,primary_comparisons_and_primary_evidence_tiers
vu_row__taxon_source_label__comparison_ignore,Bacteroides thetaiotaomicron,1,0,"{""decreased_in_AH"":0,""increased_in_AH"":1}","{""decreased_in_AH"":{""conflicts"":0,""opposition"":1,""passes"":false,""support"":0},""increased_in_AH"":{""conflicts"":0,""opposition"":0,""passes"":false,""support"":1}}",,not_retained,2,0,1ce0689651dc53c4cadacb00e43287b120ab03f27904d10dc7e2470a5f9d4dba,row; source label; comparisons ignored,row,source_label,ignore,primary_comparisons_and_primary_evidence_tiers
vu_row__taxon_source_label__comparison_ignore,Clostridium aldenense,1,0,"{""decreased_in_AH"":0,""increased_in_AH"":1}","{""decreased_in_AH"":{""conflicts"":0,""opposition"":1,""passes"":false,""support"":0},""increased_in_AH"":{""conflicts"":0,""opposition"":0,""passes"":false,""support"":1}}",,not_retained,2,0,1ce0689651dc53c4cadacb00e43287b120ab03f27904d10dc7e2470a5f9d4dba,row; source label; comparisons ignored,row,source_label,ignore,primary_comparisons_and_primary_evidence_tiers
vu_row__taxon_source_label__comparison_ignore,Desulfovibrio piger,1,0,"{""decreased_in_AH"":1,""increased_in_AH"":0}","{""decreased_in_AH"":{""conflicts"":0,""opposition"":0,""passes"":false,""support"":1},""increased_in_AH"":{""conflicts"":0,""opposition"":1,""passes"":false,""support"":0}}",,not_retained,2,0,1ce0689651dc53c4cadacb00e43287b120ab03f27904d10dc7e2470a5f9d4dba,row; source label; comparisons ignored,row,source_label,ignore,primary_comparisons_and_primary_evidence_tiers
vu_row__taxon_source_label__comparison_ignore,Dialister,1,0,"{""decreased_in_AH"":1,""increased_in_AH"":0}","{""decreased_in_AH"":{""conflicts"":0,""opposition"":0,""passes"":false,""support"":1},""increased_in_AH"":{""conflicts"":0,""opposition"":1,""passes"":false,""support"":0}}",,not_retained,2,0,1ce0689651dc53c4cadacb00e43287b120ab03f27904d10dc7e2470a5f9d4dba,row; source label; comparisons ignored,row,source_label,ignore,primary_comparisons_and_primary_evidence_tiers
vu_row__taxon_source_label__comparison_ignore,Dialister succinatiphilus,1,0,"{""decreased_in_AH"":1,""increased_in_AH"":0}","{""decreased_in_AH"":{""conflicts"":0,""opposition"":0,""passes"":false,""support"":1},""increased_in_AH"":{""conflicts"":0,""opposition"":1,""passes"":false,""support"":0}}",,not_retained,2,0,1ce0689651dc53c4cadacb00e43287b120ab03f27904d10dc7e2470a5f9d4dba,row; source label; comparisons ignored,row,source_label,ignore,primary_comparisons_and_primary_evidence_tiers
vu_row__taxon_source_label__comparison_ignore,Enterococcus,1,0,"{""decreased_in_AH"":0,""increased_in_AH"":1}","{""decreased_in_AH"":{""conflicts"":0,""opposition"":1,""passes"":false,""support"":0},""increased_in_AH"":{""conflicts"":0,""opposition"":0,""passes"":false,""support"":1}}",,not_retained,2,0,1ce0689651dc53c4cadacb00e43287b120ab03f27904d10dc7e2470a5f9d4dba,row; source label; comparisons ignored,row,source_label,ignore,primary_comparisons_and_primary_evidence_tiers
vu_row__taxon_source_label__comparison_ignore,Enterococcus faecium group,1,0,"{""decreased_in_AH"":0,""increased_in_AH"":1}","{""decreased_in_AH"":{""conflicts"":0,""opposition"":1,""passes"":false,""support"":0},""increased_in_AH"":{""conflicts"":0,""opposition"":0,""passes"":false,""support"":1}}",,not_retained,2,0,1ce0689651dc53c4cadacb00e43287b120ab03f27904d10dc7e2470a5f9d4dba,row; source label; comparisons ignored,row,source_label,ignore,primary_comparisons_and_primary_evidence_tiers
vu_row__taxon_source_label__comparison_ignore,Gemmiger formicilis,1,0,"{""decreased_in_AH"":1,""increased_in_AH"":0}","{""decreased_in_AH"":{""conflicts"":0,""opposition"":0,""passes"":false,""support"":1},""increased_in_AH"":{""conflicts"":0,""opposition"":1,""passes"":false,""support"":0}}",,not_retained,2,0,1ce0689651dc53c4cadacb00e43287b120ab03f27904d10dc7e2470a5f9d4dba,row; source label; comparisons ignored,row,source_label,ignore,primary_comparisons_and_primary_evidence_tiers
vu_row__taxon_source_label__comparison_ignore,Klebsiella pneumoniae,1,0,"{""decreased_in_AH"":0,""increased_in_AH"":1}","{""decreased_in_AH"":{""conflicts"":0,""opposition"":1,""passes"":false,""support"":0},""increased_in_AH"":{""conflicts"":0,""opposition"":0,""passes"":false,""support"":1}}",,not_retained,2,0,1ce0689651dc53c4cadacb00e43287b120ab03f27904d10dc7e2470a5f9d4dba,row; source label; comparisons ignored,row,source_label,ignore,primary_comparisons_and_primary_evidence_tiers
vu_row__taxon_source_label__comparison_ignore,Klebsiella variicola,1,0,"{""decreased_in_AH"":0,""increased_in_AH"":1}","{""decreased_in_AH"":{""conflicts"":0,""opposition"":1,""passes"":false,""support"":0},""increased_in_AH"":{""conflicts"":0,""opposition"":0,""passes"":false,""support"":1}}",,not_retained,2,0,1ce0689651dc53c4cadacb00e43287b120ab03f27904d10dc7e2470a5f9d4dba,row; source label; comparisons ignored,row,source_label,ignore,primary_comparisons_and_primary_evidence_tiers
vu_row__taxon_source_label__comparison_ignore,Oscillibacter,1,0,"{""decreased_in_AH"":1,""increased_in_AH"":0}","{""decreased_in_AH"":{""conflicts"":0,""opposition"":0,""passes"":false,""support"":1},""increased_in_AH"":{""conflicts"":0,""opposition"":1,""passes"":false,""support"":0}}",,not_retained,2,0,1ce0689651dc53c4cadacb00e43287b120ab03f27904d10dc7e2470a5f9d4dba,row; source label; comparisons ignored,row,source_label,ignore,primary_comparisons_and_primary_evidence_tiers
vu_row__taxon_source_label__comparison_ignore,Parabacteroides distasonis,1,0,"{""decreased_in_AH"":0,""increased_in_AH"":1}","{""decreased_in_AH"":{""conflicts"":0,""opposition"":1,""passes"":false,""support"":0},""increased_in_AH"":{""conflicts"":0,""opposition"":0,""passes"":false,""support"":1}}",,not_retained,2,0,1ce0689651dc53c4cadacb00e43287b120ab03f27904d10dc7e2470a5f9d4dba,row; source label; comparisons ignored,row,source_label,ignore,primary_comparisons_and_primary_evidence_tiers
vu_row__taxon_source_label__comparison_ignore,Prevotella copri,1,0,"{""decreased_in_AH"":1,""increased_in_AH"":0}","{""decreased_in_AH"":{""conflicts"":0,""opposition"":0,""passes"":false,""support"":1},""increased_in_AH"":{""conflicts"":0,""opposition"":1,""passes"":false,""support"":0}}",,not_retained,2,0,1ce0689651dc53c4cadacb00e43287b120ab03f27904d10dc7e2470a5f9d4dba,row; source label; comparisons ignored,row,source_label,ignore,primary_comparisons_and_primary_evidence_tiers
vu_row__taxon_source_label__comparison_ignore,Prevotella stercorea,1,0,"{""decreased_in_AH"":1,""increased_in_AH"":0}","{""decreased_in_AH"":{""conflicts"":0,""opposition"":0,""passes"":false,""support"":1},""increased_in_AH"":{""conflicts"":0,""opposition"":1,""passes"":false,""support"":0}}",,not_retained,2,0,1ce0689651dc53c4cadacb00e43287b120ab03f27904d10dc7e2470a5f9d4dba,row; source label; comparisons ignored,row,source_label,ignore,primary_comparisons_and_primary_evidence_tiers
vu_row__taxon_source_label__comparison_ignore,Streptococcus,1,0,"{""decreased_in_AH"":0,""increased_in_AH"":1}","{""decreased_in_AH"":{""conflicts"":0,""opposition"":1,""passes"":false,""support"":0},""increased_in_AH"":{""conflicts"":0,""opposition"":0,""passes"":false,""support"":1}}",,not_retained,2,0,1ce0689651dc53c4cadacb00e43287b120ab03f27904d10dc7e2470a5f9d4dba,row; source label; comparisons ignored,row,source_label,ignore,primary_comparisons_and_primary_evidence_tiers
vu_row__taxon_source_label__comparison_ignore,Streptococcus pneumoniae group,1,0,"{""decreased_in_AH"":0,""increased_in_AH"":1}","{""decreased_in_AH"":{""conflicts"":0,""opposition"":1,""passes"":false,""support"":0},""increased_in_AH"":{""conflicts"":0,""opposition"":0,""passes"":false,""support"":1}}",,not_retained,2,0,1ce0689651dc53c4cadacb00e43287b120ab03f27904d10dc7e2470a5f9d4dba,row; source label; comparisons ignored,row,source_label,ignore,primary_comparisons_and_primary_evidence_tiers
vu_row__taxon_source_label__comparison_ignore,Succinivibrio dextrinosolvens,1,0,"{""decreased_in_AH"":1,""increased_in_AH"":0}","{""decreased_in_AH"":{""conflicts"":0,""opposition"":0,""passes"":false,""support"":1},""increased_in_AH"":{""conflicts"":0,""opposition"":1,""passes"":false,""support"":0}}",,not_retained,2,0,1ce0689651dc53c4cadacb00e43287b120ab03f27904d10dc7e2470a5f9d4dba,row; source label; comparisons ignored,row,source_label,ignore,primary_comparisons_and_primary_evidence_tiers
vu_row__taxon_source_label__comparison_ignore,Sutterella sp.,1,0,"{""decreased_in_AH"":1,""increased_in_AH"":0}","{""decreased_in_AH"":{""conflicts"":0,""opposition"":0,""passes"":false,""support"":1},""increased_in_AH"":{""conflicts"":0,""opposition"":1,""passes"":false,""support"":0}}",,not_retained,2,0,1ce0689651dc53c4cadacb00e43287b120ab03f27904d10dc7e2470a5f9d4dba,row; source label; comparisons ignored,row,source_label,ignore,primary_comparisons_and_primary_evidence_tiers
vu_row__taxon_source_label__comparison_ignore,Veillonella,1,0,"{""decreased_in_AH"":0,""increased_in_AH"":1}","{""decreased_in_AH"":{""conflicts"":0,""opposition"":1,""passes"":false,""support"":0},""increased_in_AH"":{""conflicts"":0,""opposition"":0,""passes"":false,""support"":1}}",,not_retained,2,0,1ce0689651dc53c4cadacb00e43287b120ab03f27904d10dc7e2470a5f9d4dba,row; source label; comparisons ignored,row,source_label,ignore,primary_comparisons_and_primary_evidence_tiers
vu_row__taxon_source_label__comparison_ignore,Veillonella dispar,1,0,"{""decreased_in_AH"":0,""increased_in_AH"":1}","{""decreased_in_AH"":{""conflicts"":0,""opposition"":1,""passes"":false,""support"":0},""increased_in_AH"":{""conflicts"":0,""opposition"":0,""passes"":false,""support"":1}}",,not_retained,2,0,1ce0689651dc53c4cadacb00e43287b120ab03f27904d10dc7e2470a5f9d4dba,row; source label; comparisons ignored,row,source_label,ignore,primary_comparisons_and_primary_evidence_tiers
vu_row__taxon_source_label__comparison_ignore,Veillonella parvula group,1,0,"{""decreased_in_AH"":0,""increased_in_AH"":1}","{""decreased_in_AH"":{""conflicts"":0,""opposition"":1,""passes"":false,""support"":0},""increased_in_AH"":{""conflicts"":0,""opposition"":0,""passes"":false,""support"":1}}",,not_retained,2,0,1ce0689651dc53c4cadacb00e43287b120ab03f27904d10dc7e2470a5f9d4dba,row; source label; comparisons ignored,row,source_label,ignore,primary_comparisons_and_primary_evidence_tiers
vu_row__taxon_source_label__comparison_ignore,Victivallis vadensis,1,0,"{""decreased_in_AH"":1,""increased_in_AH"":0}","{""decreased_in_AH"":{""conflicts"":0,""opposition"":0,""passes"":false,""support"":1},""increased_in_AH"":{""conflicts"":0,""opposition"":1,""passes"":false,""support"":0}}",,not_retained,2,0,1ce0689651dc53c4cadacb00e43287b120ab03f27904d10dc7e2470a5f9d4dba,row; source label; comparisons ignored,row,source_label,ignore,primary_comparisons_and_primary_evidence_tiers
vu_row__taxon_source_label__comparison_separate_votes,Alistipes,1,0,"{""decreased_in_AH"":1,""increased_in_AH"":0}","{""decreased_in_AH"":{""conflicts"":0,""opposition"":0,""passes"":false,""support"":1},""increased_in_AH"":{""conflicts"":0,""opposition"":1,""passes"":false,""support"":0}}",,not_retained,2,0,1ce0689651dc53c4cadacb00e43287b120ab03f27904d10dc7e2470a5f9d4dba,row; source label; comparison-specific votes,row,source_label,separate_votes,primary_comparisons_and_primary_evidence_tiers
vu_row__taxon_source_label__comparison_separate_votes,Alistipes putredinis,1,0,"{""decreased_in_AH"":1,""increased_in_AH"":0}","{""decreased_in_AH"":{""conflicts"":0,""opposition"":0,""passes"":false,""support"":1},""increased_in_AH"":{""conflicts"":0,""opposition"":1,""passes"":false,""support"":0}}",,not_retained,2,0,1ce0689651dc53c4cadacb00e43287b120ab03f27904d10dc7e2470a5f9d4dba,row; source label; comparison-specific votes,row,source_label,separate_votes,primary_comparisons_and_primary_evidence_tiers
vu_row__taxon_source_label__comparison_separate_votes,Bacteroides finegoldii,1,0,"{""decreased_in_AH"":0,""increased_in_AH"":1}","{""decreased_in_AH"":{""conflicts"":0,""opposition"":1,""passes"":false,""support"":0},""increased_in_AH"":{""conflicts"":0,""opposition"":0,""passes"":false,""support"":1}}",,not_retained,2,0,1ce0689651dc53c4cadacb00e43287b120ab03f27904d10dc7e2470a5f9d4dba,row; source label; comparison-specific votes,row,source_label,separate_votes,primary_comparisons_and_primary_evidence_tiers
vu_row__taxon_source_label__comparison_separate_votes,Bacteroides plebeius,1,0,"{""decreased_in_AH"":1,""increased_in_AH"":0}","{""decreased_in_AH"":{""conflicts"":0,""opposition"":0,""passes"":false,""support"":1},""increased_in_AH"":{""conflicts"":0,""opposition"":1,""passes"":false,""support"":0}}",,not_retained,2,0,1ce0689651dc53c4cadacb00e43287b120ab03f27904d10dc7e2470a5f9d4dba,row; source label; comparison-specific votes,row,source_label,separate_votes,primary_comparisons_and_primary_evidence_tiers
vu_row__taxon_source_label__comparison_separate_votes,Bacteroides thetaiotaomicron,1,0,"{""decreased_in_AH"":0,""increased_in_AH"":1}","{""decreased_in_AH"":{""conflicts"":0,""opposition"":1,""passes"":false,""support"":0},""increased_in_AH"":{""conflicts"":0,""opposition"":0,""passes"":false,""support"":1}}",,not_retained,2,0,1ce0689651dc53c4cadacb00e43287b120ab03f27904d10dc7e2470a5f9d4dba,row; source label; comparison-specific votes,row,source_label,separate_votes,primary_comparisons_and_primary_evidence_tiers
vu_row__taxon_source_label__comparison_separate_votes,Clostridium aldenense,1,0,"{""decreased_in_AH"":0,""increased_in_AH"":1}","{""decreased_in_AH"":{""conflicts"":0,""opposition"":1,""passes"":false,""support"":0},""increased_in_AH"":{""conflicts"":0,""opposition"":0,""passes"":false,""support"":1}}",,not_retained,2,0,1ce0689651dc53c4cadacb00e43287b120ab03f27904d10dc7e2470a5f9d4dba,row; source label; comparison-specific votes,row,source_label,separate_votes,primary_comparisons_and_primary_evidence_tiers
vu_row__taxon_source_label__comparison_separate_votes,Desulfovibrio piger,1,0,"{""decreased_in_AH"":1,""increased_in_AH"":0}","{""decreased_in_AH"":{""conflicts"":0,""opposition"":0,""passes"":false,""support"":1},""increased_in_AH"":{""conflicts"":0,""opposition"":1,""passes"":false,""support"":0}}",,not_retained,2,0,1ce0689651dc53c4cadacb00e43287b120ab03f27904d10dc7e2470a5f9d4dba,row; source label; comparison-specific votes,row,source_label,separate_votes,primary_comparisons_and_primary_evidence_tiers
vu_row__taxon_source_label__comparison_separate_votes,Dialister,1,0,"{""decreased_in_AH"":1,""increased_in_AH"":0}","{""decreased_in_AH"":{""conflicts"":0,""opposition"":0,""passes"":false,""support"":1},""increased_in_AH"":{""conflicts"":0,""opposition"":1,""passes"":false,""support"":0}}",,not_retained,2,0,1ce0689651dc53c4cadacb00e43287b120ab03f27904d10dc7e2470a5f9d4dba,row; source label; comparison-specific votes,row,source_label,separate_votes,primary_comparisons_and_primary_evidence_tiers
vu_row__taxon_source_label__comparison_separate_votes,Dialister succinatiphilus,1,0,"{""decreased_in_AH"":1,""increased_in_AH"":0}","{""decreased_in_AH"":{""conflicts"":0,""opposition"":0,""passes"":false,""support"":1},""increased_in_AH"":{""conflicts"":0,""opposition"":1,""passes"":false,""support"":0}}",,not_retained,2,0,1ce0689651dc53c4cadacb00e43287b120ab03f27904d10dc7e2470a5f9d4dba,row; source label; comparison-specific votes,row,source_label,separate_votes,primary_comparisons_and_primary_evidence_tiers
vu_row__taxon_source_label__comparison_separate_votes,Enterococcus,1,0,"{""decreased_in_AH"":0,""increased_in_AH"":1}","{""decreased_in_AH"":{""conflicts"":0,""opposition"":1,""passes"":false,""support"":0},""increased_in_AH"":{""conflicts"":0,""opposition"":0,""passes"":false,""support"":1}}",,not_retained,2,0,1ce0689651dc53c4cadacb00e43287b120ab03f27904d10dc7e2470a5f9d4dba,row; source label; comparison-specific votes,row,source_label,separate_votes,primary_comparisons_and_primary_evidence_tiers
vu_row__taxon_source_label__comparison_separate_votes,Enterococcus faecium group,1,0,"{""decreased_in_AH"":0,""increased_in_AH"":1}","{""decreased_in_AH"":{""conflicts"":0,""opposition"":1,""passes"":false,""support"":0},""increased_in_AH"":{""conflicts"":0,""opposition"":0,""passes"":false,""support"":1}}",,not_retained,2,0,1ce0689651dc53c4cadacb00e43287b120ab03f27904d10dc7e2470a5f9d4dba,row; source label; comparison-specific votes,row,source_label,separate_votes,primary_comparisons_and_primary_evidence_tiers
vu_row__taxon_source_label__comparison_separate_votes,Gemmiger formicilis,1,0,"{""decreased_in_AH"":1,""increased_in_AH"":0}","{""decreased_in_AH"":{""conflicts"":0,""opposition"":0,""passes"":false,""support"":1},""increased_in_AH"":{""conflicts"":0,""opposition"":1,""passes"":false,""support"":0}}",,not_retained,2,0,1ce0689651dc53c4cadacb00e43287b120ab03f27904d10dc7e2470a5f9d4dba,row; source label; comparison-specific votes,row,source_label,separate_votes,primary_comparisons_and_primary_evidence_tiers
vu_row__taxon_source_label__comparison_separate_votes,Klebsiella pneumoniae,1,0,"{""decreased_in_AH"":0,""increased_in_AH"":1}","{""decreased_in_AH"":{""conflicts"":0,""opposition"":1,""passes"":false,""support"":0},""increased_in_AH"":{""conflicts"":0,""opposition"":0,""passes"":false,""support"":1}}",,not_retained,2,0,1ce0689651dc53c4cadacb00e43287b120ab03f27904d10dc7e2470a5f9d4dba,row; source label; comparison-specific votes,row,source_label,separate_votes,primary_comparisons_and_primary_evidence_tiers
vu_row__taxon_source_label__comparison_separate_votes,Klebsiella variicola,1,0,"{""decreased_in_AH"":0,""increased_in_AH"":1}","{""decreased_in_AH"":{""conflicts"":0,""opposition"":1,""passes"":false,""support"":0},""increased_in_AH"":{""conflicts"":0,""opposition"":0,""passes"":false,""support"":1}}",,not_retained,2,0,1ce0689651dc53c4cadacb00e43287b120ab03f27904d10dc7e2470a5f9d4dba,row; source label; comparison-specific votes,row,source_label,separate_votes,primary_comparisons_and_primary_evidence_tiers
vu_row__taxon_source_label__comparison_separate_votes,Oscillibacter,1,0,"{""decreased_in_AH"":1,""increased_in_AH"":0}","{""decreased_in_AH"":{""conflicts"":0,""opposition"":0,""passes"":false,""support"":1},""increased_in_AH"":{""conflicts"":0,""opposition"":1,""passes"":false,""support"":0}}",,not_retained,2,0,1ce0689651dc53c4cadacb00e43287b120ab03f27904d10dc7e2470a5f9d4dba,row; source label; comparison-specific votes,row,source_label,separate_votes,primary_comparisons_and_primary_evidence_tiers
vu_row__taxon_source_label__comparison_separate_votes,Parabacteroides distasonis,1,0,"{""decreased_in_AH"":0,""increased_in_AH"":1}","{""decreased_in_AH"":{""conflicts"":0,""opposition"":1,""passes"":false,""support"":0},""increased_in_AH"":{""conflicts"":0,""opposition"":0,""passes"":false,""support"":1}}",,not_retained,2,0,1ce0689651dc53c4cadacb00e43287b120ab03f27904d10dc7e2470a5f9d4dba,row; source label; comparison-specific votes,row,source_label,separate_votes,primary_comparisons_and_primary_evidence_tiers
vu_row__taxon_source_label__comparison_separate_votes,Prevotella copri,1,0,"{""decreased_in_AH"":1,""increased_in_AH"":0}","{""decreased_in_AH"":{""conflicts"":0,""opposition"":0,""passes"":false,""support"":1},""increased_in_AH"":{""conflicts"":0,""opposition"":1,""passes"":false,""support"":0}}",,not_retained,2,0,1ce0689651dc53c4cadacb00e43287b120ab03f27904d10dc7e2470a5f9d4dba,row; source label; comparison-specific votes,row,source_label,separate_votes,primary_comparisons_and_primary_evidence_tiers
vu_row__taxon_source_label__comparison_separate_votes,Prevotella stercorea,1,0,"{""decreased_in_AH"":1,""increased_in_AH"":0}","{""decreased_in_AH"":{""conflicts"":0,""opposition"":0,""passes"":false,""support"":1},""increased_in_AH"":{""conflicts"":0,""opposition"":1,""passes"":false,""support"":0}}",,not_retained,2,0,1ce0689651dc53c4cadacb00e43287b120ab03f27904d10dc7e2470a5f9d4dba,row; source label; comparison-specific votes,row,source_label,separate_votes,primary_comparisons_and_primary_evidence_tiers
vu_row__taxon_source_label__comparison_separate_votes,Streptococcus,1,0,"{""decreased_in_AH"":0,""increased_in_AH"":1}","{""decreased_in_AH"":{""conflicts"":0,""opposition"":1,""passes"":false,""support"":0},""increased_in_AH"":{""conflicts"":0,""opposition"":0,""passes"":false,""support"":1}}",,not_retained,2,0,1ce0689651dc53c4cadacb00e43287b120ab03f27904d10dc7e2470a5f9d4dba,row; source label; comparison-specific votes,row,source_label,separate_votes,primary_comparisons_and_primary_evidence_tiers
vu_row__taxon_source_label__comparison_separate_votes,Streptococcus pneumoniae group,1,0,"{""decreased_in_AH"":0,""increased_in_AH"":1}","{""decreased_in_AH"":{""conflicts"":0,""opposition"":1,""passes"":false,""support"":0},""increased_in_AH"":{""conflicts"":0,""opposition"":0,""passes"":false,""support"":1}}",,not_retained,2,0,1ce0689651dc53c4cadacb00e43287b120ab03f27904d10dc7e2470a5f9d4dba,row; source label; comparison-specific votes,row,source_label,separate_votes,primary_comparisons_and_primary_evidence_tiers
vu_row__taxon_source_label__comparison_separate_votes,Succinivibrio dextrinosolvens,1,0,"{""decreased_in_AH"":1,""increased_in_AH"":0}","{""decreased_in_AH"":{""conflicts"":0,""opposition"":0,""passes"":false,""support"":1},""increased_in_AH"":{""conflicts"":0,""opposition"":1,""passes"":false,""support"":0}}",,not_retained,2,0,1ce0689651dc53c4cadacb00e43287b120ab03f27904d10dc7e2470a5f9d4dba,row; source label; comparison-specific votes,row,source_label,separate_votes,primary_comparisons_and_primary_evidence_tiers
vu_row__taxon_source_label__comparison_separate_votes,Sutterella sp.,1,0,"{""decreased_in_AH"":1,""increased_in_AH"":0}","{""decreased_in_AH"":{""conflicts"":0,""opposition"":0,""passes"":false,""support"":1},""increased_in_AH"":{""conflicts"":0,""opposition"":1,""passes"":false,""support"":0}}",,not_retained,2,0,1ce0689651dc53c4cadacb00e43287b120ab03f27904d10dc7e2470a5f9d4dba,row; source label; comparison-specific votes,row,source_label,separate_votes,primary_comparisons_and_primary_evidence_tiers
vu_row__taxon_source_label__comparison_separate_votes,Veillonella,1,0,"{""decreased_in_AH"":0,""increased_in_AH"":1}","{""decreased_in_AH"":{""conflicts"":0,""opposition"":1,""passes"":false,""support"":0},""increased_in_AH"":{""conflicts"":0,""opposition"":0,""passes"":false,""support"":1}}",,not_retained,2,0,1ce0689651dc53c4cadacb00e43287b120ab03f27904d10dc7e2470a5f9d4dba,row; source label; comparison-specific votes,row,source_label,separate_votes,primary_comparisons_and_primary_evidence_tiers
vu_row__taxon_source_label__comparison_separate_votes,Veillonella dispar,1,0,"{""decreased_in_AH"":0,""increased_in_AH"":1}","{""decreased_in_AH"":{""conflicts"":0,""opposition"":1,""passes"":false,""support"":0},""increased_in_AH"":{""conflicts"":0,""opposition"":0,""passes"":false,""support"":1}}",,not_retained,2,0,1ce0689651dc53c4cadacb00e43287b120ab03f27904d10dc7e2470a5f9d4dba,row; source label; comparison-specific votes,row,source_label,separate_votes,primary_comparisons_and_primary_evidence_tiers
vu_row__taxon_source_label__comparison_separate_votes,Veillonella parvula group,1,0,"{""decreased_in_AH"":0,""increased_in_AH"":1}","{""decreased_in_AH"":{""conflicts"":0,""opposition"":1,""passes"":false,""support"":0},""increased_in_AH"":{""conflicts"":0,""opposition"":0,""passes"":false,""support"":1}}",,not_retained,2,0,1ce0689651dc53c4cadacb00e43287b120ab03f27904d10dc7e2470a5f9d4dba,row; source label; comparison-specific votes,row,source_label,separate_votes,primary_comparisons_and_primary_evidence_tiers
vu_row__taxon_source_label__comparison_separate_votes,Victivallis vadensis,1,0,"{""decreased_in_AH"":1,""increased_in_AH"":0}","{""decreased_in_AH"":{""conflicts"":0,""opposition"":0,""passes"":false,""support"":1},""increased_in_AH"":{""conflicts"":0,""opposition"":1,""passes"":false,""support"":0}}",,not_retained,2,0,1ce0689651dc53c4cadacb00e43287b120ab03f27904d10dc7e2470a5f9d4dba,row; source label; comparison-specific votes,row,source_label,separate_votes,primary_comparisons_and_primary_evidence_tiers
