scenario_id,scenario_role,replicate_index,seed,simulation_hash,truth_rows,cohort_effect_rows,record_rows,prediction_rows,metric_rows,excluded,exclusion_reason
ambiguous_taxonomy,mandatory_failure_region,1,250901001,599fd9ec1141b475be267c41d35c60d8da3ace90fed6dd385fe964fb148b139a,60,480,728,1422,18,False,
ambiguous_taxonomy,mandatory_failure_region,2,250901002,808d419f6ee38bf3b868482aada42f63d2298ea8eeefbcb4efd2b2f67bcc6434,60,480,780,1548,18,False,
ambiguous_taxonomy,mandatory_failure_region,3,250901003,18af58fab91f6a6c06e42b53fb870568976441d42c5db9eb49967b35be330f92,60,480,758,1467,18,False,
ambiguous_taxonomy,mandatory_failure_region,4,250901004,24b8046c42a097de716103081bb14985ea7e913b088fe679f14de104fa16ff59,60,480,742,1332,18,False,
ambiguous_taxonomy,mandatory_failure_region,5,250901005,906c4f11f3f862bdb2b050bb267c9dcf16a06ddbd788bad61c246cc19b5fbf4e,60,480,737,1449,18,False,
ambiguous_taxonomy,mandatory_failure_region,6,250901006,96806faf209644acfe2ed1b4fa128879145768bb082c9cfd2124736a3834a2a9,60,480,720,1395,18,False,
ambiguous_taxonomy,mandatory_failure_region,7,250901007,0f3af6c51230d85e076fd7c08b798fe21537866a0c10a3730967a4c5fc0d5cad,60,480,724,1440,18,False,
ambiguous_taxonomy,mandatory_failure_region,8,250901008,e413e25cabe51020d3d6af69f26fba9655dae3a355a05ca46e6bd2e20ceb15a8,60,480,729,1476,18,False,
ambiguous_taxonomy,mandatory_failure_region,9,250901009,11c4d72295557f2a94106e513e24731cd756a89318a1209762dcc915b59e2856,60,480,754,1377,18,False,
ambiguous_taxonomy,mandatory_failure_region,10,250901010,d31848bb3fe4145f5f8f06c21a14cf425d30f660537e90888833d16009c1467b,60,480,716,1305,18,False,
ambiguous_taxonomy,mandatory_failure_region,11,250901011,593f3ffbe9ba3109d088ade5da7f7d80afc4c917572d69c33d69122a66a0d14f,60,480,706,1395,18,False,
ambiguous_taxonomy,mandatory_failure_region,12,250901012,bf39a7cc950195aa5d3a23423ae21452466625a10f34e9c378933fffa437eed7,60,480,749,1476,18,False,
ambiguous_taxonomy,mandatory_failure_region,13,250901013,dfd0a88fd07e726ac71b8ce2ce2688b6ec247ac59dfd275a7ec737a91ca30538,60,480,720,1368,18,False,
ambiguous_taxonomy,mandatory_failure_region,14,250901014,76341b6d3421c9f257b540a1fc68526805b9f09b32031ec3f74350c79eb3c8eb,60,480,715,1386,18,False,
ambiguous_taxonomy,mandatory_failure_region,15,250901015,e2deb82da5c07205bdd52dd2f8877a89aa236e78bc2f77db56a81ba7e335b13c,60,480,765,1368,18,False,
ambiguous_taxonomy,mandatory_failure_region,16,250901016,4b02e55f792cb85ee572b3e4c3de93ccf5ae14db7e3700a7434ff943ac58055e,60,480,716,1422,18,False,
ambiguous_taxonomy,mandatory_failure_region,17,250901017,243d65cce85d75c81c83bd1063eba2cee6d043e70f74357539d447fb9e90a56c,60,480,762,1458,18,False,
ambiguous_taxonomy,mandatory_failure_region,18,250901018,481031f3f52758282f1bd12852a5ec9121305fe0412e148b70792e4f8663f581,60,480,724,1512,18,False,
ambiguous_taxonomy,mandatory_failure_region,19,250901019,cbf58268aaee80ca73affff883cca7badbfa37641aedaf2e6b07781d904b3e1b,60,480,705,1575,18,False,
ambiguous_taxonomy,mandatory_failure_region,20,250901020,7338c64028fb66659326006b4f2d43128b39836083c4ddc1231635fa8f153833,60,480,732,1557,18,False,
ambiguous_taxonomy,mandatory_failure_region,21,250901021,a01369446b74271126608d34402aab13f4106042b2b65ca9aa0028b5c5e8ee87,60,480,671,1368,18,False,
ambiguous_taxonomy,mandatory_failure_region,22,250901022,5eb7f2d6a1066a095f268a463ec38e92bb57eed0adad78d06673dd31c6907d5f,60,480,747,1539,18,False,
ambiguous_taxonomy,mandatory_failure_region,23,250901023,888d558d66d86da91ad2af31d18238ce255a2ca198738c0de50851ca98ff0a9f,60,480,729,1386,18,False,
ambiguous_taxonomy,mandatory_failure_region,24,250901024,8326236f283d90c2a112add2253c64d4578d90be4e54215a8f17c7c066721621,60,480,751,1368,18,False,
ambiguous_taxonomy,mandatory_failure_region,25,250901025,ee70f347103cd88e681d647efd6933cc67cb885d876634195648c02631bf5f47,60,480,767,1602,18,False,
ambiguous_taxonomy,mandatory_failure_region,26,250901026,ee43085a43066b35546cdc0fc4925ae831c7b95d1194e74668cd781c9f73d3ff,60,480,780,1341,18,False,
ambiguous_taxonomy,mandatory_failure_region,27,250901027,7fb4e3d81d8484f8ed1508f5277111f11d78384d6cb54b9eca7defa087d0118d,60,480,688,1332,18,False,
ambiguous_taxonomy,mandatory_failure_region,28,250901028,db401ab112d038de5657894f78febcc4daaf8f628ba3f4697e9f13be1a931fe0,60,480,781,1512,18,False,
ambiguous_taxonomy,mandatory_failure_region,29,250901029,33210f629663a16cd217e3bd9d8af910589dc68e12e5b2c647aa84796cbfa47f,60,480,838,1521,18,False,
ambiguous_taxonomy,mandatory_failure_region,30,250901030,06d6ead0d45e0a22e35e48ff2ff5a35fc656580ba0b360d2e39bb9f654969556,60,480,701,1476,18,False,
ambiguous_taxonomy,mandatory_failure_region,31,250901031,7ddefc201e3c9b5bccd17fa8ab81459e98bdc48cf14d11b821801ef60e386a6a,60,480,638,1377,18,False,
ambiguous_taxonomy,mandatory_failure_region,32,250901032,c544a92f9c6618aef0fac9be9f4e698033893c84917564f2f6069114e859029f,60,480,754,1404,18,False,
ambiguous_taxonomy,mandatory_failure_region,33,250901033,18d3a378ad75f4e82fb1dfa50a46320aa62fa1ec3bb3e765ae55688d88a130f5,60,480,717,1314,18,False,
ambiguous_taxonomy,mandatory_failure_region,34,250901034,85a5ff8ec31d0063cdfb04968a432851b154d8a0c6bc24aa672dafbbb1086dbc,60,480,823,1440,18,False,
ambiguous_taxonomy,mandatory_failure_region,35,250901035,c19344791d1cd64a0c669909e5b44255e54ef9378260d17241e97e84e6aba76e,60,480,767,1476,18,False,
ambiguous_taxonomy,mandatory_failure_region,36,250901036,f1f418c730385d7987103eae61d576cbea31316aa0755f83c1f8f0b3fcfca3e6,60,480,758,1467,18,False,
ambiguous_taxonomy,mandatory_failure_region,37,250901037,a38a5c113ac35bf297f3c7cb374cdfd017d80747fd92c1ca17f1709fc9ef677d,60,480,700,1467,18,False,
ambiguous_taxonomy,mandatory_failure_region,38,250901038,6532cae9f37e7d8593ee61b1446c56fdcb5686e74016e7a49c042d65934a76c4,60,480,755,1485,18,False,
ambiguous_taxonomy,mandatory_failure_region,39,250901039,15d0e2f54f9378b12ee09f33452a7bf8a948a07e57fd27bd88dab339f790f0a9,60,480,764,1503,18,False,
ambiguous_taxonomy,mandatory_failure_region,40,250901040,910bc29741bb3758eb3f61e20317efba63f8f179ea0e9c580c38815937a643ed,60,480,669,1422,18,False,
ambiguous_taxonomy,mandatory_failure_region,41,250901041,1373c6ce5548b801c99d969c1a9f1d8dcfc45bd45aeeb50510c4b8c344fd59a7,60,480,712,1368,18,False,
ambiguous_taxonomy,mandatory_failure_region,42,250901042,9ff54d2a9f204b726ed2e2a78bff7009fe1e005b0df7affb05ee0f80c7a95248,60,480,751,1323,18,False,
ambiguous_taxonomy,mandatory_failure_region,43,250901043,c61e5edea189129d03e9352db08f9e4feb8fa3953ee231b5c99b4e6b0dfcf082,60,480,715,1386,18,False,
ambiguous_taxonomy,mandatory_failure_region,44,250901044,8fdf2364f8e38bb03eaa2fd2c9c59214b330bed71cc91b11d0fbf1d834cee001,60,480,714,1530,18,False,
ambiguous_taxonomy,mandatory_failure_region,45,250901045,3f3ac3393c149d7796fd6bcc947092792859d13bef6a481e9a891300aedf72f7,60,480,733,1404,18,False,
ambiguous_taxonomy,mandatory_failure_region,46,250901046,c96758232f591af8172d7755fdbb6e3505add338532267b7f4f61ff4d6bd1daf,60,480,766,1431,18,False,
ambiguous_taxonomy,mandatory_failure_region,47,250901047,23d8a6c77198bac35b1e283d90cc03f8c727dc74a3e753039c50cc814a3d6065,60,480,746,1467,18,False,
ambiguous_taxonomy,mandatory_failure_region,48,250901048,2ce9c4a4e028b4d6040dd6a574ac86a6f090ebb6f98c24fa34a89dbeb0eb4522,60,480,707,1413,18,False,
ambiguous_taxonomy,mandatory_failure_region,49,250901049,ad089c1efaf64253396799d52257ccc3d211481ca3310ed1c7f25585e036708d,60,480,754,1539,18,False,
ambiguous_taxonomy,mandatory_failure_region,50,250901050,371438a426a1e74ceae2c7530b415cd23407fe11e87637893e36b723d15a32b7,60,480,683,1386,18,False,
ambiguous_taxonomy,mandatory_failure_region,51,250901051,4361bc9f872f867cebe555ecfba1c7b591c5f8d478099d59dce54698aea5d5b1,60,480,705,1449,18,False,
ambiguous_taxonomy,mandatory_failure_region,52,250901052,bbb0167b682045350628048e59a4c0d75a9fb4cf05cf516a5e686d865d0bc770,60,480,713,1521,18,False,
ambiguous_taxonomy,mandatory_failure_region,53,250901053,f62d5423612554db41d52c58cab1f181d6487e6e402cd1ea9869435b752f7963,60,480,783,1449,18,False,
ambiguous_taxonomy,mandatory_failure_region,54,250901054,94a6f142eaba1d6d6cb63c45798db514b88cccaf49c16c834e7eb6e361ac9a91,60,480,795,1548,18,False,
ambiguous_taxonomy,mandatory_failure_region,55,250901055,d7f526a77b3ba300725c8ab210eb60e5e38384a00cae7995626212e1ec59e7e5,60,480,732,1566,18,False,
ambiguous_taxonomy,mandatory_failure_region,56,250901056,bced51b2a8b192ff5cc17b95fef12b5562270d1f23c1cd0e9047b39fbca5e574,60,480,681,1359,18,False,
ambiguous_taxonomy,mandatory_failure_region,57,250901057,8b723ba7bebb354a9f897009ed9670d0a49a4c2fa51fe0d95a69f8ea01453221,60,480,755,1404,18,False,
ambiguous_taxonomy,mandatory_failure_region,58,250901058,a6b956acdb2fd8b135f86fd8c03afdde5a2123dffe7c07393edc6ddff5802858,60,480,738,1449,18,False,
ambiguous_taxonomy,mandatory_failure_region,59,250901059,0ccd4066a0ed6cbc91d8d5a855b94ed26e47a5e8930abc41f91360ae260c37cf,60,480,781,1359,18,False,
ambiguous_taxonomy,mandatory_failure_region,60,250901060,cb39181bf1f004fab31dbb594e7915bba1748a19a68dbeb17aeaeb1d6a1fc2fc,60,480,745,1449,18,False,
ambiguous_taxonomy,mandatory_failure_region,61,250901061,a704c5519c2ac6bb547eb0328e94dd859f028a8ee9357fa91de1c26e7ace26a8,60,480,756,1512,18,False,
ambiguous_taxonomy,mandatory_failure_region,62,250901062,643a2db4db24af0a6f7c0693befc3f70625a03bf11384dec38312cf74d5f6024,60,480,765,1368,18,False,
ambiguous_taxonomy,mandatory_failure_region,63,250901063,86e9c28b79156dc8bb60885e7a26f18a4e8e0b49a559cc8f1903f423a4ce3a5e,60,480,683,1314,18,False,
ambiguous_taxonomy,mandatory_failure_region,64,250901064,dc9c06ed0bee48f25fe26b22c6f3f16aa5cb3c16fa48c54f1ff8c2558c46e832,60,480,764,1494,18,False,
ambiguous_taxonomy,mandatory_failure_region,65,250901065,f9ba471175cfaed66c030e23b31be7b739b51360efbe4c671e082ec4b7c95072,60,480,723,1503,18,False,
ambiguous_taxonomy,mandatory_failure_region,66,250901066,5a1f7dc04fac6e56a91780ab70e688bc5ba2a1111b5e9a93d2ef1f7ba910ef7b,60,480,735,1305,18,False,
ambiguous_taxonomy,mandatory_failure_region,67,250901067,b94af98dbbec8dd28c1d60f65a019e7e75a3bf0c1c4ab7fc43aeb484e1902cbc,60,480,734,1548,18,False,
ambiguous_taxonomy,mandatory_failure_region,68,250901068,c2cbb681246808072699726af8a06346c25e4f0390c2553d254fc9567f6f7b5a,60,480,788,1620,18,False,
ambiguous_taxonomy,mandatory_failure_region,69,250901069,f31fba9968731fb8eac7b03669ea9981bd1ec845b428a1721ab7e97103fc213f,60,480,746,1377,18,False,
ambiguous_taxonomy,mandatory_failure_region,70,250901070,ce1564be8ee4981546d05516e94b2fef589beca2b5850832719e58fe7bdc6194,60,480,708,1467,18,False,
ambiguous_taxonomy,mandatory_failure_region,71,250901071,228b5fb62e81400759cccd9e54de9856cb1ec3e77993d79d575864ffbcfefefd,60,480,757,1557,18,False,
ambiguous_taxonomy,mandatory_failure_region,72,250901072,ea714df22ef8ec441d7ffd77bd7999dafc58c8cc810b903be99ba87b26b702e4,60,480,735,1485,18,False,
ambiguous_taxonomy,mandatory_failure_region,73,250901073,64db735bcc681b32dcaaa3e24cfc6ae433fc36c724cf7c117b0c50fb23a64759,60,480,748,1404,18,False,
ambiguous_taxonomy,mandatory_failure_region,74,250901074,8415f012f035550525e9fc2855e45d2f468d9d9102492c7b44ed33421e91f493,60,480,694,1314,18,False,
ambiguous_taxonomy,mandatory_failure_region,75,250901075,108398b1ce129e19c4bc5496880bbeb6275c183b7537cbeae0655b8b0bad776e,60,480,732,1458,18,False,
ambiguous_taxonomy,mandatory_failure_region,76,250901076,4fe2f37c61aacb6a8fe8271df8270668769bf3510ad98f100a1c8063c201e72e,60,480,732,1494,18,False,
ambiguous_taxonomy,mandatory_failure_region,77,250901077,ff2363fbfc3b288603a8e8515319a7c19002f0d3665297879f6d73e1d1deff01,60,480,752,1413,18,False,
ambiguous_taxonomy,mandatory_failure_region,78,250901078,d15014aa122883b677cc58d9f998d423b4a52418adf885b8aa71c824d8f40dca,60,480,706,1404,18,False,
ambiguous_taxonomy,mandatory_failure_region,79,250901079,98cf6c30fa3dfdc3040092c89842fb6cb12895b69bb1717822a694bff1b32ecb,60,480,716,1476,18,False,
ambiguous_taxonomy,mandatory_failure_region,80,250901080,21aaba4ec0cfdad1323e95d0d48ea9c01e1939981c64d08feb6f47130e948531,60,480,757,1323,18,False,
ambiguous_taxonomy,mandatory_failure_region,81,250901081,846c8c2044050718b705c53747a1d951b821cb6bd12a65784ad28501268ef885,60,480,734,1548,18,False,
ambiguous_taxonomy,mandatory_failure_region,82,250901082,4be1b673462ff621d8714465f126b028f9468cdeb2b4a1158ed146efd1fd0f80,60,480,725,1413,18,False,
ambiguous_taxonomy,mandatory_failure_region,83,250901083,c668369d081c91ab0a7eb6709bae6172ea5c039ae52d189cef280492827d8cb1,60,480,737,1413,18,False,
ambiguous_taxonomy,mandatory_failure_region,84,250901084,07df8adf6a7fe87958148ebefe913f44bbf735223adedc606e7aad7744bcaeeb,60,480,736,1377,18,False,
ambiguous_taxonomy,mandatory_failure_region,85,250901085,4013992e6d8a24fecf3cb953f836a050223956126b91701069b403a5aeaec58c,60,480,752,1431,18,False,
ambiguous_taxonomy,mandatory_failure_region,86,250901086,90f85d45629d5d96798d3895c7be3fcfc2a328448dfe940327b8f9d6b736fbb7,60,480,671,1332,18,False,
ambiguous_taxonomy,mandatory_failure_region,87,250901087,6dfe6239c1505cb4b41fdac18d3bd4a70fb80a02e0b2c4126befa73c2200b6b1,60,480,705,1440,18,False,
ambiguous_taxonomy,mandatory_failure_region,88,250901088,50d29a472dab1caf030479d5fa0caf9056b0d987c188ac99cf89b9e0eaa57e8f,60,480,769,1467,18,False,
ambiguous_taxonomy,mandatory_failure_region,89,250901089,87646802844bfc43453cb28a140295649fd72972f4a3864ae5f580569870f4b1,60,480,768,1440,18,False,
ambiguous_taxonomy,mandatory_failure_region,90,250901090,3fa9d7128a268a5c7b2c3ad090f75317ee68f273683448a1da7e9855b22cb46d,60,480,739,1467,18,False,
ambiguous_taxonomy,mandatory_failure_region,91,250901091,90a103169f26d33870bf804c983d737553a39c86852fa57e583fd789822784ea,60,480,793,1575,18,False,
ambiguous_taxonomy,mandatory_failure_region,92,250901092,c2ffae5c40de3a4b1cd653eaeb41b8475442927cf85182143d9e596e0c40c6ac,60,480,785,1593,18,False,
ambiguous_taxonomy,mandatory_failure_region,93,250901093,ceaf850a7ae80055c08be0acd6fc2dc88ad22b8bcacffd1c3fe0b4c9d2f4c005,60,480,720,1467,18,False,
ambiguous_taxonomy,mandatory_failure_region,94,250901094,5e6bd8214e3b88a0af906f14e530f685fe3a5bf8c162f50dc18d3571610ed919,60,480,706,1467,18,False,
ambiguous_taxonomy,mandatory_failure_region,95,250901095,ca918073ab849d29569c474149064bde60eab9b681abfb9dd3c4460c5228b30b,60,480,782,1395,18,False,
ambiguous_taxonomy,mandatory_failure_region,96,250901096,741994a2c523e0d46e987b2998f52041d393bfa92c24cfd091fbe0746f13c09a,60,480,732,1314,18,False,
ambiguous_taxonomy,mandatory_failure_region,97,250901097,e680d053ee0b463d6766476e3ad0598d341676034144d4b9a9283565e2ccbfab,60,480,700,1296,18,False,
ambiguous_taxonomy,mandatory_failure_region,98,250901098,793efcd61abd894d4848186979aab606b6efbf16977c5e7ad93d600d798b2d13,60,480,766,1359,18,False,
ambiguous_taxonomy,mandatory_failure_region,99,250901099,5d6320f1fa6d28a44b591304425f9b5964f4de4893d2671f896f33559d8d2185,60,480,767,1413,18,False,
ambiguous_taxonomy,mandatory_failure_region,100,250901100,412dcf60f20b61a51b1d219d5516adef182fa645074f7b96200d2698528f8996,60,480,764,1431,18,False,
case_control_imbalance,sampling_stress,1,250841001,504a29e33ebfd5e4dec7081e208e021458b69fe180f2f9c0d2d0c90cc1bcb96d,60,480,727,2241,18,False,
case_control_imbalance,sampling_stress,2,250841002,1d3b2079b0e7e88f3a86dcac0a342a729d88def75cd40e415859b3b317bbc57a,60,480,741,2367,18,False,
case_control_imbalance,sampling_stress,3,250841003,75f43d55afe8bde233b5dd6f5dbb1029613b9fa0b813e37250b59b693e683cf8,60,480,705,2088,18,False,
case_control_imbalance,sampling_stress,4,250841004,fc9a8e89cc47599f6a0e5cf7e8aeda0ccc5d2bf84273e696081a8c3b6e2da8f2,60,480,732,2268,18,False,
case_control_imbalance,sampling_stress,5,250841005,75b861e8998f6414932e9e836611c9e1656fc2f952f0062420ff6375b1a46739,60,480,732,2259,18,False,
case_control_imbalance,sampling_stress,6,250841006,199fbbc9e16b146dd6961add94977944c6b9ecedcaba46e6896409333d0abc88,60,480,737,2457,18,False,
case_control_imbalance,sampling_stress,7,250841007,a8ff0b89eb83c22ca8ca48d68623cc28b072f34a94689cd5b5ac316277f411f8,60,480,736,2304,18,False,
case_control_imbalance,sampling_stress,8,250841008,73763289f20e646ba44e2917058c63007316a1360fb70c259bb5c20e143f121a,60,480,715,2223,18,False,
case_control_imbalance,sampling_stress,9,250841009,b3634d282ab73d2c93223e8ebe20fa57dcc990e4ad2183cc127f63027bbbfdf6,60,480,767,2511,18,False,
case_control_imbalance,sampling_stress,10,250841010,794c62d0901748d6852102522f719ab8ea8ce12e25a42d3d0c8efc258ce58110,60,480,735,2358,18,False,
case_control_imbalance,sampling_stress,11,250841011,2d6e9046e5530cc91f0247731a9636efa3221d516088b9f1f1629e92e91d396c,60,480,755,2331,18,False,
case_control_imbalance,sampling_stress,12,250841012,1c7832d010fdd928e894ce8fbb7c621a151f3d71229b460b721f7d569748df85,60,480,783,2403,18,False,
case_control_imbalance,sampling_stress,13,250841013,90207ebb2b7cdb812a6b768480897884b9f2cd13256b327c7583f83f58718ae4,60,480,686,2277,18,False,
case_control_imbalance,sampling_stress,14,250841014,7ca009a0ad18c84cf626096bdbba685a67562268720968376fe238728552566e,60,480,725,2232,18,False,
case_control_imbalance,sampling_stress,15,250841015,8d9faec30d32d9a4a8e65252164e60864878e8de23613728dfc03c31dcd8bf85,60,480,699,2151,18,False,
case_control_imbalance,sampling_stress,16,250841016,69093e0dbbe5d3b8a98a57f274db22d7d41c98566346c987079fad90f563dff0,60,480,761,2268,18,False,
case_control_imbalance,sampling_stress,17,250841017,e7b959d3b018b43b7efa3e86465e836f4ec83ee55844a443d6e4bbae55b56b31,60,480,727,2430,18,False,
case_control_imbalance,sampling_stress,18,250841018,2f9e4378faf3d1a2837a9980694b10f5078a7145a7fef1dcc7ebadebee0c341a,60,480,675,2250,18,False,
case_control_imbalance,sampling_stress,19,250841019,c9b60461039693affc51362123b1565cbb6fef3a84a8febb26de4e4189328138,60,480,768,2268,18,False,
case_control_imbalance,sampling_stress,20,250841020,049454ce4227e2ce80861581e7e4b59b255c8186d7c3f5bdea61e432a14d50fe,60,480,745,2295,18,False,
case_control_imbalance,sampling_stress,21,250841021,336ca11a69e0e187cc6a67164779c45b755f6121ab51f981c997cec94229a366,60,480,768,2412,18,False,
case_control_imbalance,sampling_stress,22,250841022,3ef4a98b9cc01fbbc03c862f0da531a1e1f8d6708eee3913cb4576d4a9e502c8,60,480,702,2196,18,False,
case_control_imbalance,sampling_stress,23,250841023,6d105c84ed65a66fcd2dab89588b1bf38b69e7d1216e1e9b7722cbdb8b8de22e,60,480,699,2268,18,False,
case_control_imbalance,sampling_stress,24,250841024,c172e22a734221b6abe043cdcbb04fcf09b85a4b4f82f40b6a95e260a5373948,60,480,699,2277,18,False,
case_control_imbalance,sampling_stress,25,250841025,a4d7827122181f968aa386875e8e0b334def49cd099a8109decd7b4a6ad40b90,60,480,799,2421,18,False,
case_control_imbalance,sampling_stress,26,250841026,a8ce519b423f19cc3df993955c6993deffbb041fc6dbc77c3a00496e41c558b8,60,480,725,2214,18,False,
case_control_imbalance,sampling_stress,27,250841027,dcc47c4ccd5cf5780c047b0a9f2703d40542b6f40cb2872a2cfd07d58677d8af,60,480,756,2358,18,False,
case_control_imbalance,sampling_stress,28,250841028,e1a14d2be948c194ca701c3c7c250dbf056d01adede0a670c81245dddd4ec8c2,60,480,735,2349,18,False,
case_control_imbalance,sampling_stress,29,250841029,de30ce235b051c8ff6b6b875a0186d366d340999355f04ccc177ad4193b94650,60,480,758,2322,18,False,
case_control_imbalance,sampling_stress,30,250841030,5e9430b1f7d16f1de81bb6fdb60e14ab3fb54af8d8aa2bb983587f1ac96b569f,60,480,719,2286,18,False,
case_control_imbalance,sampling_stress,31,250841031,8667cbe5619882c5695d0d306537a73b7c5f42fecbcd4e721d2c893936917594,60,480,757,2466,18,False,
case_control_imbalance,sampling_stress,32,250841032,b1483efa03e66623090dfc123decbb322652096ce3258a171aad0a88226d15d3,60,480,722,2214,18,False,
case_control_imbalance,sampling_stress,33,250841033,f7f3f7d84222b8de94b9c8728b6f58bc3e102d713c78bd4f33b0d1b1daa732c5,60,480,723,2151,18,False,
case_control_imbalance,sampling_stress,34,250841034,813f6212a811892361222685426e73980674fed8a8871f7088ad0ed849c68108,60,480,735,2394,18,False,
case_control_imbalance,sampling_stress,35,250841035,d2ee53a61eeba12a017a0590ed92529ff616b8ebffa8b1a538cdc26b1d8e3743,60,480,715,2214,18,False,
case_control_imbalance,sampling_stress,36,250841036,655df01bfb1a0c851bd0bc155f44dae97cfe538124ddf3e63265bf3b6a60c499,60,480,734,2295,18,False,
case_control_imbalance,sampling_stress,37,250841037,fc0e5828f4614b2bac7ceb4c5b2b647419af9e56aa2664a6c2cd2a40227b4f19,60,480,705,2205,18,False,
case_control_imbalance,sampling_stress,38,250841038,c709bd1bd2fbdc5c9279ceab1aa38159c436bc9072d88caea3ebbf16314fc906,60,480,683,2232,18,False,
case_control_imbalance,sampling_stress,39,250841039,12ff2a739a081a66917fc6deaeb05ec169f5a052e164babaab4831af3eeb2c40,60,480,683,2178,18,False,
case_control_imbalance,sampling_stress,40,250841040,03640839daaf14783e422ea097aded8f30d678cabb1e671824f719069022f7ed,60,480,714,2340,18,False,
case_control_imbalance,sampling_stress,41,250841041,559990a5f85560a0d7ab5b17e52fcaf9dcffd796dd1b5d2a60ce99ce6fad4d39,60,480,743,2376,18,False,
case_control_imbalance,sampling_stress,42,250841042,ed1111c5c0af0548fc523f2a339e72b57ea26db2d0c27642552d6d3cbb417194,60,480,722,2142,18,False,
case_control_imbalance,sampling_stress,43,250841043,ceec1dc6c333e8c809ae80d149b247e91c350771b388aabf412ddc115411b25b,60,480,767,2412,18,False,
case_control_imbalance,sampling_stress,44,250841044,330131db94b005e30589c5086378ac59aeda9361dc61a7d1812e7558a5a910af,60,480,758,2493,18,False,
case_control_imbalance,sampling_stress,45,250841045,d9fba90961042bdb353cd7daa163e736e6f68c09c9c0e301c704c0e66f3a735e,60,480,810,2547,18,False,
case_control_imbalance,sampling_stress,46,250841046,a8c011980f89d82d05a634e04d7d02629e6815902a6c5b416349234ccd2eb724,60,480,752,2223,18,False,
case_control_imbalance,sampling_stress,47,250841047,4d5f8b8285e71ff7f07d4dfc0dfc55db5abdb453aa948c961c0e3ad3fdd102ea,60,480,685,2088,18,False,
case_control_imbalance,sampling_stress,48,250841048,9ff5ee7ca2ddd292903328e6fc1ff782e721e1f687d4a09ea711ee7b1b1e6227,60,480,745,2223,18,False,
case_control_imbalance,sampling_stress,49,250841049,200a805f9ee0a393dfbe5d0666beff3cf3ee3f7d20e5240821bf6708102f4a80,60,480,734,2430,18,False,
case_control_imbalance,sampling_stress,50,250841050,b2036b4dd2faa0510c5a48b81904c326f44eac3070424ebd020ae65685a7adb9,60,480,685,2106,18,False,
case_control_imbalance,sampling_stress,51,250841051,d6546e422ee85262c7e25071403aa04569355e2fed94810cad8b49865b8c41df,60,480,751,2412,18,False,
case_control_imbalance,sampling_stress,52,250841052,3c85bb7d2913e33042aea5a92ad90ea3334183b729f7014b26c29d83291995ab,60,480,699,2187,18,False,
case_control_imbalance,sampling_stress,53,250841053,12d37687410e43fa4732a15adf5a2eddca5fa3c1b9ec28d17317d1944b60b5f7,60,480,786,2475,18,False,
case_control_imbalance,sampling_stress,54,250841054,786b479b67a024f71fa12a86d9a53e7c673ad645761de09cbcb37f89fd1f88ee,60,480,703,2304,18,False,
case_control_imbalance,sampling_stress,55,250841055,0c76fb8a7b5ca120acae36fcaa2ec738820541360c6d602762d8df8c29da5064,60,480,738,2358,18,False,
case_control_imbalance,sampling_stress,56,250841056,8018e6bc6547b84f1ddff3ecf6996a8e2b24f242e8132e364a6f445a98176fa3,60,480,746,2403,18,False,
case_control_imbalance,sampling_stress,57,250841057,5bfc47ff008e39a2690ef89b5b62dce3823bb678baea0697682964d90fab0755,60,480,713,2106,18,False,
case_control_imbalance,sampling_stress,58,250841058,e9d669e9c8e447ec0e40cf937c2c7b59e389ca2531f239404ca7007c08eea770,60,480,742,2358,18,False,
case_control_imbalance,sampling_stress,59,250841059,b3a0e298e6687e42b07afbf7d5c33acbed7c1bb2f652a57dbbde3f67ee6bf134,60,480,758,2412,18,False,
case_control_imbalance,sampling_stress,60,250841060,4a94e3aad8e2a1448c6ddd2459751b055016bf64bdc61743954db8d2597b294d,60,480,760,2412,18,False,
case_control_imbalance,sampling_stress,61,250841061,b2bdbb6bfe3d51ec449f53e8fd2ae70347e8f8ed9e82fd9643bcc18ee832d42a,60,480,746,2340,18,False,
case_control_imbalance,sampling_stress,62,250841062,41932a7c605546c4a2efc5ef2d77551a999b36fc49f37393c8339f5597e11154,60,480,706,2106,18,False,
case_control_imbalance,sampling_stress,63,250841063,3ed65045c6f02aef20e7ffbdcae0ea72bbb9f9e8226c5c5200513d0482e271a9,60,480,744,2358,18,False,
case_control_imbalance,sampling_stress,64,250841064,2c8816760d51ab768bc54e767d843a8aec454a924bddd7fb598030aec5cd192b,60,480,794,2349,18,False,
case_control_imbalance,sampling_stress,65,250841065,bede52713ed138d5b6e9ceab0a3a753e6a39f749c5f6ee3f4dc105fb0af73a68,60,480,746,2358,18,False,
case_control_imbalance,sampling_stress,66,250841066,83e13bde80f2157dd9d215ec5b80ec2dc6b9adee73a2e3e6361767f66a90919f,60,480,699,2250,18,False,
case_control_imbalance,sampling_stress,67,250841067,0f7e3ee2984f92484556be6742e9f09017e2357f6b1421e14e5ba5aa88d788e5,60,480,777,2367,18,False,
case_control_imbalance,sampling_stress,68,250841068,ca659227d7192229b3ec0c7f4fc10ec000f190b073d8dab59130e428a558fae8,60,480,698,2052,18,False,
case_control_imbalance,sampling_stress,69,250841069,1a21e5d1cdb3c364c69d7a1490d59b8740768f084c70d3c7072cb1e15a4a6dac,60,480,739,2394,18,False,
case_control_imbalance,sampling_stress,70,250841070,2a49f92846407a5d6692aeefe5fb58f988b0df2bb95a925cd9f2fc5d1fdbdf60,60,480,736,2394,18,False,
case_control_imbalance,sampling_stress,71,250841071,484cce2d61ed3c463e83e16b8210bf691474c0ed7d187f814b0d509607a87389,60,480,774,2295,18,False,
case_control_imbalance,sampling_stress,72,250841072,52c638102c12f235687711bc5740f19a8ea7899cc087e8f0569cd813d92dd548,60,480,748,2412,18,False,
case_control_imbalance,sampling_stress,73,250841073,7132e4ab67333af1137493ec2c19938f805fc736950bd0435b5cded66fab554d,60,480,780,2484,18,False,
case_control_imbalance,sampling_stress,74,250841074,48c942b7c382eb8e60cf9be0c4b63bc816b3948f81bcc632ee717c269b7fe890,60,480,846,2565,18,False,
case_control_imbalance,sampling_stress,75,250841075,194c5307f70cabb092d5a3488881bcb143934566b3391a7ee491e21e6d40d33d,60,480,738,2142,18,False,
case_control_imbalance,sampling_stress,76,250841076,98d25b39199658328d5a3241dbad7e310281a316fe86f2a2b55ea5107eec06f0,60,480,699,2142,18,False,
case_control_imbalance,sampling_stress,77,250841077,e4b5d670ce04508803b203859426fda3398ae3ba0edbff889ad7dcefcbe64746,60,480,740,2394,18,False,
case_control_imbalance,sampling_stress,78,250841078,3c694f7a7303a99479f90bf1d9cc0f4aedd05b8fc0a2892e033ed2a85f9aeac0,60,480,730,2385,18,False,
case_control_imbalance,sampling_stress,79,250841079,c45fe22b2874d3cfd09a6ba7ce27cdfc31d52188256f25d8fd52617bf8d6a5b5,60,480,743,2304,18,False,
case_control_imbalance,sampling_stress,80,250841080,7c685f60578f4bd667aaf0ae3260006a1cfbf6cb8fc17e9c5f5f570a383d5d7f,60,480,753,2331,18,False,
case_control_imbalance,sampling_stress,81,250841081,f9d2bc52e4b78f4778002ce2e915045e77ece08b1f70440e875df247969bae92,60,480,774,2394,18,False,
case_control_imbalance,sampling_stress,82,250841082,ce451562437e1a147e9b14debbfb805c38b1b34e7cd3851024f8273fb576c4a0,60,480,731,2448,18,False,
case_control_imbalance,sampling_stress,83,250841083,4fa56ec94c7a92fc0aff598e8affa83f4f9a0ddfea6c8c0687d0eb5b318ffa42,60,480,729,2223,18,False,
case_control_imbalance,sampling_stress,84,250841084,2491a56160c612a929dc4a6e2d8ea35ce0892db9962016cc66eeaef17103615a,60,480,777,2385,18,False,
case_control_imbalance,sampling_stress,85,250841085,fd489f62f37276e537cb5c7a2f549cbbd381c8f97b116ae8902e6cb2ff16e017,60,480,714,2142,18,False,
case_control_imbalance,sampling_stress,86,250841086,e776e3cff0c0c7f7737da29149e9e19c6f6d99a9d971ff6bdcee8441a729c79a,60,480,772,2421,18,False,
case_control_imbalance,sampling_stress,87,250841087,e1957dcfefdd5f33d3e261f29156d3ade546d530dbc93dc6febd78c8ffd1b365,60,480,657,2124,18,False,
case_control_imbalance,sampling_stress,88,250841088,927aa6907c5cea1286d52f6eff6a69bc6f958e80015ff8535992ecaab3291b21,60,480,759,2340,18,False,
case_control_imbalance,sampling_stress,89,250841089,e27f1281cdc748f96202daa2f8f55a8c5345119dbb4cafefd1e4171be0e5004a,60,480,742,2187,18,False,
case_control_imbalance,sampling_stress,90,250841090,4339285cf685549998e820eb8b1509afad36dd1100140202bf30ae533d5a35d1,60,480,758,2250,18,False,
case_control_imbalance,sampling_stress,91,250841091,86d63b41b263d57563ca436f7760e2e8f6b73d8f34f6fc5cbff85c452559cff0,60,480,742,2295,18,False,
case_control_imbalance,sampling_stress,92,250841092,1787a84669de7e16d4cc97c3dca22dda55b8698ad106686d0a96f9d1b2e3342d,60,480,733,2358,18,False,
case_control_imbalance,sampling_stress,93,250841093,225b4c00f3d2048d8e3d3a004c8fcaabd5c46970f33446638d9092e4c1001185,60,480,790,2457,18,False,
case_control_imbalance,sampling_stress,94,250841094,d14bce77243b9cbc3bc0fcec56b0af868bb9517bf967a8c317aa324821cf037b,60,480,730,2241,18,False,
case_control_imbalance,sampling_stress,95,250841095,2c13ae15e2e956f4ad63d7ccd61ded9018fe2673af0a06f3c13fab019793bb4c,60,480,738,2277,18,False,
case_control_imbalance,sampling_stress,96,250841096,e08df79600c9a3202877737eacaeef58abb7c04307c12d630a754572d110485f,60,480,717,2223,18,False,
case_control_imbalance,sampling_stress,97,250841097,073b76b973d122bed67e0facf1c5553df09c04635300bc6a3e6ca84793ec76e3,60,480,723,2259,18,False,
case_control_imbalance,sampling_stress,98,250841098,b8951ac2cff93fde72b5235c951795d9597bc80d1d239c4932870d91cbf9a647,60,480,730,2358,18,False,
case_control_imbalance,sampling_stress,99,250841099,046a0664b8159e64a47c8d8a8c7919cd59fbda3c8d3d034424df76290ea06c87,60,480,754,2250,18,False,
case_control_imbalance,sampling_stress,100,250841100,8f22e8541f7b8d36254a9c85e4939bf85728720757bc54a8504225e8efa73b3d,60,480,759,2475,18,False,
combined_stress,mandatory_failure_region,1,250961001,3126b1326347164134cc8b1c59348c9672a4f0333e223ec57b492dca870e9edf,60,480,849,1638,18,False,
combined_stress,mandatory_failure_region,2,250961002,0039669473546eaa587136ceb369dce4315bed714711a817033b20d59570d0a3,60,480,999,1449,18,False,
combined_stress,mandatory_failure_region,3,250961003,8d1b951f8ce351d117f3d26f00b903a9e7a511bf1d715e0869cb43292fe7a682,60,480,842,1953,18,False,
combined_stress,mandatory_failure_region,4,250961004,4dfbc4eed51307695724d847abd8e90a606dfcdca8f263fd43af5820d1f24628,60,480,890,1530,18,False,
combined_stress,mandatory_failure_region,5,250961005,16504fd43ffd71f65366637d97912a67098061c2f99bd2df4dd21aa152ccebf1,60,480,876,1368,18,False,
combined_stress,mandatory_failure_region,6,250961006,dbb0951a83b8151c9c11ab9b39edc7f9087113b7005f6a590b025effc2c85fc8,60,480,938,1629,18,False,
combined_stress,mandatory_failure_region,7,250961007,8f1706024cffb014c522411a971c2237bcdc2155e9585a8c2ff9ba83d3f042e0,60,480,883,1737,18,False,
combined_stress,mandatory_failure_region,8,250961008,bc2936176e9b07d98c2ee08242b3f1d1c1a70216fe84a5dbfd7660ca478f1714,60,480,889,1494,18,False,
combined_stress,mandatory_failure_region,9,250961009,909810a2f81a0e9e22f8bf2066b7927bc8df662d81ae9402f08a94a51dd9cc7b,60,480,900,1809,18,False,
combined_stress,mandatory_failure_region,10,250961010,4d260f3aec63e5e585440f1f751584bba1edd7437ddbb3331c8d4bb05c77a0be,60,480,948,1701,18,False,
combined_stress,mandatory_failure_region,11,250961011,33ba7c6c0835e96ca735c6480c66dbe202879a0aed63b788172f1be33760f0cc,60,480,835,1575,18,False,
combined_stress,mandatory_failure_region,12,250961012,1055ad7eb9947fe73d1362f3a85a1d6db0656b74e25c594620eba09e96541795,60,480,840,1764,18,False,
combined_stress,mandatory_failure_region,13,250961013,5f5db7dff5856430f3893ed624b28bd2ade92f1d425a63d7b71c4035b3d125ba,60,480,828,1782,18,False,
combined_stress,mandatory_failure_region,14,250961014,14efffb33507d94bb16605f0348e09945355d61fab4dabce94ad1ccfd76579eb,60,480,947,1359,18,False,
combined_stress,mandatory_failure_region,15,250961015,a58fdb3f23b00720693fd769c31b1367ce5ad8a63863facac744a954f325fd66,60,480,883,1188,18,False,
combined_stress,mandatory_failure_region,16,250961016,b7a496890f559be71947cf242104413171c6652b554905a090acf29f0a28504a,60,480,873,1836,18,False,
combined_stress,mandatory_failure_region,17,250961017,4a75b5df623cb0c0f0d8806d8564b402cefb05c003239770398cdd01fa410c2b,60,480,961,1755,18,False,
combined_stress,mandatory_failure_region,18,250961018,04539d7adbde5776eaf828dbceb6bfb7cca3095ab641fa1f4e719a497e210d56,60,480,956,1665,18,False,
combined_stress,mandatory_failure_region,19,250961019,8ae42e99d093447bbc7d309c181dfe2308d6d34e5acda733215255bda2fda83b,60,480,880,1656,18,False,
combined_stress,mandatory_failure_region,20,250961020,97cdde6720a8c95ed97c3481dbbc9f6280ea4c437c81ed816b622c00217d9c07,60,480,899,1917,18,False,
combined_stress,mandatory_failure_region,21,250961021,e6d9eeed56802f86e32f96cc0adf72449eeb45efbf3c5595da66d155bb99146d,60,480,968,2106,18,False,
combined_stress,mandatory_failure_region,22,250961022,9bc747398a250e33df672e33d72810c5d41b6be32877a7bda4fef3b4f05a0392,60,480,891,1728,18,False,
combined_stress,mandatory_failure_region,23,250961023,f8fcbbef4d02ff60672e1afbd1a95d9b34bf30a67127c0f02eb722c01e2c71fe,60,480,895,1647,18,False,
combined_stress,mandatory_failure_region,24,250961024,24ceca8a22b61326e383a41008ffd4c781e5beb8ae35d20a978bf1300fd9e4e1,60,480,896,1746,18,False,
combined_stress,mandatory_failure_region,25,250961025,42cce2c1038901876151bf45c827669578006e07a2a9288a4deb5ef026ef3549,60,480,951,1503,18,False,
combined_stress,mandatory_failure_region,26,250961026,42d99516d661bda43008aa1951d1090906cec9cbbac4730a70e0332876c34b62,60,480,919,1881,18,False,
combined_stress,mandatory_failure_region,27,250961027,07b40a6586b5f0fb1a27caae29bb07b022a20e943675f800a64282a13499334f,60,480,956,1647,18,False,
combined_stress,mandatory_failure_region,28,250961028,9de6bce42f53367b06affbc19225a1402d2504455a473d05519112bf035515a3,60,480,933,1278,18,False,
combined_stress,mandatory_failure_region,29,250961029,174be03e884ebff8b327b9427affab41fd7983729d7b0b9867108d2f6afce9fc,60,480,1020,1773,18,False,
combined_stress,mandatory_failure_region,30,250961030,f7f299cb418b46ce284cd12c4eeb6ed5b3dbcd6572ef3dabc7314531b8a9854e,60,480,955,1674,18,False,
combined_stress,mandatory_failure_region,31,250961031,53938987cdc80d59b34c81793b5d1dbcf567f96ba5672798cd25098176d39a58,60,480,826,1431,18,False,
combined_stress,mandatory_failure_region,32,250961032,b46b2ee6bbea4f254352e7b3e027fb0da557563a723443ef608b7b732db8d4a3,60,480,924,1584,18,False,
combined_stress,mandatory_failure_region,33,250961033,1d8ab4f606904abaf6694b039957c0db282ba72a797aa1ecb2cd56d34461b288,60,480,858,1737,18,False,
combined_stress,mandatory_failure_region,34,250961034,e58d50f5ffd1134f692f46b0a7a52cd0b48b68f923064a83d88a895185c8fe99,60,480,980,1620,18,False,
combined_stress,mandatory_failure_region,35,250961035,6c6dca65ad8afe157aaf886e3df7de375480133cb3bdb407099228608a452751,60,480,919,1746,18,False,
combined_stress,mandatory_failure_region,36,250961036,fc87b3591d7e34ded97a011ce78c9528acbc94b52cae3fee31e0ebd9ebe8cb0f,60,480,944,1566,18,False,
combined_stress,mandatory_failure_region,37,250961037,0cff075215a9c7fcf92d5424d54623e5396dece02e23a75e0c616c8a4683edd9,60,480,960,1557,18,False,
combined_stress,mandatory_failure_region,38,250961038,e883e91443230ac9f9a6bbb05dc57d9c2f833766e19984dcb8f01f5ec5c69bd6,60,480,983,1512,18,False,
combined_stress,mandatory_failure_region,39,250961039,55e5c1e53f20945daf549166e3bdd6184ebe8892316e6464b6a8a11a23ab1fb6,60,480,981,1431,18,False,
combined_stress,mandatory_failure_region,40,250961040,6d54db2282d3bd2e05d23633b1b2522d80937a6eab6b9265d6a4eccb448dddcd,60,480,905,1575,18,False,
combined_stress,mandatory_failure_region,41,250961041,8e3ab780ae95923927f66cb4057a824d55f016465106bad1d7185e3343b9e1f8,60,480,903,1890,18,False,
combined_stress,mandatory_failure_region,42,250961042,3d3275918cef15ed05db586357b18e29e3417fc40b4ada2dd97943e7a601ca5c,60,480,868,1431,18,False,
combined_stress,mandatory_failure_region,43,250961043,530c506278124bb74be1e757104c140b6f350a21a21cb26f0944e692e5d2a802,60,480,924,1692,18,False,
combined_stress,mandatory_failure_region,44,250961044,7e2dd4c8e8aeadca475cd407f33e355771ac112c3d95d7205140a93283e87d4c,60,480,930,1827,18,False,
combined_stress,mandatory_failure_region,45,250961045,dcd9851539c059d34230caa157ab8db3644245836eb66f9139d06a57f33bbb79,60,480,972,1881,18,False,
combined_stress,mandatory_failure_region,46,250961046,0b4fb6b0e86fee72dbf719e97199d8b5cd8dcefe8d67ad242e99a41638eb7ff0,60,480,981,1773,18,False,
combined_stress,mandatory_failure_region,47,250961047,458ea6b554e844c328b43fdeffd6b9e6886f6e1a0e0f5ce0f8086b5ac3b93935,60,480,845,1521,18,False,
combined_stress,mandatory_failure_region,48,250961048,32bca91957831dc38ded7b16643c779543ca3927b2081af36ef752f5d1c6184c,60,480,909,1575,18,False,
combined_stress,mandatory_failure_region,49,250961049,e8f05d418d1e4daf07070fd86cf901502ee2915067f6936bd32e73a4d7f25faf,60,480,975,1665,18,False,
combined_stress,mandatory_failure_region,50,250961050,78ad14a156deb3e5fc7a407e76d5a05e4179182849ef114e2150b6c577df0a84,60,480,1032,1998,18,False,
combined_stress,mandatory_failure_region,51,250961051,e0199e2d6d0fc70269152c96af23522d94a35f8b0b75f91166ed4784b1c2f018,60,480,1023,1413,18,False,
combined_stress,mandatory_failure_region,52,250961052,ea30bd9df6e3f40c0f00f905254aa61f50b79160d19d61cd4baa88e2a6200920,60,480,930,1701,18,False,
combined_stress,mandatory_failure_region,53,250961053,b3b51e1a2ccda493c4c3335d6a75a9808f6e64a99e6d65c3d73832daa6d53542,60,480,888,1584,18,False,
combined_stress,mandatory_failure_region,54,250961054,f10890c71bade655f183f23c7dcf93f5bb3ec953e50072fe8e4e3a8543e94f53,60,480,991,1755,18,False,
combined_stress,mandatory_failure_region,55,250961055,c4d7575fa094ebe4f4ca7c4cae588b957da0fbf0c0aaa50b6733279d46b6dab6,60,480,973,1926,18,False,
combined_stress,mandatory_failure_region,56,250961056,17bb1fe1587c6c8f6be1532eee1656bcaa7709be736139e52dd901660340d7d4,60,480,904,1674,18,False,
combined_stress,mandatory_failure_region,57,250961057,4caf70e1107d2f4d286ee4414d7ff2907f7358ff60c5e841e664009c6c40041f,60,480,996,1818,18,False,
combined_stress,mandatory_failure_region,58,250961058,cc99a9e3cf20953475ef6662a876ce8c532fcabb1ff937189fe6ee487886d38b,60,480,894,1764,18,False,
combined_stress,mandatory_failure_region,59,250961059,1c200bb809d35dc5c099bcc2748478f10b98bea42d6c51eee62c6e288707a842,60,480,867,1467,18,False,
combined_stress,mandatory_failure_region,60,250961060,27397ece76c103a115f53b5cb7b7efce1de95da9645893db866dc2448f175147,60,480,879,1701,18,False,
combined_stress,mandatory_failure_region,61,250961061,055efc834bbf86b0797f2322daa0e01412e581480e073cfe24a2b4d7965d69e7,60,480,874,1755,18,False,
combined_stress,mandatory_failure_region,62,250961062,f8c07aee2758c071edc88d6da0e3f5cd5adfe45b8f7cd32a1d89bcf30e7b6e51,60,480,855,1701,18,False,
combined_stress,mandatory_failure_region,63,250961063,32e57f9b925dd3416b61e1baa4b64e2b9bcf7b5342d6cdaedee3d954dc60d1ac,60,480,889,1908,18,False,
combined_stress,mandatory_failure_region,64,250961064,f8a2332417013fc9d1f80947b85d09e942291d0a97d84b338d52f7d185eb0743,60,480,924,1800,18,False,
combined_stress,mandatory_failure_region,65,250961065,411891d2b849d9307f463434a47f3a4691c547e2a61da44e846fd4d2091ed5e3,60,480,890,1557,18,False,
combined_stress,mandatory_failure_region,66,250961066,67da720f816134d1a1e99e188001b4b82d0e22f056bbb12ece26e7220425bb93,60,480,904,1179,18,False,
combined_stress,mandatory_failure_region,67,250961067,8de16242c4332bfd4440409d80208ebb7baef22afb758666810a591d4e0a478d,60,480,934,1944,18,False,
combined_stress,mandatory_failure_region,68,250961068,a0c680d77e1fb30064d5566aff6721ed50b7f47492576a8f51da88aa2ffa06d4,60,480,907,1278,18,False,
combined_stress,mandatory_failure_region,69,250961069,02b260505f41dbdf9766dd10616d9c20cb846e0861145eceb3823ae4404c1328,60,480,953,1935,18,False,
combined_stress,mandatory_failure_region,70,250961070,dc3fa0e4e34e23e3a27daadb680d1682055e66e7c1dcffe22d7c478945887712,60,480,1007,1377,18,False,
combined_stress,mandatory_failure_region,71,250961071,f7f3794b21126833563f5c89602e0cf685b39435cae44e3c46781cc191e37d3d,60,480,873,1665,18,False,
combined_stress,mandatory_failure_region,72,250961072,74ec13e7aec26ce64551b363f087b5711bd7329047659620785ef8e9a7cc403a,60,480,875,1782,18,False,
combined_stress,mandatory_failure_region,73,250961073,ac2493492e269dd554fff68cd4609a5c7b0f28a12045ca6c533d867f57e493d2,60,480,957,1692,18,False,
combined_stress,mandatory_failure_region,74,250961074,3bb4d6f00567674dd30b4704b96e9eb83cc8211441b11bbdf0422689d4f0b046,60,480,870,1863,18,False,
combined_stress,mandatory_failure_region,75,250961075,31b6d154d49443b8b1d17f54606e82e77a028fadcce68fda6697c7b42e2f0b47,60,480,874,1719,18,False,
combined_stress,mandatory_failure_region,76,250961076,2655483fc12c9d95d151e34ee829093bd3bf5434734ad2b25b62b16a06ecad9d,60,480,987,1746,18,False,
combined_stress,mandatory_failure_region,77,250961077,edf309104efab58171cfe456e4b7b13b564441bbbb1ac81b5c8124d4c392194d,60,480,912,1629,18,False,
combined_stress,mandatory_failure_region,78,250961078,5bbcb2f9e2b02c01b2d2462ba3f634c3a01366417a11acbc1687c166e6e90e89,60,480,844,1692,18,False,
combined_stress,mandatory_failure_region,79,250961079,c7b3c2f430f6246bd3d3f2dc669d893bce44a271bb4af10c93dc5226865b46cf,60,480,928,1710,18,False,
combined_stress,mandatory_failure_region,80,250961080,ca95b54132273a9d47dfb437b1093e497b6477e4c497930680fb3fbbe3b00832,60,480,874,1413,18,False,
combined_stress,mandatory_failure_region,81,250961081,ffe0480d336c95af09c61dff09aee918b3906762c3e0343bb0dbe95643b7fd71,60,480,940,1296,18,False,
combined_stress,mandatory_failure_region,82,250961082,092e54bdf0c3f911c79ed41d032bdd0f224e83d5d0e49f36c86fc5528a10681b,60,480,932,1674,18,False,
combined_stress,mandatory_failure_region,83,250961083,2cdbcd229967504bf3695f046e490d56810919d1509936ab73437ec86f946742,60,480,949,1503,18,False,
combined_stress,mandatory_failure_region,84,250961084,9945cf49dc8a8a03b931773eda6d304e5371bc149ee3b6407d3f08e93e9cdabd,60,480,874,1791,18,False,
combined_stress,mandatory_failure_region,85,250961085,5ab264148257711ff624b48831084adca9ea008a0ac52b08982be4cad12926c5,60,480,985,2016,18,False,
combined_stress,mandatory_failure_region,86,250961086,f12180743455484e926f564122c0bd2d80ac703f102a9b1f00dde22468e511d7,60,480,969,1935,18,False,
combined_stress,mandatory_failure_region,87,250961087,ca3f552617ad8a067d89a48ffc751bac7ce1b1eba58f269d6eb1f4d4e3e0ce15,60,480,981,1593,18,False,
combined_stress,mandatory_failure_region,88,250961088,a4130803f06bc389a0c185052fe9cdedc50479df8e46a01a9db02e427a17a37e,60,480,884,1674,18,False,
combined_stress,mandatory_failure_region,89,250961089,f18eab48b41ab220196c9c4532e0e41b53f35f4da50bc1913d1f9a25d1b6ea20,60,480,871,1674,18,False,
combined_stress,mandatory_failure_region,90,250961090,1724a4da419fa4c0d0a7c0550099162d456a61ebe03f0ab39d372135a92ad008,60,480,1017,1989,18,False,
combined_stress,mandatory_failure_region,91,250961091,b477455a2d4b71c214e2db9a1e2bcccc08905de10ed32649b38078bab2780bf9,60,480,898,1692,18,False,
combined_stress,mandatory_failure_region,92,250961092,3f8c01859f712d501f0a8e419310d15d99d47437808d1c1a0add462ef20ed72f,60,480,940,1629,18,False,
combined_stress,mandatory_failure_region,93,250961093,ab0f3a4d4507c453e80773b5c761d35eca2efd2f9dcf0eb6df652e2e9854a6f3,60,480,887,1656,18,False,
combined_stress,mandatory_failure_region,94,250961094,4169f6f6f2b9e07d76e6ef53a2bd298166ead78e6f17c3eafa664de936bacd35,60,480,875,1395,18,False,
combined_stress,mandatory_failure_region,95,250961095,edd82f7fed58ecbdc761355f39feec13c10ae32cee900a2751b3b8832cb9e1dd,60,480,888,1737,18,False,
combined_stress,mandatory_failure_region,96,250961096,359f62ac54c7fde233518879013c21bfb923cdd20f6831c848118840cebaf338,60,480,961,1908,18,False,
combined_stress,mandatory_failure_region,97,250961097,b9f22154bb9281772b5605624fecd5bbf1b044f2783394cf073f910519c6819c,60,480,899,1422,18,False,
combined_stress,mandatory_failure_region,98,250961098,cd2cdbb0b99d41cbf429ca914f909141f82fff8773aaa70369337e73aa1bbe12,60,480,926,1818,18,False,
combined_stress,mandatory_failure_region,99,250961099,40917c949998cb398baf508b808d4d76a443bf31689625044d29d547c65579b8,60,480,923,1557,18,False,
combined_stress,mandatory_failure_region,100,250961100,38ae5476e6c045c0116c07bb8d0e15fc8f52d34583e8af527f9349e24a0c0aba,60,480,927,1989,18,False,
comparator_leakage,scope_filter_regression,1,250941001,2fa19561749b65e89f023a7b452aaa592d9fa28416bb6d36b78094a5c5c78e90,60,480,1128,2196,18,False,
comparator_leakage,scope_filter_regression,2,250941002,07f41693380d30b0915b8a33ec1db4bfd6fbc853e04717b108cdb4f857825df8,60,480,1179,2349,18,False,
comparator_leakage,scope_filter_regression,3,250941003,1044b27e811ae6b93b63b602867941318d7c2111d003e75da5f44bde4547b6b3,60,480,1113,2241,18,False,
comparator_leakage,scope_filter_regression,4,250941004,652cd45250980195c81320fa52ad2734ed1996df13fb750a6f38ed12bde708a9,60,480,1119,2205,18,False,
comparator_leakage,scope_filter_regression,5,250941005,73b61a99b92690a8ccebe12e099285dfd38a9e61e59ec47c2d1d4bcd9504365d,60,480,1132,2340,18,False,
comparator_leakage,scope_filter_regression,6,250941006,b5e0e4e831fc1694170dca15653cc201b51828a9a01e4630e472e0f6a7f29b9d,60,480,1148,2295,18,False,
comparator_leakage,scope_filter_regression,7,250941007,e0056fe1f3b8c2dc5f883c95d8d71b33179e3fde5c9dbbcbf2d90db6d09ef00f,60,480,1106,2313,18,False,
comparator_leakage,scope_filter_regression,8,250941008,4f1d1590ad8f6056540f7fcdc9aeab6b80768cba710d339ca11bd56082b628cc,60,480,1223,2493,18,False,
comparator_leakage,scope_filter_regression,9,250941009,a521a35f6265e5a03fe5c707814a510293fbab58c72f2a735e5b84e8ca209e1f,60,480,1114,2358,18,False,
comparator_leakage,scope_filter_regression,10,250941010,85a1d587e3a5d189f37af04c6996e8f9271351f0afb74e9617304fc3b303ed88,60,480,1080,2133,18,False,
comparator_leakage,scope_filter_regression,11,250941011,a9bf4c485e3518951106f5df388f14fe80a519016534863dbca473b2462638e6,60,480,1149,2322,18,False,
comparator_leakage,scope_filter_regression,12,250941012,4bceb4d599b5a0766530514834c028d05a9401b8cfd9af4c8a8f2112666f4d24,60,480,1216,2340,18,False,
comparator_leakage,scope_filter_regression,13,250941013,3c520ddde313982a785ed7ace6e344221a26c65fafd861281a632ce0bd4229df,60,480,1078,2232,18,False,
comparator_leakage,scope_filter_regression,14,250941014,0347c26ae61d475342ae444b246c1803681af98560ee76e60bfc43d789017c91,60,480,1142,2295,18,False,
comparator_leakage,scope_filter_regression,15,250941015,5c36c4dc975f84cd3531de7074bf9f7141ff56b62f8d234dc6ee03724f5adcb5,60,480,1128,2241,18,False,
comparator_leakage,scope_filter_regression,16,250941016,06404189ccdf941a1d2edb0e914f62cb69d10cf1c2ed964fda858b4cce722627,60,480,1160,2178,18,False,
comparator_leakage,scope_filter_regression,17,250941017,8d9196e86ab90b7dd8c57cc52832b8cd7d79a647f651c37e075e42ab892aef3d,60,480,1219,2421,18,False,
comparator_leakage,scope_filter_regression,18,250941018,e8c59492e74facaf3c0d4806c2f32bd604307d606192dd486c4ab4cd880f5eeb,60,480,1189,2313,18,False,
comparator_leakage,scope_filter_regression,19,250941019,7f010fee58db04f2167ed709a336df3aa750e26b77630b33496cb1d0da1a9298,60,480,1173,2394,18,False,
comparator_leakage,scope_filter_regression,20,250941020,63ce7941bb60d0895890e1e6f155141922fad7c7729e63d088cb96becd6893cd,60,480,1092,2259,18,False,
comparator_leakage,scope_filter_regression,21,250941021,0c598f887fc050af9f28c29cd04ebf5c5791f2d3aca84862b2362666dc21becb,60,480,1175,2349,18,False,
comparator_leakage,scope_filter_regression,22,250941022,39afec0a7031b06caf91a51c0a3ff463c61ec6b89f242803c0abf3ea7f70dfe0,60,480,1073,2178,18,False,
comparator_leakage,scope_filter_regression,23,250941023,1de10bf22d6cd8d846c1e3036a712c039651cfd1904bff17c596ad44821eb686,60,480,1165,2304,18,False,
comparator_leakage,scope_filter_regression,24,250941024,348a653287e78ac2042dbbfc9e173599d8fd088c36ff1d3564703792fd1bf1f5,60,480,1067,2187,18,False,
comparator_leakage,scope_filter_regression,25,250941025,8bdc877ce850452d93a24e3a3712274f46e3ed1936cd9d6392de67a0395e4998,60,480,1187,2322,18,False,
comparator_leakage,scope_filter_regression,26,250941026,d255999e4ef641e2cacd5cf4107c3c32db07892226ecb85dceaa27cf9beaa90d,60,480,1158,2340,18,False,
comparator_leakage,scope_filter_regression,27,250941027,341ba4568d4347b0af5354ef862879129c00fe1fcad3edad0747a16a11e05bd8,60,480,1107,2169,18,False,
comparator_leakage,scope_filter_regression,28,250941028,fdd07216fde26408e205e182c9981d90988d3a12ae9af3f022a269fbe0f2d7d0,60,480,1092,2079,18,False,
comparator_leakage,scope_filter_regression,29,250941029,4f7bbd7f963ce550296bdc3a21fbf248b87d2f7174f231c2482854d14fcfd61f,60,480,1095,2106,18,False,
comparator_leakage,scope_filter_regression,30,250941030,a2b20f7f76f58e9a37f7bbb9f01f191a3e64042ca79f6eb081fd3c09c738ea47,60,480,1200,2358,18,False,
comparator_leakage,scope_filter_regression,31,250941031,4b0fa76811394f591a5116c7208866fd34470174df9be76fdee78b6b735e5e1e,60,480,1205,2367,18,False,
comparator_leakage,scope_filter_regression,32,250941032,9810eee8ae1786a03a2f3969ecc7727b3ec28d5b639f0327f286a00753812e7b,60,480,1197,2493,18,False,
comparator_leakage,scope_filter_regression,33,250941033,0306bd521bc490d1467b96e46afe4a08b09c95c32771d19142b3313f748fede2,60,480,1146,2331,18,False,
comparator_leakage,scope_filter_regression,34,250941034,97a7ea7706c96c03de18976dabdc1e8087c17e5a00b4280c760a6182a8902d07,60,480,1199,2304,18,False,
comparator_leakage,scope_filter_regression,35,250941035,3fcc376a6689989eeb2388f6bace5f7d955b14313a483e9cbd459572d2e29aa6,60,480,1196,2475,18,False,
comparator_leakage,scope_filter_regression,36,250941036,6ef091d81b2f5fb4defc57383311d672891b9b8dad8e5f6b5e7fa5251c59520c,60,480,1152,2268,18,False,
comparator_leakage,scope_filter_regression,37,250941037,7cd7bcb4b94923c4d2819f7bc09e51d477a55d4b6acd761dca6777fbcf45cfb3,60,480,1205,2421,18,False,
comparator_leakage,scope_filter_regression,38,250941038,12193fd6e57feb8823aa5e59d6d6f57e297b4b745eb01bacec66083584ba40a2,60,480,1117,2241,18,False,
comparator_leakage,scope_filter_regression,39,250941039,81202e2908f8453c463d1cfb3458af52ca3f9de5521129f07456c1570491686b,60,480,1179,2484,18,False,
comparator_leakage,scope_filter_regression,40,250941040,6698563b05a07251ca432ee48ad307278e5dba78d6d4611c6d905fd684a7a663,60,480,1169,2493,18,False,
comparator_leakage,scope_filter_regression,41,250941041,508f56268ba029efa88e4feda5702b9f3037856d805c0ef0a7503845a48317d2,60,480,1173,2358,18,False,
comparator_leakage,scope_filter_regression,42,250941042,e212005950ae4a6a5115e8c83d10664f285caaa392f8638a6a7f6b552e61d56f,60,480,1239,2439,18,False,
comparator_leakage,scope_filter_regression,43,250941043,94e56681dc0a75a66c15af25ff4cd461a7eab54c1337345ea9d6f9b34b28d5f4,60,480,1198,2385,18,False,
comparator_leakage,scope_filter_regression,44,250941044,4619dee3f0fa14c31e4abe3b318306c55f6a6ffc8d7436751fe2120874a00962,60,480,1142,2241,18,False,
comparator_leakage,scope_filter_regression,45,250941045,288ece180fa0a815a4ed7580d5461e11e02414b47fe6130b09a74a6c2d71dc24,60,480,1177,2250,18,False,
comparator_leakage,scope_filter_regression,46,250941046,316647be5180c20012f0ab56e98a2fdd08537d0cfff44d348550aeefe15e962e,60,480,1191,2358,18,False,
comparator_leakage,scope_filter_regression,47,250941047,5af89e926cd4a20f6e783a1fd616096a82ca915104c7712654e0bc79a52402fe,60,480,1138,2241,18,False,
comparator_leakage,scope_filter_regression,48,250941048,b5861c71132a0d27302c056065dfced45b937929c1cfc0425ba8685872a4289d,60,480,1111,2187,18,False,
comparator_leakage,scope_filter_regression,49,250941049,37b68d061511a4c7b283f60f8549040b16252980fa63cac991733ececc36ffe1,60,480,1140,2304,18,False,
comparator_leakage,scope_filter_regression,50,250941050,97ba798703f9209e3ca0a8eae4567a168a69400011f11341749d0a6d687d5725,60,480,1206,2403,18,False,
comparator_leakage,scope_filter_regression,51,250941051,007804a532c4c133205b5179723b339bb4a7ea4a7f4e8c296e04f775135f9740,60,480,1203,2385,18,False,
comparator_leakage,scope_filter_regression,52,250941052,0f1c4682d469125f832794b89534bbac388431e535c7d6d9058bcee22da2dc10,60,480,1202,2403,18,False,
comparator_leakage,scope_filter_regression,53,250941053,4d41c240d9a2cec58a2e3920b77d2a90cf600d9d8c5358d827d08feeb1bcc105,60,480,1097,2187,18,False,
comparator_leakage,scope_filter_regression,54,250941054,1dba38a91d906124e1b820f74919be83262c19aaeae43098fd6daeac4cc4c9b8,60,480,1214,2376,18,False,
comparator_leakage,scope_filter_regression,55,250941055,0fbbc34ff574bd499e06b9546550ab37b54d0e71e8eac525704e59cf05d74963,60,480,1170,2412,18,False,
comparator_leakage,scope_filter_regression,56,250941056,745c2c2850e98602c23fcde467f534fbc5fba13c1bdc550d14f8dad5f9575539,60,480,1138,2286,18,False,
comparator_leakage,scope_filter_regression,57,250941057,76f7d7b6e77ef157a144f55ce14997678bd89aaba7f2ac1a77a63d612e9c0ef7,60,480,1117,2223,18,False,
comparator_leakage,scope_filter_regression,58,250941058,5648133f4f683748829fc055d35e360b762df05976f25ea8d1881f55f0b3acbc,60,480,1219,2403,18,False,
comparator_leakage,scope_filter_regression,59,250941059,ee2280e0c03e6cd325a6773f060c4f4d0388baa092c694f5ef790fac7048a475,60,480,1118,2268,18,False,
comparator_leakage,scope_filter_regression,60,250941060,e9dcaaf1b1a471fdb40e9cb68b588b605a03e896e97a1d7e4873e6293ad192e1,60,480,1222,2430,18,False,
comparator_leakage,scope_filter_regression,61,250941061,efa492a5342d6087c1e6b8ad49d8bde5c8b5ab495da9ccf1787df43709bee192,60,480,1173,2295,18,False,
comparator_leakage,scope_filter_regression,62,250941062,ccefe257913c482cf9e18857e1ba606a602dba3fc164d3d07fe3dc720bcc19b6,60,480,1136,2241,18,False,
comparator_leakage,scope_filter_regression,63,250941063,f29046231ac8bdbe6aeb3f390bfb3b48851f3f57e3cb860d3f6765e7240eb3bd,60,480,1121,2259,18,False,
comparator_leakage,scope_filter_regression,64,250941064,8e260cacec779167383ca8c6f15ccccea84e5fcdcaba4c50751f4a8e190902e4,60,480,1163,2403,18,False,
comparator_leakage,scope_filter_regression,65,250941065,952817242249298cd2e03f1a5dc72bae66fe314cb95e86d097e522799db9c0d9,60,480,1197,2205,18,False,
comparator_leakage,scope_filter_regression,66,250941066,aba7a6a23e85f79be38084cbb0ca63425824a15f212c17779a4e01a0adb24c07,60,480,1094,2241,18,False,
comparator_leakage,scope_filter_regression,67,250941067,3bb880bb16fe8b80b14c4b6f4c4134e91c5508cb3929ce0ae2090b831c24bf14,60,480,1115,2124,18,False,
comparator_leakage,scope_filter_regression,68,250941068,9c004db75bb0db680e6d9521896b93f8d772a316417476d7e5a105e4fbe56b7f,60,480,1148,2250,18,False,
comparator_leakage,scope_filter_regression,69,250941069,6fcf3d21c127f5929d6e46ef1a7a719dff30ca1ea9b3b9fb05f71ff46d0cc219,60,480,1162,2322,18,False,
comparator_leakage,scope_filter_regression,70,250941070,321c4e5c5c4128815eba07ec98836abfda866a58d9b657b146035a7cb4b7d8f8,60,480,1096,2178,18,False,
comparator_leakage,scope_filter_regression,71,250941071,cd8109f768c9b6dd3a1f19dfc6ce86c26b418a0d558667d55f4129fab3b5978e,60,480,1068,2124,18,False,
comparator_leakage,scope_filter_regression,72,250941072,f0d337f15d61a4918dbf59b70b7cd4c246a7c69c9fa541ed5618c738eda88fa2,60,480,1177,2358,18,False,
comparator_leakage,scope_filter_regression,73,250941073,15266484fda6c2e075e92a265cb58463a2cf5519874223375e7c482bf0550144,60,480,1200,2430,18,False,
comparator_leakage,scope_filter_regression,74,250941074,7f7b5dbed5adee8062e56871fb3a5d7fffabe4807af4545cdf159df66e3b6d52,60,480,1193,2394,18,False,
comparator_leakage,scope_filter_regression,75,250941075,8c838b8705912fe6ab62a5543ccf0fc38201835b9b7ee12d2c3e08b13d5986a7,60,480,1159,2277,18,False,
comparator_leakage,scope_filter_regression,76,250941076,a5cb96a83855bf92160156bfdc91e3867b1a07cbe8ff4863dcacc9a01b31bed8,60,480,1168,2259,18,False,
comparator_leakage,scope_filter_regression,77,250941077,7ca2569b1bd4d6c6649bbaa346e746dfac1c9dc4e57e7f3321d7f5159be2d5f1,60,480,1136,2277,18,False,
comparator_leakage,scope_filter_regression,78,250941078,214ccdcfae43b573a357aa7ee6a70e8f5a7a028dc531398cd6762e2e52de52e6,60,480,1127,2340,18,False,
comparator_leakage,scope_filter_regression,79,250941079,523c61fc8d3122c9d5542325db23836c0853bf19a80d6effa72f5b5589d0d8e5,60,480,1192,2403,18,False,
comparator_leakage,scope_filter_regression,80,250941080,80fd4ff88caca25cb16ee95025d071ce9aa8ed0b912976de432a851a745cb08f,60,480,1118,2349,18,False,
comparator_leakage,scope_filter_regression,81,250941081,cb884173d956fd7f082677c38e3ec2fb4cfec9bac948117fedfda0cc662557d8,60,480,1136,2268,18,False,
comparator_leakage,scope_filter_regression,82,250941082,f4ae292b02af31680c026e5af063cd8ff29642d69ea9a4d840f74935b9811a31,60,480,1134,2259,18,False,
comparator_leakage,scope_filter_regression,83,250941083,4ec63e2c564c516c34d969e4c0fcff0462072e3a0da5b696852f331873b35c34,60,480,1159,2340,18,False,
comparator_leakage,scope_filter_regression,84,250941084,3009a3c1da66b3d0ae5dfa82d23adda4508b24330ccd20ac39d4af14a512c32d,60,480,1157,2412,18,False,
comparator_leakage,scope_filter_regression,85,250941085,4c18d04ced8e7b5a44d388d94c30f0949c126fe79b0fe82e76fc4dd230ed9c64,60,480,1107,2295,18,False,
comparator_leakage,scope_filter_regression,86,250941086,5e6831cc09bfe4d6274ce64e11601c2f7d97037da602663842e8f3d2e9b3db36,60,480,1133,2268,18,False,
comparator_leakage,scope_filter_regression,87,250941087,18e9f7222af4b7c0776e3ab8a3106cadddbfc535821aab6f7e37ea2628654310,60,480,1165,2367,18,False,
comparator_leakage,scope_filter_regression,88,250941088,b8f9f2e507ab4ac9c358966e7ab66731b1647ba62d8e5cd5bb9b29b400c5d3e6,60,480,1125,2394,18,False,
comparator_leakage,scope_filter_regression,89,250941089,9ce227c55c6e2bf54d2150584fce38948c2475470d0b148288206c4fa6d964e6,60,480,1232,2313,18,False,
comparator_leakage,scope_filter_regression,90,250941090,7aaf7917e76a8f38ba53d7c0b492498b43dadb4e0e962b0d850fb4edfe44cb49,60,480,1154,2250,18,False,
comparator_leakage,scope_filter_regression,91,250941091,f6c0abad63f5946654e946eabfff48cbaada70098c68f369bd9d80e640f55345,60,480,1238,2430,18,False,
comparator_leakage,scope_filter_regression,92,250941092,92e82efdb8421105d24fec941e7eff5eb9018378c54150c58358c7a0a3bf24e3,60,480,1205,2304,18,False,
comparator_leakage,scope_filter_regression,93,250941093,73ea9dee62db166f7e66ff788f329db107b9b4464510c1ec9507c625253ec6cf,60,480,1188,2385,18,False,
comparator_leakage,scope_filter_regression,94,250941094,9cb9753d193f3a8d3f14a0d12aef62bfc11c7b950f50a1d85e9c3e25b1279ab6,60,480,1119,2232,18,False,
comparator_leakage,scope_filter_regression,95,250941095,2a2a87a651058a1ef308010a3c0a146ab203776aa6830dd602ee684e0471f282,60,480,1206,2385,18,False,
comparator_leakage,scope_filter_regression,96,250941096,d78399e355649fc4c2ee8a06b71ccbad8fd83fe9624e39705781b87e206c8ae8,60,480,1183,2349,18,False,
comparator_leakage,scope_filter_regression,97,250941097,ffd892ba987822a7205e2580a5bc64d1b35df5ff554baea8439535bc7c3b87c1,60,480,1110,2133,18,False,
comparator_leakage,scope_filter_regression,98,250941098,3f0ce3b89863874978183d2e1fbacd9d7956fda9358a6a6b59734cc384328c5a,60,480,1146,2250,18,False,
comparator_leakage,scope_filter_regression,99,250941099,e4328dd1b6865374a1c2b5b44b4e46d5b12ee0c37cf446616bdca4d0ea75aec5,60,480,1134,2250,18,False,
comparator_leakage,scope_filter_regression,100,250941100,43163773a6c970032764647e85eefd53d19e0664a6c40783c4e0701faab6a567,60,480,1221,2421,18,False,
duplicate_nested_reports,duplication_stress,1,250831001,29aad89ef4dd71163e83709dea736b93658ddf44cab5df2964338cdf480238c3,60,480,1487,3573,18,False,
duplicate_nested_reports,duplication_stress,2,250831002,3163cc24a19ed181a1eaa7578255b5439d80616a4de4cabfed98bf75b32495eb,60,480,1565,3807,18,False,
duplicate_nested_reports,duplication_stress,3,250831003,51bfb7b847b7d6c9272199621455d33ae69922ca4e4e60194fb6122f6e08894e,60,480,1477,3681,18,False,
duplicate_nested_reports,duplication_stress,4,250831004,9f168d3fa304c5b32ad318f4fe3c73ef4582169d7f8d37c57146c971ca9d4887,60,480,1509,3519,18,False,
duplicate_nested_reports,duplication_stress,5,250831005,141d08d5be9082892c73541a6842ac30c6b84e9bad3bcc65ebbc4850db7e1d13,60,480,1472,3411,18,False,
duplicate_nested_reports,duplication_stress,6,250831006,e150518dd46b859c3d71a8d090eca2efaf097a7726974de78435feae28dacf6c,60,480,1502,3663,18,False,
duplicate_nested_reports,duplication_stress,7,250831007,6b0cfa3a335b46e5632097b2044a16d3ae5aadadb42bb2f4f2b3484131d7391b,60,480,1428,3321,18,False,
duplicate_nested_reports,duplication_stress,8,250831008,aa8420ed7bbbcfcad47a04eb5bda46512e8b735803ca2b3ea1b2bb6ba184e5e5,60,480,1459,3537,18,False,
duplicate_nested_reports,duplication_stress,9,250831009,36c14466611c7556c112162768d90f39554edf43098c8e652d2f943f9559a036,60,480,1575,3834,18,False,
duplicate_nested_reports,duplication_stress,10,250831010,1ede9878a9ec17d38c7bb27631253ae30666aee8f4d8eda7a143de65d387ddc8,60,480,1443,3393,18,False,
duplicate_nested_reports,duplication_stress,11,250831011,ef2b4b2072acfe1a862a1c34848fa77258e0a0b520802843a40bc50f1e12238b,60,480,1451,3438,18,False,
duplicate_nested_reports,duplication_stress,12,250831012,25ed9571ead770f71ec0f82564a1328cf52e0f396b9d199d970c80990906cb17,60,480,1445,3402,18,False,
duplicate_nested_reports,duplication_stress,13,250831013,108c82739559c3d33a15bad054b0a6d85e8e5e506981749d092920118c17196a,60,480,1452,3474,18,False,
duplicate_nested_reports,duplication_stress,14,250831014,95b178e96ace63575319ed6f4ad234ebb688c35bb36430b72098d983cded186f,60,480,1512,3564,18,False,
duplicate_nested_reports,duplication_stress,15,250831015,abca6b325091ac7b35bf7ecbbea334ea00201cf5445fc1074cab61e8fbbf433d,60,480,1457,3393,18,False,
duplicate_nested_reports,duplication_stress,16,250831016,15be6ab784fffb42ec9a49294085345f59d8977c2b9a23f35d39e1dd9decc3a1,60,480,1457,3447,18,False,
duplicate_nested_reports,duplication_stress,17,250831017,59cfcea30f63669b4b5b5ad6df5a2fe9d0892d23203fc2133c0f1affa68b6c82,60,480,1511,3564,18,False,
duplicate_nested_reports,duplication_stress,18,250831018,d3a8d9909c5bce2c29a947c57aebf826d9a36459027134028d8b11508a5f6956,60,480,1470,3708,18,False,
duplicate_nested_reports,duplication_stress,19,250831019,3258ecd5218df015a20ff25ed0f0c94c5c6b5dfbe28e7ccc572e7040a00f490e,60,480,1514,3519,18,False,
duplicate_nested_reports,duplication_stress,20,250831020,a99cf13f83501f98479e06428e8b7968a180e3b05cc0bb240813b55a06c1485e,60,480,1453,3420,18,False,
duplicate_nested_reports,duplication_stress,21,250831021,c1e2a0722456177a839194a0802f1dccf8c8aa998619747c0c533f0786221410,60,480,1496,3645,18,False,
duplicate_nested_reports,duplication_stress,22,250831022,ec83cb3a4173bb41a723c2faedadaad16cd538c830343ba3eb0ed03a89dd00e4,60,480,1441,3708,18,False,
duplicate_nested_reports,duplication_stress,23,250831023,26345661818cac254cc9ccbeb83f50908bec9f0ca388811d00b23e9a8ca64b4c,60,480,1544,3807,18,False,
duplicate_nested_reports,duplication_stress,24,250831024,8768613b69ea2e16192d31d80ce20908d2f6d9f0cfc569849f9fbea8fb8c1f30,60,480,1456,3618,18,False,
duplicate_nested_reports,duplication_stress,25,250831025,e3906693bc0e087f7cdc54ce42da285b22e2a1765f801764e6da87f727ac1ad9,60,480,1469,3465,18,False,
duplicate_nested_reports,duplication_stress,26,250831026,87cd211736dc2383b680b2296bd927777ecb7f2d48d33238de0f8cef7498e911,60,480,1443,3600,18,False,
duplicate_nested_reports,duplication_stress,27,250831027,fe8fe3508655a6776b75d1b5c0d58a4758f0dd0ee30365e8096643049681a7c5,60,480,1474,3510,18,False,
duplicate_nested_reports,duplication_stress,28,250831028,bb2a0f432059f76d297af99eceb863b04e92313e190762fd789d77484f75a1ed,60,480,1503,3555,18,False,
duplicate_nested_reports,duplication_stress,29,250831029,fcf0a84336aa4398d1a0ede1dc62549b0a768c2f840c9ac5b25943730bc15264,60,480,1515,3627,18,False,
duplicate_nested_reports,duplication_stress,30,250831030,9caec2a3898fd45a40690372f3ae945d1b454a97cd59b7d7c7717ac7584bf648,60,480,1457,3402,18,False,
duplicate_nested_reports,duplication_stress,31,250831031,269d2f6d9d65fea720906bad1188900ceba4f751d060d8707a40912098e9b73a,60,480,1447,3366,18,False,
duplicate_nested_reports,duplication_stress,32,250831032,0beb5bf93b463a0eb9ebaa307f51ade64be4e4e0dd3ef68f462d179318df2a67,60,480,1545,3681,18,False,
duplicate_nested_reports,duplication_stress,33,250831033,395fdf14eb0806a207edae8e701e89102a7d85b16492ab2e2a862b44128e0b5a,60,480,1451,3528,18,False,
duplicate_nested_reports,duplication_stress,34,250831034,25fc59b1efe390e2aee847ec94c466ab6a7a02881618827ce6baf3d84ebe6ee3,60,480,1436,3582,18,False,
duplicate_nested_reports,duplication_stress,35,250831035,2098aa77cd3a7965354aecd580bb25464149be651537b47c90dd1e46abc2b487,60,480,1551,3636,18,False,
duplicate_nested_reports,duplication_stress,36,250831036,ad2848ede60ae4219f42c58274095c24c3054f99a67112c3dd2a71862aeae33d,60,480,1444,3474,18,False,
duplicate_nested_reports,duplication_stress,37,250831037,558ca6176c1eb619b32883c4698311aba0cecd57fc692e6c372278da2c120174,60,480,1420,3501,18,False,
duplicate_nested_reports,duplication_stress,38,250831038,ccf22ab623d5e2e6238241d791614fe3d32ab3f78e691ab20021b64c247a3b81,60,480,1445,3501,18,False,
duplicate_nested_reports,duplication_stress,39,250831039,98427d75c95adefeca47f6592ff5c198d56a21d59c6d939b5a65e17ec9c54a54,60,480,1456,3672,18,False,
duplicate_nested_reports,duplication_stress,40,250831040,711c978886c008bf1b9d22b34c35543a0c9b59469f9d2c692c9003d00134513f,60,480,1477,3672,18,False,
duplicate_nested_reports,duplication_stress,41,250831041,765aa9a069bbc27f993c9008ae8893e3baf928bc6cecebcd5b654c230c0670ee,60,480,1528,3753,18,False,
duplicate_nested_reports,duplication_stress,42,250831042,b782b2d852c6df2909c3ba1e689d3ebff6464d86cc57da9a1b90f783aec6de50,60,480,1393,3312,18,False,
duplicate_nested_reports,duplication_stress,43,250831043,81d506e6799ef46218b3916962192f129de6af14cb5e8e5ce21bdb171872c4e9,60,480,1573,3753,18,False,
duplicate_nested_reports,duplication_stress,44,250831044,dac909c24d2dc0b1e0474e4403366ffc6766192d7217ac2f1d6626c68b39fdd1,60,480,1531,3753,18,False,
duplicate_nested_reports,duplication_stress,45,250831045,e93c5f6eec121fb256a95cf377a6ee06fce2d822dfe7640c3b3836cfe3cd422a,60,480,1488,3690,18,False,
duplicate_nested_reports,duplication_stress,46,250831046,2c2c5e6436b048a2fcbf007dddc08b3ca027028cec92f77e5dbcdd385f1f03af,60,480,1563,3663,18,False,
duplicate_nested_reports,duplication_stress,47,250831047,8b4a8bb50a3d916f67b90556761b6e240a723a9a463979bca146c0a37c8e2102,60,480,1498,3708,18,False,
duplicate_nested_reports,duplication_stress,48,250831048,1fcd6c9c0e1e4593031a4fd2b5787d515bf51273564e2252bc9623694f0e3fed,60,480,1525,3816,18,False,
duplicate_nested_reports,duplication_stress,49,250831049,c313a1129c236ad417098600af787de5836c00a65c0f212c715a276b8dd7b16b,60,480,1503,3726,18,False,
duplicate_nested_reports,duplication_stress,50,250831050,cf56faf33b35be98578732e759dfb01617702ac2fc5dc856b19ed940d3fe7a35,60,480,1432,3321,18,False,
duplicate_nested_reports,duplication_stress,51,250831051,a9920570fd924cd095fcee01c16be4617ac1a181741db1fbc9d69250e1d60d32,60,480,1527,3582,18,False,
duplicate_nested_reports,duplication_stress,52,250831052,8f5e9c1b79d1f3d5ca97c6894da3c5863e65deccfa2b890bde4f26d0719a32dc,60,480,1516,3591,18,False,
duplicate_nested_reports,duplication_stress,53,250831053,496cb8a939346974e2bc67447944e54d315b02aa60b55ada50a2c8e00a5447f9,60,480,1460,3663,18,False,
duplicate_nested_reports,duplication_stress,54,250831054,52feea315deb078c50a67cb73b461944d194ed05171a682a31de6b436dbfcc48,60,480,1670,4149,18,False,
duplicate_nested_reports,duplication_stress,55,250831055,81c662fbd7a0c08c7a292edb6219010d153bb9a1185c6ed0a6221f95fc96a6d2,60,480,1508,3465,18,False,
duplicate_nested_reports,duplication_stress,56,250831056,a40d50c739e83fcb3fabd7a5244c8c8086d16ce716c1304b597c4269e3b50ebe,60,480,1490,3483,18,False,
duplicate_nested_reports,duplication_stress,57,250831057,7b67e12c44b0bfcb9a0563d07b91bfb4d9f677c7cea1a6de3e28b4ac5a539188,60,480,1467,3456,18,False,
duplicate_nested_reports,duplication_stress,58,250831058,87c269424cecbeb056d4d3850cb3b226eaa30d9ba654e045331896df013852a4,60,480,1534,3816,18,False,
duplicate_nested_reports,duplication_stress,59,250831059,4988d5e7e645ab821516e572f9dfc05dddf24ad6c7ccf91583b2b162b866f1e7,60,480,1400,3474,18,False,
duplicate_nested_reports,duplication_stress,60,250831060,4250a41a2616fef852eb114750eef478607c2435b38a5d98a5b0f159ad6f08ce,60,480,1506,3609,18,False,
duplicate_nested_reports,duplication_stress,61,250831061,ec2f57983e90913b06ab6e905d22950ca57d94451a3543e72e35e5e106695381,60,480,1479,3456,18,False,
duplicate_nested_reports,duplication_stress,62,250831062,7615aac640a24c1e4e12ab2badac04c29b666072e10356c033f8d5af6f66e4cf,60,480,1545,3627,18,False,
duplicate_nested_reports,duplication_stress,63,250831063,6764485fdbbbd6135357f014f59d7853da3ccf3b3d46023a322ac3086c31ec6d,60,480,1486,3546,18,False,
duplicate_nested_reports,duplication_stress,64,250831064,7376132a35e74bbff96947960d63945fb790c5c4d723322377a21f6f77b83baa,60,480,1453,3555,18,False,
duplicate_nested_reports,duplication_stress,65,250831065,64c4bbbbbe0c5280f87c5d5bacc67cf0a9df7451d5dceba208ce077c1d2a3a2c,60,480,1506,3447,18,False,
duplicate_nested_reports,duplication_stress,66,250831066,5e102b3cdf09a9e02e7e29329e5e815d64612d35e5d61de21ef3ae41bef128a0,60,480,1482,3510,18,False,
duplicate_nested_reports,duplication_stress,67,250831067,f4c6b8c669d2158fadc8d3ea79d951bc094f82fb4c124087f182c71a07dfc6e7,60,480,1501,3546,18,False,
duplicate_nested_reports,duplication_stress,68,250831068,4a4d388b00ff511b181a08a28342357518a475eb0e0c5a8f4d004139ea0152e6,60,480,1410,3483,18,False,
duplicate_nested_reports,duplication_stress,69,250831069,0c4e39f40c967e2ec0995a3c68ee3b1b683b55e93c446fea67222387938d3a3d,60,480,1356,3303,18,False,
duplicate_nested_reports,duplication_stress,70,250831070,8bcf08f35105f9d8f57cbf930bb4c3bbfb21421a3876de8cc9aec49d9f30eb13,60,480,1498,3465,18,False,
duplicate_nested_reports,duplication_stress,71,250831071,34405be15d7267e5815f7565c3ec6a96cb2fd865b4f65814c5bcda36cb710b53,60,480,1357,3384,18,False,
duplicate_nested_reports,duplication_stress,72,250831072,967944ccbc64b8d83f80b75ecc31f29e1600281cbff4801a57d95141542788f5,60,480,1555,3834,18,False,
duplicate_nested_reports,duplication_stress,73,250831073,25008b691b656521e091bf5bd1cc84d27594268e4354aa6e01db2024abb2b334,60,480,1551,3627,18,False,
duplicate_nested_reports,duplication_stress,74,250831074,3889f809d4ffafb2433657b543537031f1bfb02df981d33df1ca74f2c70d5e9e,60,480,1474,3537,18,False,
duplicate_nested_reports,duplication_stress,75,250831075,0b4a5137475f5d9ddad8a22d27ecf38c341a4168436d7b1f480258d3391044e2,60,480,1509,3708,18,False,
duplicate_nested_reports,duplication_stress,76,250831076,ec4649569b22ef054188eaf8d7b99ec23920ecfb5925b760b109e5f2d860201e,60,480,1489,3654,18,False,
duplicate_nested_reports,duplication_stress,77,250831077,52c0a1a24672b2b20b1e71de34a22f987173390d4152bb659d80017166af1cc6,60,480,1451,3492,18,False,
duplicate_nested_reports,duplication_stress,78,250831078,6a48f7cf43eb79a23414265030d44703e1b1ca38e457c3e44e12df4923c2a351,60,480,1530,3690,18,False,
duplicate_nested_reports,duplication_stress,79,250831079,aa26f86df04a230b4760b1d50de5296a13de63a2a846bc1abb16d8f6c6ffca8a,60,480,1532,3771,18,False,
duplicate_nested_reports,duplication_stress,80,250831080,8e49629bddb523579c78fbb0f0e410ab8d96ab20692497fd570c86f0b8008df4,60,480,1457,3330,18,False,
duplicate_nested_reports,duplication_stress,81,250831081,f54b61ba0dc14426a43cc58361e03e1f34ada4ed60cb6d8cbef907ad7e3ecedc,60,480,1475,3564,18,False,
duplicate_nested_reports,duplication_stress,82,250831082,272578f5130f45b0e2330a619531030b1e8d25eadedece78db2ac872687e9849,60,480,1524,3708,18,False,
duplicate_nested_reports,duplication_stress,83,250831083,c261ffd04d1094a4595b5bcfd2811b4a2d884e7e0e6699434e0cacd9517de978,60,480,1416,3303,18,False,
duplicate_nested_reports,duplication_stress,84,250831084,124c8ab78494e3bca380e5f14a0192b262a645966361cc2b7abe4e0d83e4f306,60,480,1563,3861,18,False,
duplicate_nested_reports,duplication_stress,85,250831085,dbae5f21941a3a94bac27572a06a2b19c81b44a966a51e078563e475a854f97b,60,480,1399,3321,18,False,
duplicate_nested_reports,duplication_stress,86,250831086,37b9af60cffdbb574c7b75f5abaff7f602c55edd1ed9ec4f8e3bdf7b3b653112,60,480,1440,3420,18,False,
duplicate_nested_reports,duplication_stress,87,250831087,1c7f1c2f851477b36c0d2ad78c28a927f5bf456394278271bba2cd47853f9a07,60,480,1539,3672,18,False,
duplicate_nested_reports,duplication_stress,88,250831088,3e9a5c466cef249a76f590d168f81bf619a236c9bbf65ecfcf307937cea98bc0,60,480,1436,3366,18,False,
duplicate_nested_reports,duplication_stress,89,250831089,fa7030b9025d7f65b0a0a734ac522c9a0079d17fc4f2380716ab3978538cadd4,60,480,1472,3429,18,False,
duplicate_nested_reports,duplication_stress,90,250831090,da672ac2a4c56f82b3bd02ad8f996ca588cdff043e96b531537f75b9a24e15c6,60,480,1490,3528,18,False,
duplicate_nested_reports,duplication_stress,91,250831091,299c05873f1c1d5255ec86c0b5efdbc714e5c968ff9f710156efe2994681d4cc,60,480,1441,3339,18,False,
duplicate_nested_reports,duplication_stress,92,250831092,395fc3a5610c247882201fe677ace86928935e702bee0ba978b788c4c264cbb4,60,480,1590,3933,18,False,
duplicate_nested_reports,duplication_stress,93,250831093,e32a606fb749be02ec3d2ca59a1c3e6a733e3911ef6f996105ae7033e26f3407,60,480,1477,3573,18,False,
duplicate_nested_reports,duplication_stress,94,250831094,19d3cc2a9f5b62a7b2c0a2c947b3719faa2bbced46e6494b2d431b330f4f9fde,60,480,1414,3312,18,False,
duplicate_nested_reports,duplication_stress,95,250831095,83991d957df684a87774f4171a59f93c39ab26949e03be304332cca3f95875f4,60,480,1543,3690,18,False,
duplicate_nested_reports,duplication_stress,96,250831096,95bfdfd9c9ce4810c38d5c9680877e4f947c6874c72bd99b0a49c4f24ede338e,60,480,1519,3717,18,False,
duplicate_nested_reports,duplication_stress,97,250831097,e67e2c86eda092e394e417c6ff3787bfec63ec8141c83017e8765c98d481db14,60,480,1492,3636,18,False,
duplicate_nested_reports,duplication_stress,98,250831098,2bf08e818722d17077ae992784aac290a1aa56da46486e68162cd19ba732dd29,60,480,1433,3447,18,False,
duplicate_nested_reports,duplication_stress,99,250831099,89ff3d67328a75b71834cde961158c2c0068c357d6afb6e32ecefe9633798795,60,480,1515,3708,18,False,
duplicate_nested_reports,duplication_stress,100,250831100,eea1f20da0d29a53de3307e21b5ed60012c2ed81a4bcc49dc37a262852e8b5e2,60,480,1507,3510,18,False,
high_zero_inflation,measurement_stress,1,250851001,76057997e1ee3670ce333a845eeb274845cf33627787580df1b9c3507c91c6bd,60,480,421,1674,18,False,
high_zero_inflation,measurement_stress,2,250851002,7f89727bbd16c07a251ecba1b57ea931c4477cf7d861b14ff8d21b10aeee720c,60,480,396,1602,18,False,
high_zero_inflation,measurement_stress,3,250851003,ac641514c4c2e069cfc04922968dbee921a5a64fc39cf9672936ae7f17811340,60,480,432,1800,18,False,
high_zero_inflation,measurement_stress,4,250851004,a9c8c007875b2055f4c5c80ac4a44fd6e6db6dca3f3b9a22e3f4376e4349f469,60,480,437,1782,18,False,
high_zero_inflation,measurement_stress,5,250851005,655f55e16f493e56c8eb1fdebc1ac6b30a3e91d0785491458edfa2666122aeed,60,480,435,1728,18,False,
high_zero_inflation,measurement_stress,6,250851006,2cc1a55e1e1fded79fa78f1f0351632690d629695994210c8398a6c6149c1ad1,60,480,406,1611,18,False,
high_zero_inflation,measurement_stress,7,250851007,2c7dd87bb439482dba3f2f05839f98a71076b59785ae4518425f86bfea949d25,60,480,449,1917,18,False,
high_zero_inflation,measurement_stress,8,250851008,4c90f5569678f90204210e9e80ac51b78b2fbd071c876a60a933f235d7bc22be,60,480,477,1809,18,False,
high_zero_inflation,measurement_stress,9,250851009,a422f3bf15bea4891cc89296282d73fee5709ad87f07ac6d45c2bf8801244a83,60,480,416,1719,18,False,
high_zero_inflation,measurement_stress,10,250851010,2ac536c0e3679b53911fa4605390c4065970145ca2058bc435623a7c0e069d14,60,480,414,1647,18,False,
high_zero_inflation,measurement_stress,11,250851011,f592828b8a1379b1b58c2a78f8f627919b0fb5753304c320e9cd3e8dbfec9b6f,60,480,381,1593,18,False,
high_zero_inflation,measurement_stress,12,250851012,7b8d5b1b760707206aa6997aa3698363d1a7221aef6acc09fac2b02cd3d01f52,60,480,402,1728,18,False,
high_zero_inflation,measurement_stress,13,250851013,f2c6689915de891035a0fed28c28dbad7d565e6ee34345a95cfa3b3c59e80074,60,480,406,1674,18,False,
high_zero_inflation,measurement_stress,14,250851014,e33311c86cf67217249cacc50e4d448622d821b3772268f6aaa7e839d2660f4d,60,480,385,1512,18,False,
high_zero_inflation,measurement_stress,15,250851015,2fa4545032338a6bf3bf7c4a6ea4e925dc1fc1bf2282089c940c8e10376736ad,60,480,438,1800,18,False,
high_zero_inflation,measurement_stress,16,250851016,e56bd839c5490bd05a392f0c683701e7df154efdd5c97066f5109770f6dc2e53,60,480,417,1755,18,False,
high_zero_inflation,measurement_stress,17,250851017,f962489ac385da1cb0c6405bbf323de9d412598d31518b2b6db4c44ae0a01440,60,480,396,1701,18,False,
high_zero_inflation,measurement_stress,18,250851018,86202afa7c92f418ddea3d986fd2e726367dc6258f722cb7c43aa3a8a94785d2,60,480,374,1611,18,False,
high_zero_inflation,measurement_stress,19,250851019,175ecb7425a8067653919e5cb4251543a6941964d88479f21721fca82ae2b798,60,480,383,1701,18,False,
high_zero_inflation,measurement_stress,20,250851020,e0e89045b566f1298981c83513520d91fda24abded09fcaf6962ff5059f25acf,60,480,412,1647,18,False,
high_zero_inflation,measurement_stress,21,250851021,3bb99ae809b8357677e6979fc1925ba9463dd28f469aedf40ff65724896286c0,60,480,397,1602,18,False,
high_zero_inflation,measurement_stress,22,250851022,39e90f750e5006d737c44f7a5e908e2da94ebcba0d88035a1f772075a62d645e,60,480,425,1575,18,False,
high_zero_inflation,measurement_stress,23,250851023,b6bd0a73858ac52d84441a9d17b6f59d57204965f200d8e67b0f671248c2cd10,60,480,394,1638,18,False,
high_zero_inflation,measurement_stress,24,250851024,ee58fa52827317a11779cdfd8581e553b9f7ca3fb7e9ae94022b8c1ea05e1679,60,480,425,1629,18,False,
high_zero_inflation,measurement_stress,25,250851025,2dfb35c1bc34301bb5d3f22c8a7cee454d5a7c9dbfa3cf7f65435a06b473c9db,60,480,498,1926,18,False,
high_zero_inflation,measurement_stress,26,250851026,9bbc54a6a7bc63520f2282e3fc48e6b5c182e238f4c3cf8a3557040f8f3143dd,60,480,412,1656,18,False,
high_zero_inflation,measurement_stress,27,250851027,c1cda76e6f69c99c0599d1df2cb8fc7eba6317b6b5f46ca6897dba03413dec2a,60,480,426,1755,18,False,
high_zero_inflation,measurement_stress,28,250851028,1330b360300a8db1ea144c85dc9b36ea65af18722f4dd27172a3f52af5572bb4,60,480,387,1611,18,False,
high_zero_inflation,measurement_stress,29,250851029,574aad95d5f573fe271395395ced501ce40da574e18e8c89756734d4bcf6f61f,60,480,387,1665,18,False,
high_zero_inflation,measurement_stress,30,250851030,9f70649f7ed167f6719833b7ce07becd1066b0a0beee93f6b283e0a194fb28ac,60,480,423,1692,18,False,
high_zero_inflation,measurement_stress,31,250851031,4526323be6bc0810c2f81f2ba672a448932c94c31ddd000acac60636de054045,60,480,366,1638,18,False,
high_zero_inflation,measurement_stress,32,250851032,9519a83f12ba819c04fc665143a3e9a8c94ac79ffc39c9575eb772e056efde07,60,480,413,1647,18,False,
high_zero_inflation,measurement_stress,33,250851033,37eef3474711e961fe49244471dd853b09d6757608bd16ceb7889df377154c0d,60,480,452,1782,18,False,
high_zero_inflation,measurement_stress,34,250851034,ac0bb9cb617cf822a5c69ee6168653153b3f0e5e172a738d51e734bdb1ebdc97,60,480,405,1638,18,False,
high_zero_inflation,measurement_stress,35,250851035,1d26d65f14a4af0f96b3342575817a6f0a4d0d9020ecb0b00bd3cb10084c11a1,60,480,448,1773,18,False,
high_zero_inflation,measurement_stress,36,250851036,263803dd437f88274dc91ec9aaf9232efa8d7bc6a8a8552b23434ace706a9595,60,480,393,1665,18,False,
high_zero_inflation,measurement_stress,37,250851037,de9095575377a6b7d6d3a4f52563a3197e62ddb699e13242929aa7a71905634e,60,480,419,1782,18,False,
high_zero_inflation,measurement_stress,38,250851038,e37efc1f98ea0fb9e48a145c643cbeeb8483425a03e25fc56c529ebbd1d6cc66,60,480,439,1773,18,False,
high_zero_inflation,measurement_stress,39,250851039,d306efabafa22cd9ea8f6eb5ab03e9224449c554586ee30f95cd25352e9f7715,60,480,431,1746,18,False,
high_zero_inflation,measurement_stress,40,250851040,2eae8c0e715d4db1684a419af6bd34d6e3a00a48aa7e3c68481524eae9f386db,60,480,394,1584,18,False,
high_zero_inflation,measurement_stress,41,250851041,88cc9252aafb1ced8c7d601246a68edfc4c0642affd6c683548893be9decac28,60,480,398,1764,18,False,
high_zero_inflation,measurement_stress,42,250851042,365079b46be876f81fdb4118c00937ad414af117b0017e5989f8d23ae0534a2e,60,480,437,1809,18,False,
high_zero_inflation,measurement_stress,43,250851043,e0100adcad195fad37bfc02c77588795cd94b9670701c5a670a9287b1ee3e243,60,480,441,1854,18,False,
high_zero_inflation,measurement_stress,44,250851044,5b453d64e4201cbd7ccdcc67d67a61c93617c60806da71a252bea6e9ac7deaf1,60,480,409,1710,18,False,
high_zero_inflation,measurement_stress,45,250851045,283ae29fed5c1d6942a3970c746d7ccfb0bab95841647c32ffa2b98ce325e36a,60,480,411,1656,18,False,
high_zero_inflation,measurement_stress,46,250851046,608587ed3ba5a3dfdcfbd9bd2d94b6cf05c7528834ca567dfa79bdbc45971946,60,480,449,1809,18,False,
high_zero_inflation,measurement_stress,47,250851047,7e95a4bfe6e0b9df07561629d028d23e75d55f38805d176618a269dd773506b7,60,480,443,1764,18,False,
high_zero_inflation,measurement_stress,48,250851048,e21e15a4574a17b1def7b3e38671479923863f317c6421827c5d03d596276617,60,480,372,1503,18,False,
high_zero_inflation,measurement_stress,49,250851049,08c65bb823711b5d6a3239a01118dc1e8921501b9cbe58621aba538734b9e9b9,60,480,392,1611,18,False,
high_zero_inflation,measurement_stress,50,250851050,2dfde892e1ddf5552d917f89d0865d8662d160d2673794ba95af7c3add8937ef,60,480,448,1773,18,False,
high_zero_inflation,measurement_stress,51,250851051,d4be0f915b7e91d24d280a1f40412bc7d915307c809d0a23d2fffcf6a25f5403,60,480,414,1611,18,False,
high_zero_inflation,measurement_stress,52,250851052,245026964fa1cf54fa5bb3dcedce35f24fae8e0e338a4913fc9432f88c1a694b,60,480,428,1728,18,False,
high_zero_inflation,measurement_stress,53,250851053,3b3d893ee8c7047f212a9f1a3021c14e194727323b0a34391cb0d9c0f581c84c,60,480,424,1728,18,False,
high_zero_inflation,measurement_stress,54,250851054,6d34effa01fe21478b0fd3ddc7d14e27c7d9b6133522295707a68927ba6bdccc,60,480,424,1692,18,False,
high_zero_inflation,measurement_stress,55,250851055,daee577fcfb1d9153898470f1a7a8822bc172d225fcf5b75cfa87a1de4aa5df4,60,480,428,1620,18,False,
high_zero_inflation,measurement_stress,56,250851056,6d3faf33330c16530e8216261768b6d46a708c567103f48d129c78d97321acdd,60,480,497,1881,18,False,
high_zero_inflation,measurement_stress,57,250851057,7ea31880a38ea319d15a98b9221ff47e86ce150a126cf05a8afbaa8e1adad369,60,480,390,1638,18,False,
high_zero_inflation,measurement_stress,58,250851058,a94aeedc3a61b95952a2f34ae43b3060d7405095773fcd9fd865d0a63599f03b,60,480,425,1728,18,False,
high_zero_inflation,measurement_stress,59,250851059,8c3fa657969fae46147296091ce5803d078712610b48bed6dd365aee957fb133,60,480,431,1755,18,False,
high_zero_inflation,measurement_stress,60,250851060,0bce1ad8529d44ed6eda412499487e216ce2317ec8140a062ae69b7c7517144f,60,480,402,1548,18,False,
high_zero_inflation,measurement_stress,61,250851061,8220804a9405b954ffdd96949f809b9e78c4836e3859527948374323eab96d8a,60,480,400,1620,18,False,
high_zero_inflation,measurement_stress,62,250851062,858d6d82b17ce7f00d72827e11f5582791c2559779df8c52d6ab4dd5d3069f44,60,480,409,1629,18,False,
high_zero_inflation,measurement_stress,63,250851063,e24e12d6835dfefdeaa13e508a93d3bf44149150bbac2c8963dee66eaa0289b1,60,480,383,1638,18,False,
high_zero_inflation,measurement_stress,64,250851064,b5696a8b345b0cfe16b0baaf3a67a0bcfa4e0d38234c38e9ce687760fbe3d5e7,60,480,424,1809,18,False,
high_zero_inflation,measurement_stress,65,250851065,9bbee1928e9b088e2ee81ed58f1227cf9befd4e50681eb632789b78808ab5223,60,480,352,1548,18,False,
high_zero_inflation,measurement_stress,66,250851066,b7797697e82a1c91251f86e4655b8f547a1b435ba2d97418ce67cd6a40228456,60,480,435,1746,18,False,
high_zero_inflation,measurement_stress,67,250851067,720ed51cfae57df1d82bb2e3444f4e5f45da61bd795d4d453b9005ccd35b26e0,60,480,433,1728,18,False,
high_zero_inflation,measurement_stress,68,250851068,048eeba85de198b23b435ecec690162764d544eca984c23d7dc267db4a9d12d0,60,480,436,1755,18,False,
high_zero_inflation,measurement_stress,69,250851069,36b83d858cc7ee32cd75c67afbdd06c53b4d1656f8d4416a302f8d0081b89edc,60,480,468,1746,18,False,
high_zero_inflation,measurement_stress,70,250851070,3a52c1efa34d78732d59259565eb107c55eb69879346165eb375fd49d4add2e0,60,480,441,1737,18,False,
high_zero_inflation,measurement_stress,71,250851071,860f26a1d1c5292c8251669907869312bccd3493bf4ff9bdb10eabe5881119f7,60,480,445,1710,18,False,
high_zero_inflation,measurement_stress,72,250851072,82a371b35c709a376d405179dfbefef14ccb20aa7152c1d183a0ce2e6048be2e,60,480,403,1656,18,False,
high_zero_inflation,measurement_stress,73,250851073,34a27860978d0964e0f3d5df05c286ea94c5a5b7402d7ab6a9be321664cbafb4,60,480,446,1719,18,False,
high_zero_inflation,measurement_stress,74,250851074,6de01b72faaa9b82d6c36e563b5bdcbae849662258500ef6c96bc79639687184,60,480,394,1665,18,False,
high_zero_inflation,measurement_stress,75,250851075,de48a79e38778b46fae00b1e4fc7af15a008ea83373a596cdaf827ef8e922668,60,480,366,1602,18,False,
high_zero_inflation,measurement_stress,76,250851076,fb1198db12d0ae0df804e13a4167ece4b24a1c25f58dc538e3e49a5a62a3742d,60,480,401,1710,18,False,
high_zero_inflation,measurement_stress,77,250851077,a35dfdb5d3834d570305b786b16b6671880c663d93831e39587fd8d580016693,60,480,466,1773,18,False,
high_zero_inflation,measurement_stress,78,250851078,8b447b1223d3c965569737fc5ece7d631cbc46e9268ceb0c786305e9b341fe03,60,480,429,1647,18,False,
high_zero_inflation,measurement_stress,79,250851079,b2d1498af8ffed32b23a638b2cecb08ac0207bccb79408adde5592783525e301,60,480,452,1836,18,False,
high_zero_inflation,measurement_stress,80,250851080,be2c499d613bdbfca070cd867e19773a5eb4f16b441cd6815fa9a8f734248fa5,60,480,421,1620,18,False,
high_zero_inflation,measurement_stress,81,250851081,576728d3af3a76c5f6918ad57cd3fcac1023d9b2cd8e25f050838f7b0e292fde,60,480,424,1710,18,False,
high_zero_inflation,measurement_stress,82,250851082,10e677ff73c6d9d9b17650aed2fe4ffeb00ebcc856eb1d611ce4b7716b6d6334,60,480,424,1755,18,False,
high_zero_inflation,measurement_stress,83,250851083,93ddea2fae85d2cb44665ac4ca2fcd33c6fbd624166e0605eb123176c3d0dd13,60,480,408,1647,18,False,
high_zero_inflation,measurement_stress,84,250851084,fb053e3220c69fbb7407ac2b7afae46f06234adc76fe4b3636933bcd9859a83e,60,480,463,1800,18,False,
high_zero_inflation,measurement_stress,85,250851085,b17cd90a6073ac0655956290dbe0fefa0188b2b1d02e759c142d041db9bafb79,60,480,454,1845,18,False,
high_zero_inflation,measurement_stress,86,250851086,915314f4a08249ebbefdd63588eb39b0f028b2eb6d79496d65c2eb0532a3328d,60,480,440,1773,18,False,
high_zero_inflation,measurement_stress,87,250851087,e9497b46f4c629eb4f4dd81cdb1b544f490c2886165685477f38bdb5ea4e560b,60,480,419,1782,18,False,
high_zero_inflation,measurement_stress,88,250851088,c63881118aa1cf869ecabf6cb315b398ba29e1a03e503e379f2ed22ae79ad166,60,480,433,1746,18,False,
high_zero_inflation,measurement_stress,89,250851089,a600e53efcc03431d085da17e6b5d36769d095670af725209cf47411ffeb24f3,60,480,425,1800,18,False,
high_zero_inflation,measurement_stress,90,250851090,f14d944609c27e6825752dc1f7a02a9d410fc6ca88f464652162fb242b60c940,60,480,443,1737,18,False,
high_zero_inflation,measurement_stress,91,250851091,1d17d1759d562def3aac6a5830f819b9436bf27945079e84c9a193f713a533fb,60,480,385,1494,18,False,
high_zero_inflation,measurement_stress,92,250851092,9ab6f6e74827f42dd9a543e0444559f75decdadfa4504725047030b845caf8f8,60,480,404,1692,18,False,
high_zero_inflation,measurement_stress,93,250851093,cb6a28cbfa97f3d6a14401d5a964c0017027a9649212fcee93f8c3cf76e1ceb8,60,480,416,1683,18,False,
high_zero_inflation,measurement_stress,94,250851094,24d27c66aff37e219edc60660c0a5c0ce5dd82a1470cf2eb2a6a266fc9d483c6,60,480,393,1665,18,False,
high_zero_inflation,measurement_stress,95,250851095,10058acbd9792238b1c25b2e3276328a1ea2dd98e0088e238c7ac68a32533ee3,60,480,420,1665,18,False,
high_zero_inflation,measurement_stress,96,250851096,b7be34f81200d75cdbcceac335e9a1560abbf94617b441a6a381e347490217d4,60,480,432,1746,18,False,
high_zero_inflation,measurement_stress,97,250851097,e1fb3e4a40e444cc5efc58ac1eeddc26d5aba533c0212d3554e040ca0b1590ec,60,480,434,1746,18,False,
high_zero_inflation,measurement_stress,98,250851098,3da768f4f681e17213c4a6d6598bf0a07c369174d0b8d17e06c5fbd32bb6ea2a,60,480,376,1413,18,False,
high_zero_inflation,measurement_stress,99,250851099,88595b27a0f9cad78da594438253d13bbbe249eb67effe9a2a316e72180a067b,60,480,366,1521,18,False,
high_zero_inflation,measurement_stress,100,250851100,e6787aaab84a32378677f142a2740f853e239ec5206cb9fc2aeb7f122e84cf98,60,480,405,1647,18,False,
incorrect_family_merge,mandatory_failure_region,1,250911001,5def48f7b79a95c9b20c6bde7785e5d77a89bbfb551d6f7506815a10c6fb2270,60,480,703,2169,18,False,
incorrect_family_merge,mandatory_failure_region,2,250911002,5ba88133037f7dc7b2fb52669e61c02fd10769c9dd9ff493f6f25de08e531713,60,480,769,2430,18,False,
incorrect_family_merge,mandatory_failure_region,3,250911003,d18de1ad43bb7cfa38b6e9db3d4bc6d4ec8915457ec64400770bd509682a072c,60,480,753,2259,18,False,
incorrect_family_merge,mandatory_failure_region,4,250911004,bd09f92e0bc1a5495c7a83e2d3e85734d1c26e3b6aa71155dca4b607840ce904,60,480,760,2322,18,False,
incorrect_family_merge,mandatory_failure_region,5,250911005,708e58b2f8878ff5657eea298f9db0de906da0dfd480c71a6364592d7b4a7cdc,60,480,741,2178,18,False,
incorrect_family_merge,mandatory_failure_region,6,250911006,05216646aab23303e9d9c2bc0f786703bc0c5e38618f74909a384b5d1cec8e98,60,480,765,2448,18,False,
incorrect_family_merge,mandatory_failure_region,7,250911007,d4141625475fc8b46ef4734f077dd525affb56c96cae81923774bf5393a4667b,60,480,729,2259,18,False,
incorrect_family_merge,mandatory_failure_region,8,250911008,d151d1f79c6003790c2fba1bc5bb732e14ed9a104f35fb7ca81585fa7d0e31dd,60,480,743,2331,18,False,
incorrect_family_merge,mandatory_failure_region,9,250911009,a64b55dd3bb9cd32b5a4384b3254eb19227bc8955b65fdaf79c20771f112aa10,60,480,686,2142,18,False,
incorrect_family_merge,mandatory_failure_region,10,250911010,ff0609fb22ea367cb2b2da37e7f95b8a8b6f969d2d278856078a80691d96c0f5,60,480,710,2169,18,False,
incorrect_family_merge,mandatory_failure_region,11,250911011,4c38b8760f20343deaf617c4df3988e128dfa5b3b9d124407453616029d9b4fb,60,480,675,2124,18,False,
incorrect_family_merge,mandatory_failure_region,12,250911012,a263bcd6ed4f01b96f02b78c3dd64bc9c0f9f9c3350e32d0b5f0eb1768e0d78d,60,480,702,2178,18,False,
incorrect_family_merge,mandatory_failure_region,13,250911013,6325f6de222e9de0944201e1f39e2a1e6010336e48368b692f1027675fdbea05,60,480,794,2556,18,False,
incorrect_family_merge,mandatory_failure_region,14,250911014,26e19be5e8d7be59d97a329ac00f0917a80cf22363c9dd8405caaa0add0ede51,60,480,781,2439,18,False,
incorrect_family_merge,mandatory_failure_region,15,250911015,62e4346c2a40298ea5af057e220346dc3d133114e23b9797f3da5c15e8c5fc27,60,480,734,2196,18,False,
incorrect_family_merge,mandatory_failure_region,16,250911016,56a762c26198847711042306fac06b3c0b48f0f55f6a5092186b47f68301ed2d,60,480,750,2385,18,False,
incorrect_family_merge,mandatory_failure_region,17,250911017,1321bd526759a3cb0a2e8fb40c8b9d3e12f9c158c97340729967d178e4bd05c2,60,480,719,2250,18,False,
incorrect_family_merge,mandatory_failure_region,18,250911018,062bd4495452a085c77d3b5814dc5dee6f93a741140d55ac5bbb5a5e122325cc,60,480,722,2259,18,False,
incorrect_family_merge,mandatory_failure_region,19,250911019,423d3ef4e6ebf527473025dbbdb4f81c1c9ae41c44c34dd59ec670269978714f,60,480,769,2349,18,False,
incorrect_family_merge,mandatory_failure_region,20,250911020,baf5261634f808150a03061ec5c69e288dd02a8b488e1f0e844a0898fc7b730b,60,480,752,2421,18,False,
incorrect_family_merge,mandatory_failure_region,21,250911021,6488b210dee133de452bf797491795050083cb6cce85b3fbd4a8c6294fec0bd5,60,480,791,2367,18,False,
incorrect_family_merge,mandatory_failure_region,22,250911022,ff50276a76979066a8f753592c246f2e001186b567b80bb666688f1755ecbddb,60,480,772,2376,18,False,
incorrect_family_merge,mandatory_failure_region,23,250911023,5dae2dd22a7ff93446e28bdc3c3e5a965c7c391e8a564fb4d39e782ee26520fe,60,480,755,2214,18,False,
incorrect_family_merge,mandatory_failure_region,24,250911024,d9d950a0e2931167962bb6a656b53b70a8a7a139a7408b3d0cb45c72b6a53b6b,60,480,725,2376,18,False,
incorrect_family_merge,mandatory_failure_region,25,250911025,611ccab9e513e3fac9e3f074e7f957d33fee1535a3844960ba57481c52e882c3,60,480,691,2214,18,False,
incorrect_family_merge,mandatory_failure_region,26,250911026,a317d300f9925a8c0b9afb378b3aa7c48f81d4c8fb14d0bdba5852faa4bfe1a0,60,480,766,2259,18,False,
incorrect_family_merge,mandatory_failure_region,27,250911027,3481e8b1ecf40507a2c904ca9ce1d119b323ff7745c40d3e295bab722b743934,60,480,743,2385,18,False,
incorrect_family_merge,mandatory_failure_region,28,250911028,c7b9dce6b6f8ea2dd71ec2e16c93cb08bf3ce5a6ba94a02efedc9609c32bdda2,60,480,677,2043,18,False,
incorrect_family_merge,mandatory_failure_region,29,250911029,9deecd165ac93acb64c66380ca74506d4d99cce1328676f8479ff84dbb9a6fb6,60,480,759,2340,18,False,
incorrect_family_merge,mandatory_failure_region,30,250911030,abc797ef38656e0316de7f91f616fab22f055f14c368617b06249cf8bc39fe69,60,480,743,2394,18,False,
incorrect_family_merge,mandatory_failure_region,31,250911031,da6692554a5c6c659861f3c8215332c42286b2f4ab83421354b73f05dfa5df5c,60,480,748,2322,18,False,
incorrect_family_merge,mandatory_failure_region,32,250911032,5625e67cc1cfb1743b7dad3438273107fa95e575a35d24f49b638bc346d2274d,60,480,716,2331,18,False,
incorrect_family_merge,mandatory_failure_region,33,250911033,54c4f368a26c3c9b9df530271d29dca41f81e2be4906dfba73e8a06fc093b354,60,480,730,2268,18,False,
incorrect_family_merge,mandatory_failure_region,34,250911034,525afcabc12888fece51acc25ec23847fbdf33d6a461f0ffb87e1ff4a28a51f4,60,480,699,2223,18,False,
incorrect_family_merge,mandatory_failure_region,35,250911035,03e38b3658fb390a57204c571f4753083ad936b7b7309ea28ce0b8de977770f0,60,480,802,2412,18,False,
incorrect_family_merge,mandatory_failure_region,36,250911036,0a4a26da9e0b56721f6cff110f32652f07ca0d96dd020ee434fd779acd1cce9b,60,480,755,2286,18,False,
incorrect_family_merge,mandatory_failure_region,37,250911037,6a7bb6bb4d737680d3e42a76636fa5d51a9061fbbd4de7d1e232251f43a1a198,60,480,774,2421,18,False,
incorrect_family_merge,mandatory_failure_region,38,250911038,5f6b979254ef5a7b78beee93c717112812ea6b9d9b43a2d3c0cb53c4f043fe70,60,480,752,2439,18,False,
incorrect_family_merge,mandatory_failure_region,39,250911039,eb249e922dcb2648b81a9ecd77931dc931b5abac5964a02724a8d9af437c6bc9,60,480,742,2385,18,False,
incorrect_family_merge,mandatory_failure_region,40,250911040,9da7169ddc55452e20c06b76ba4cc75ea595752670bd5d8fe67bf807147c7444,60,480,736,2304,18,False,
incorrect_family_merge,mandatory_failure_region,41,250911041,2de06ce2264169bcd35862f3be2ef3d9f52a5c06c3eb45b9993911b01142b5e0,60,480,769,2439,18,False,
incorrect_family_merge,mandatory_failure_region,42,250911042,66bc1acd9846e0bab5abe9f13f8f4807a37fde2fce1a07313f5a6669e01600a6,60,480,648,2196,18,False,
incorrect_family_merge,mandatory_failure_region,43,250911043,cc6510317488433cda510a4d52d1b5d4fd5b3c7714b4ff60249d9760ee248a3f,60,480,725,2241,18,False,
incorrect_family_merge,mandatory_failure_region,44,250911044,7bbc32e0ddd185dcf6859bd46ea13e87d7e39e41c3e64bf53ea17f0a98356549,60,480,754,2421,18,False,
incorrect_family_merge,mandatory_failure_region,45,250911045,66cd29d81371f4952864d6c844c165cc323c01315e1b3a2127278e8c7abaee16,60,480,723,2277,18,False,
incorrect_family_merge,mandatory_failure_region,46,250911046,d897e84d1209f45333629a2a6dc8c7a0a17d19736b1ae28a6767b3e340d270b0,60,480,691,2259,18,False,
incorrect_family_merge,mandatory_failure_region,47,250911047,8ab5b327dbc2eebf93ef47f4ca27ec6787ab15a443db106bf65d99af2ba40afc,60,480,740,2295,18,False,
incorrect_family_merge,mandatory_failure_region,48,250911048,149511fbc6bac395d18fe099b3431ebbd1068f1c46e6aa798e58a14ab1fc25ba,60,480,737,2250,18,False,
incorrect_family_merge,mandatory_failure_region,49,250911049,a34584d3e878ce84098d66871fae979304f20bc56d4f6109963f385e369e8ac9,60,480,752,2349,18,False,
incorrect_family_merge,mandatory_failure_region,50,250911050,b9df94824948910611f275045bd1b9c62a2ca749ba495a1802322978081015ef,60,480,756,2547,18,False,
incorrect_family_merge,mandatory_failure_region,51,250911051,d071957deea01cc6491241d911a976fe7a05ee6801fe96d35295bfa69c8a637b,60,480,742,2358,18,False,
incorrect_family_merge,mandatory_failure_region,52,250911052,80b6b51c22892c9dc0b4d4d9d796d0b70054a3694680563469323d8fc69fb03c,60,480,783,2349,18,False,
incorrect_family_merge,mandatory_failure_region,53,250911053,b24a64b1f6dac5e7da036429bba6e3f1b97a55ff9f27d6bee79198b4a0dcbeec,60,480,743,2430,18,False,
incorrect_family_merge,mandatory_failure_region,54,250911054,7eb9a61097504e86da519c09470a803e71ab72ce102ecacb98f6f523cea80ae4,60,480,804,2538,18,False,
incorrect_family_merge,mandatory_failure_region,55,250911055,d9203fcc1cb81c0003bc8ea294c0c97e94fb1bc1c4e0e9f29c5a2478cb12cdf4,60,480,707,2268,18,False,
incorrect_family_merge,mandatory_failure_region,56,250911056,df3d1d03fe047b9739fadbb1f9646b4ef699813e3bab7ce8a2ca31120c05a31b,60,480,676,2178,18,False,
incorrect_family_merge,mandatory_failure_region,57,250911057,bae44fb1b53ece26b3aaa92ea9b500aa9a19f082a4a95d032562349c601ad944,60,480,727,2295,18,False,
incorrect_family_merge,mandatory_failure_region,58,250911058,fd55903a7e00770d82644bd6ce7692e29d175e3d0d264bb32efad1ee9b68a5cb,60,480,796,2511,18,False,
incorrect_family_merge,mandatory_failure_region,59,250911059,08d8cdc92be454abb9b52e982505b47b94bc9dda2afe79fe76eed86ef4d5a4f6,60,480,716,2385,18,False,
incorrect_family_merge,mandatory_failure_region,60,250911060,311afd51e7d6ebaae3f6701b5887fb39606ec5c6df0ee8144fffaf0247526629,60,480,700,2295,18,False,
incorrect_family_merge,mandatory_failure_region,61,250911061,28a6342ebf4375391b07451d7971a0b4045bdaa6629ec3081955caa4a8a5f00b,60,480,711,2349,18,False,
incorrect_family_merge,mandatory_failure_region,62,250911062,71d69c32176d5069dbb1367e4335a9d200f2cf5093d1477bf403e34c5fbfb374,60,480,684,2151,18,False,
incorrect_family_merge,mandatory_failure_region,63,250911063,2cf149928456c75649dd04871fe336fc3ca1ceb26535620d1d9ee87d9cfdaa9c,60,480,683,2124,18,False,
incorrect_family_merge,mandatory_failure_region,64,250911064,916f63971af4023fc218ca87b87db1fba96757740ad5832cfd65f3f2c6b9afa9,60,480,715,2223,18,False,
incorrect_family_merge,mandatory_failure_region,65,250911065,84738370ce89a8ff3f1ee17ccd185e2154439425c95a36aa86dc4805680bd699,60,480,707,2286,18,False,
incorrect_family_merge,mandatory_failure_region,66,250911066,cb2d3b8b1c076ef45bb55eacb63f2a81ded8957b86fbf6c985e5942abe6d9e7a,60,480,775,2331,18,False,
incorrect_family_merge,mandatory_failure_region,67,250911067,535e9e8f31072df49a841701918c18188b7542e565cbe0b2136d51a836ce6788,60,480,707,2205,18,False,
incorrect_family_merge,mandatory_failure_region,68,250911068,9984cbd3c825aa70f43909537659ba0edd44273fd1272f80bd4017914fa97110,60,480,738,2322,18,False,
incorrect_family_merge,mandatory_failure_region,69,250911069,7ff398f588ad8319dee95c6cfe35582f15442f3cd9e4590f8ae32af6bb7f52ae,60,480,741,2277,18,False,
incorrect_family_merge,mandatory_failure_region,70,250911070,70b8295caa8d62508eb74f914da7a95f40826f67a2c86bdb7d857b84f50ef06d,60,480,735,2268,18,False,
incorrect_family_merge,mandatory_failure_region,71,250911071,4d1b725715e1905d263b38da733a84b21288ff04edf6b2d80657300a3a6b3f6e,60,480,726,2295,18,False,
incorrect_family_merge,mandatory_failure_region,72,250911072,1c9b8a89d5e11b213558e2d68c2f3439317d2c9a90ee1082f0c91329e75deb7a,60,480,747,2277,18,False,
incorrect_family_merge,mandatory_failure_region,73,250911073,48c4e49ce89cd10a303cc33cb7e2d4c64d04a8135349849ccdf4c8c9091d6fc0,60,480,733,2331,18,False,
incorrect_family_merge,mandatory_failure_region,74,250911074,b70f3d37383c15100fb20acfaa5d65b1ed7841f65aa779779494c5d9a01226d0,60,480,737,2367,18,False,
incorrect_family_merge,mandatory_failure_region,75,250911075,9928edad4218e18443bb577d107c15e009768dfaf8bb54908c42a80c84e6e560,60,480,750,2358,18,False,
incorrect_family_merge,mandatory_failure_region,76,250911076,c3a5edc8328e930178e1bd43a2f18ac40b9ec0ce5455cef20a1d34b911ee33a1,60,480,698,2286,18,False,
incorrect_family_merge,mandatory_failure_region,77,250911077,90af25bdf42f6c7b0e1f51485d4fd80913f76ee9753612660a3255cfcf35b82c,60,480,692,2142,18,False,
incorrect_family_merge,mandatory_failure_region,78,250911078,c117d95067ad8f89d62a56a22d1907976800e043e96d05772687b81627cee4c3,60,480,733,2367,18,False,
incorrect_family_merge,mandatory_failure_region,79,250911079,f2143d026364aa2a176142b3dbbcf5ab1c1cd65c746e409b020143b76e1f9e53,60,480,734,2412,18,False,
incorrect_family_merge,mandatory_failure_region,80,250911080,de4bb2207488cd4752df96537196309864c7eedb5f86bc8b6b3b4ce9b9eb7824,60,480,751,2448,18,False,
incorrect_family_merge,mandatory_failure_region,81,250911081,100d7d5f19b26c085cf7748be3f9a3e76e99157b7931dc71c683322dcf0c90ca,60,480,697,2259,18,False,
incorrect_family_merge,mandatory_failure_region,82,250911082,5ec5436520991a5ff1a1ea51ac1b0f11c46da5e092a46ba4a42f9dcfc98b8f30,60,480,716,2295,18,False,
incorrect_family_merge,mandatory_failure_region,83,250911083,5c0ceeabade78fb81b00e898b0e74d5fb73f4fc30b286e1934f5b74e579c8994,60,480,766,2340,18,False,
incorrect_family_merge,mandatory_failure_region,84,250911084,23b857aaad9b86fc0d29b4a270d15a4acc867be8fe34f77849dc05954c5b9e22,60,480,735,2304,18,False,
incorrect_family_merge,mandatory_failure_region,85,250911085,13c68436bb698b44b29d58686ef8cb3e87905a4a1265107747c4f5c03ba146e5,60,480,757,2340,18,False,
incorrect_family_merge,mandatory_failure_region,86,250911086,5d352c09b87a18115ba4fcc3354a262e0820f6778a29e38ed0bdd33b2222140f,60,480,709,2250,18,False,
incorrect_family_merge,mandatory_failure_region,87,250911087,5c97d685bf28238e5e146ebfb4c4dbc52b661bb9d63d9534ec0898588ec779b6,60,480,718,2232,18,False,
incorrect_family_merge,mandatory_failure_region,88,250911088,1352dfa4225d5f600b70adb90935f2ff9fc3287d9bd381154310fd12bcd74e3a,60,480,747,2358,18,False,
incorrect_family_merge,mandatory_failure_region,89,250911089,f28ff6286b0d499a45063755eb3cee1b7f6ff2d6056e958d40ac4c3afe014acd,60,480,731,2295,18,False,
incorrect_family_merge,mandatory_failure_region,90,250911090,d3d1387489c1b820d16851aa2ee5389d14218abeb192bf41a75eb45626e1d531,60,480,778,2394,18,False,
incorrect_family_merge,mandatory_failure_region,91,250911091,9f878e13f8e542278b0c77f063ce42f140836c3237626529a9e49bf0174d9d69,60,480,743,2241,18,False,
incorrect_family_merge,mandatory_failure_region,92,250911092,a0465601b2b9693686ad5d1c3b3d6bb90c4bd9531ceb2bd54696f226f2fe1d80,60,480,672,2196,18,False,
incorrect_family_merge,mandatory_failure_region,93,250911093,8cce7abcc908d0326097f5fce232b53baea6f47783abe9ee8d7a46aef0c48d74,60,480,780,2304,18,False,
incorrect_family_merge,mandatory_failure_region,94,250911094,8882e4dd4d71e2b1e87d5a0553b8a2f138331da46c1d867e646be8851393d3b8,60,480,788,2466,18,False,
incorrect_family_merge,mandatory_failure_region,95,250911095,0afe9bf6b533367c1f61e0793168fc31e52a5bab5d93e214357312db23f0d7e9,60,480,727,2313,18,False,
incorrect_family_merge,mandatory_failure_region,96,250911096,9a059269ae30a84a5472737670fc83cc247431caf0c05f42924fc99d0f573f13,60,480,754,2412,18,False,
incorrect_family_merge,mandatory_failure_region,97,250911097,053de8387b0d71f92ca0c820bd04a129216605a856cf72d4f79f55f0aa76ce36,60,480,786,2403,18,False,
incorrect_family_merge,mandatory_failure_region,98,250911098,b773c8fbf02ea7110a26314ea66abb7fb28bcc0085c3b7f7ba870e4cddf8730e,60,480,685,2187,18,False,
incorrect_family_merge,mandatory_failure_region,99,250911099,3c7399b97d74f74c0ee80c93a4e49b987903b1d2bb5b234dfcc444774716f412,60,480,712,2358,18,False,
incorrect_family_merge,mandatory_failure_region,100,250911100,b51759acb8361fd3437b632380f67259ff0041790b83872263d1aded009bd9c7,60,480,700,2214,18,False,
incorrect_family_split,mandatory_failure_region,1,250921001,23fcb18e0dd914cd826bcfec798d3765a1cd5568a94a4e41950f38b0daf26c73,60,480,1108,2979,18,False,
incorrect_family_split,mandatory_failure_region,2,250921002,1694077a31065ac92c9bc53f3b72cd8fc00615a57f71838c9b9a47c1bce5f802,60,480,1070,2790,18,False,
incorrect_family_split,mandatory_failure_region,3,250921003,80b0056ce1ddfa36c578db7ae63aabf5a692a4b250f4130cf28e14c99ca581b7,60,480,1069,2907,18,False,
incorrect_family_split,mandatory_failure_region,4,250921004,505d1665f96bef2534d17b1dcda79bc4c165e14105fadff956cac267cd29caa3,60,480,1139,3123,18,False,
incorrect_family_split,mandatory_failure_region,5,250921005,3e8cdd9b3f7bbe6661d7ec288356bea0c56de32f49ca5de46c4d502425f4fcf1,60,480,1097,2880,18,False,
incorrect_family_split,mandatory_failure_region,6,250921006,f5a0028a8ef17dca060c0d32908d42019695f05522cb0b682ba93a1543cc08b2,60,480,1128,3069,18,False,
incorrect_family_split,mandatory_failure_region,7,250921007,49f0751a62e516b12e4f5314949d3f71851e6c44ba172f94b1da6a76da8df9ed,60,480,1000,2745,18,False,
incorrect_family_split,mandatory_failure_region,8,250921008,f60dccad4c1fdef3b4c749279cc64ff9f35691295b1b773826f22abb47167268,60,480,1123,2979,18,False,
incorrect_family_split,mandatory_failure_region,9,250921009,110997d8bddbcc142729f5e154d03ea65fb52637712076c91e5e25d7f4b16aed,60,480,1128,2925,18,False,
incorrect_family_split,mandatory_failure_region,10,250921010,df30d3948837fb39616582d64ecb590e802b1b34097f37644f33c8c378ea576b,60,480,1114,3015,18,False,
incorrect_family_split,mandatory_failure_region,11,250921011,fd16c1687740f1fd96d512a0158c7678516d689245d3d3a80835967574bffbe8,60,480,1145,2979,18,False,
incorrect_family_split,mandatory_failure_region,12,250921012,fcc45f17e1396085a0161a79fd8c56821dd2013b6fb221a95e1157a528a0a388,60,480,1110,2844,18,False,
incorrect_family_split,mandatory_failure_region,13,250921013,8c434328e95cf0ac1b67c0876c3421b3be4b5072e5241d5fa31e05c253dadbec,60,480,1096,2871,18,False,
incorrect_family_split,mandatory_failure_region,14,250921014,ad34e6d4d9de41d40c7a8faed6b5b11e84995b91c43927d964a63e1ba6173f7f,60,480,1150,3033,18,False,
incorrect_family_split,mandatory_failure_region,15,250921015,b2f9fda900b17b965b46baa5aba72cbd3ec631101bfdf3bd3d2f18fb7d415e74,60,480,1107,3033,18,False,
incorrect_family_split,mandatory_failure_region,16,250921016,d4f3c933b1a5ced399cd72edd49951435ac1b54879c2383d3c54bfe43d1a69f7,60,480,1101,2961,18,False,
incorrect_family_split,mandatory_failure_region,17,250921017,7a3fa436831342e70361ea85428fb97232d6b0152fcb9b09550920fd10e5f387,60,480,1151,2808,18,False,
incorrect_family_split,mandatory_failure_region,18,250921018,24c828fa54f0d061fe5ad8f76e5117ce807139f4fc5a41a834356325fcc3233b,60,480,1090,3015,18,False,
incorrect_family_split,mandatory_failure_region,19,250921019,b2230fb48fce2b6b07ccb1438957d75077791c6385fc7d3592ee2ae7ef176509,60,480,1153,2943,18,False,
incorrect_family_split,mandatory_failure_region,20,250921020,035dde35e85db416f301d3d95ffc753af37bc4e2226374d6997ef25954e98b34,60,480,1156,3186,18,False,
incorrect_family_split,mandatory_failure_region,21,250921021,632f1ff4626ec65fd85d1d4e926e8c7705a954310c85802ac96f89f7a7f435cb,60,480,1024,2673,18,False,
incorrect_family_split,mandatory_failure_region,22,250921022,45d846002ac569a3531a8cbc9db0d11ab3573c2d1e1c97cfac5343172c345699,60,480,1126,3042,18,False,
incorrect_family_split,mandatory_failure_region,23,250921023,fca97344dd6daf049e5c143417847949caa57c13fd7fe6b8e99a82197b67718c,60,480,1108,2925,18,False,
incorrect_family_split,mandatory_failure_region,24,250921024,5de86e49b9e7830d5916bcd185b3ab17982e4714f673c5caa6cfd4a2045cbbb6,60,480,1196,3150,18,False,
incorrect_family_split,mandatory_failure_region,25,250921025,8ce3b117a747ba74b05f1e039aafdc52ba7e8c0687323572030992e6421782a1,60,480,1103,3006,18,False,
incorrect_family_split,mandatory_failure_region,26,250921026,fc8390c684727d815ea520edd33ea32e197cfab34cedbcb5840813dff7548820,60,480,1103,3033,18,False,
incorrect_family_split,mandatory_failure_region,27,250921027,fa9a2ab4beddf07068e867e04d23144c78a4cf4565dd165eda368a8988d0f373,60,480,1103,2790,18,False,
incorrect_family_split,mandatory_failure_region,28,250921028,be3303cd9c4d7f5d8b5582001311511037f5178c4daf80d3b42ea5d7ae2bbfcd,60,480,1119,2997,18,False,
incorrect_family_split,mandatory_failure_region,29,250921029,ab3d5c65d1c581f2cdc326c779bb7d4e3e6939d51331cf99b3211b5a69c55baa,60,480,1114,2943,18,False,
incorrect_family_split,mandatory_failure_region,30,250921030,f1574aa85681b9644c08410d58bc74382bcb466fabe7db1c493f2fa0bbc5188d,60,480,1074,2682,18,False,
incorrect_family_split,mandatory_failure_region,31,250921031,43b4a109430c9ba0a7db886cc5d61e4dc0d04be3693251cff850f0f4df302362,60,480,1102,2844,18,False,
incorrect_family_split,mandatory_failure_region,32,250921032,023bafe2ee55404c2bf19ef23ace773658b43495d25ea347cdf341233b3a0d3e,60,480,1138,2907,18,False,
incorrect_family_split,mandatory_failure_region,33,250921033,6e8fae8a431ac3dcb04ef7783a7db194c7c5f4ed5ad0914a5ebe169581ed4dc1,60,480,1148,2880,18,False,
incorrect_family_split,mandatory_failure_region,34,250921034,193bc4e9e53134873534508ca3cf9a75cfa0850b6bb744eb4b4a94909056256d,60,480,1113,3024,18,False,
incorrect_family_split,mandatory_failure_region,35,250921035,36d2648af00b55d199cd24f3b25a521ad18c9320e34c877b164539004a4bc744,60,480,1090,2853,18,False,
incorrect_family_split,mandatory_failure_region,36,250921036,09db2b9abde7f040157de74590236c5007ba80fb4f9b233ab1df2e7ef595dfa1,60,480,1110,2826,18,False,
incorrect_family_split,mandatory_failure_region,37,250921037,b889fc6691e83ac9ddcc199d920c623be6cbe55816475cc1b9e37a76cb9a3f10,60,480,1144,3069,18,False,
incorrect_family_split,mandatory_failure_region,38,250921038,4b4cb64a5a798ad3a8f8c975b51df255eae708da4b4e016c952a880b36e3b880,60,480,1090,2997,18,False,
incorrect_family_split,mandatory_failure_region,39,250921039,6187b18e74d7545b4db28060f5446952648955605f80fcdc19e5f0f52889d1e1,60,480,1061,2817,18,False,
incorrect_family_split,mandatory_failure_region,40,250921040,021f6b0c48c0670aa81841a09fd553eebe31e43e5f0cba977c06a980eb4cccfa,60,480,1081,2898,18,False,
incorrect_family_split,mandatory_failure_region,41,250921041,1f899d9d0761a852449d561646e1da391b69d7044970ab4d46b1e9b65080dd9c,60,480,1117,2970,18,False,
incorrect_family_split,mandatory_failure_region,42,250921042,c7c04719db31e085ed4be647511d6860b4c1593d99c9faa8110a31e5b4c34eba,60,480,1129,2979,18,False,
incorrect_family_split,mandatory_failure_region,43,250921043,08446cd29eae85e77feaa635a0b380ff89355c266aea87986aa35672c49f2d95,60,480,1075,2952,18,False,
incorrect_family_split,mandatory_failure_region,44,250921044,f1e0722ee28b995d69d49acd68edca8ab5b0ebd5269923be5c44cae077809e81,60,480,1165,2970,18,False,
incorrect_family_split,mandatory_failure_region,45,250921045,5c9a09fcb0e040c0d451483dc7d4a52420940688db5a4b50b1bd314d54e3863c,60,480,1128,3033,18,False,
incorrect_family_split,mandatory_failure_region,46,250921046,3cf04d54f94751ca39e32f5f7e815c301b0b81986909dd0facb815a642ac6307,60,480,1050,2655,18,False,
incorrect_family_split,mandatory_failure_region,47,250921047,29c15e842c3d7f1334a5ddac4db6ddc5d53db272fc572e090c892286cf012244,60,480,1096,2799,18,False,
incorrect_family_split,mandatory_failure_region,48,250921048,640f179a17a6e5a33734aaf2eb89d3fb47b3b4e6577e4a08cef8ec6b1d4c7a10,60,480,1115,2844,18,False,
incorrect_family_split,mandatory_failure_region,49,250921049,de03fa9daff5f7c939c38db81b36e1e33c12a83cee32aaf0091a626c0ac5c8c8,60,480,1063,2853,18,False,
incorrect_family_split,mandatory_failure_region,50,250921050,17889d61537d8fdff8b3918a3fdcbd3381a9baa83fae95dd0c367744eabd8dee,60,480,1074,2826,18,False,
incorrect_family_split,mandatory_failure_region,51,250921051,265e8a4a58724263bcd6425c8b4d82be89f4d65c0c3f50cc222e88a03c8f27df,60,480,1027,2619,18,False,
incorrect_family_split,mandatory_failure_region,52,250921052,288d781a34f92ed2da00ccacbe32ca75a7beaccab91d4fba929704c45df1283d,60,480,1113,2826,18,False,
incorrect_family_split,mandatory_failure_region,53,250921053,e715856567cfc950a2ab4dd99fd56d7fc6a5e0d8f39dfe65efc22a4cdcac32fc,60,480,1115,2997,18,False,
incorrect_family_split,mandatory_failure_region,54,250921054,6c1e72954b32684b21db79a568cdd05f6f8e1f7c4f91e76629503f22c9f7f361,60,480,1137,3240,18,False,
incorrect_family_split,mandatory_failure_region,55,250921055,cbe12a4475553ebd490c13cc919acdf9ce98ffaa210bf62cc94c606d547ccee3,60,480,1147,2907,18,False,
incorrect_family_split,mandatory_failure_region,56,250921056,a1fdafd96fe214a348d04213f663a0a953d7047549cf975ee0fc488b65f2ce39,60,480,1086,2889,18,False,
incorrect_family_split,mandatory_failure_region,57,250921057,4c8ad755c30b0a5d5ad3b195ef03cdfa68b6c82be01bc0af8d5c11628004c52a,60,480,1131,2799,18,False,
incorrect_family_split,mandatory_failure_region,58,250921058,d95dbb741f845e2897101bc9b9266da9ffad140b2a0608ba1be6f4965c93f4c2,60,480,1019,2889,18,False,
incorrect_family_split,mandatory_failure_region,59,250921059,eb356b60da933a7d8fcf4a6a6f3f655e307aab2f91d0fb802e989957faf61bdb,60,480,1084,2961,18,False,
incorrect_family_split,mandatory_failure_region,60,250921060,8b61abedd4cd072a2b114459de2516593852c3c7ad4ba6094c5d88901c59e5d6,60,480,1140,2925,18,False,
incorrect_family_split,mandatory_failure_region,61,250921061,ab0c734ade4b534fa35a90a43fb3c3536067533e588a31f5ed2d64ffa3e38c95,60,480,1107,2772,18,False,
incorrect_family_split,mandatory_failure_region,62,250921062,d6eaab2a9169d92c85c73d46d32b98738ae7845a04a0c2ed1b5000227d3fc162,60,480,1138,2970,18,False,
incorrect_family_split,mandatory_failure_region,63,250921063,4a709ac52149433b0e267c1dc48d2fba603c51963ca98fca8cff30eae2e6f599,60,480,1113,2880,18,False,
incorrect_family_split,mandatory_failure_region,64,250921064,cdc86a8e17483f08e6b10298431f46422e6a7e6d993a0a91db97459bbc863af1,60,480,1066,2736,18,False,
incorrect_family_split,mandatory_failure_region,65,250921065,1da1bda47dddd4bbe3eafc2baf0809c16de86fcacd2677fe9614e82b4c6dc50f,60,480,1144,3060,18,False,
incorrect_family_split,mandatory_failure_region,66,250921066,7d25075512f26030e16731656a15417aae994ac8a474c344c1201c61e3567a24,60,480,1080,2916,18,False,
incorrect_family_split,mandatory_failure_region,67,250921067,686004519d17422ac75d443e010b48d1df35fe6466aa3f97c0ee53d3a3fe2399,60,480,1016,2628,18,False,
incorrect_family_split,mandatory_failure_region,68,250921068,914d9f2d03d2febcd5573ea25c5e3dec0e45488996e1666059a4f12486925228,60,480,1120,3042,18,False,
incorrect_family_split,mandatory_failure_region,69,250921069,58eb517535d7e34da805a02b8d174ea4b27b07a955a8476700344c4118d38b77,60,480,1143,3078,18,False,
incorrect_family_split,mandatory_failure_region,70,250921070,6feb0a9578e8c36918aef8fca30bca444a7b3cd594e64d61806897a68143cae4,60,480,1079,2835,18,False,
incorrect_family_split,mandatory_failure_region,71,250921071,a77dc9bdbaaffd9383524bb0c148362986e87a29ae1d11ed2d1f31695eff7a61,60,480,1170,2952,18,False,
incorrect_family_split,mandatory_failure_region,72,250921072,0a12bc60b550a6936d2aface72bba83e32aff49c6db5f08b1a9935a11853430d,60,480,1064,2781,18,False,
incorrect_family_split,mandatory_failure_region,73,250921073,e08a4f8f6c3de20b566fcd5346f3b5e91e59316756d9ad16222ea2938e9c9e43,60,480,1075,2817,18,False,
incorrect_family_split,mandatory_failure_region,74,250921074,036432b7693fda72957b1beb9210e84d747571f3f6f6ff04223283a05b8f85d3,60,480,1058,2700,18,False,
incorrect_family_split,mandatory_failure_region,75,250921075,34f6aa514b8a907556a4db5fad7680886c0098723218914c04c80c1e777ff922,60,480,1087,3042,18,False,
incorrect_family_split,mandatory_failure_region,76,250921076,0abb4b2bd0e61328d66a6632fa62a5e8953b45240b633e5b983f94ae1860543e,60,480,1124,2835,18,False,
incorrect_family_split,mandatory_failure_region,77,250921077,942879080b33c2d28d3db45e1ee822a42a7ba1f75845e293d2d11f17c171af88,60,480,1172,3060,18,False,
incorrect_family_split,mandatory_failure_region,78,250921078,ee810701e3b28cd54f2164435041c05278126a34092c52b1e485af56117e1939,60,480,1146,2925,18,False,
incorrect_family_split,mandatory_failure_region,79,250921079,27fd63fb628988c705d682c189eea8c8adef266794a4153729f8eee254927fef,60,480,1105,2862,18,False,
incorrect_family_split,mandatory_failure_region,80,250921080,0c6f4fc6b284dcff2d68d9f3a16efa8278dbcdcd9e9c2984ac85e9e303d315ec,60,480,1139,3069,18,False,
incorrect_family_split,mandatory_failure_region,81,250921081,e64a5a02e9db510a3b23800231e20bae9019bdde36c0fe0be0074b26ac1d66eb,60,480,1187,3015,18,False,
incorrect_family_split,mandatory_failure_region,82,250921082,01bff320c8fef17d42bf3384d9a7c76c1fd6b8189cbc0a3d2371f0a90992489a,60,480,1096,2979,18,False,
incorrect_family_split,mandatory_failure_region,83,250921083,6d41ebff4d3bd8d93de98b893430c22ae95e12374cf0eb3e9d0ca0b1d946714d,60,480,1118,2889,18,False,
incorrect_family_split,mandatory_failure_region,84,250921084,faea32777aa0c50c0656c7e49aecdcbd26a7e5542b77b02e659250e6288457ff,60,480,1013,2574,18,False,
incorrect_family_split,mandatory_failure_region,85,250921085,ab54deeecf388c67d10bb624168790f9b14ef9b83c56166298acecbd8ae4fc67,60,480,1098,2961,18,False,
incorrect_family_split,mandatory_failure_region,86,250921086,2e34871ce87002d9bc4e1050b9a84c73f5ac29d5788c9f1cc0c9dc8d08af14cf,60,480,1113,3087,18,False,
incorrect_family_split,mandatory_failure_region,87,250921087,89ff5f45164728b393a5346ef43126bba4987b3091d20dbe393fdb97736aa638,60,480,1094,2952,18,False,
incorrect_family_split,mandatory_failure_region,88,250921088,9150fa4700c44b5179a1282e38fcc0cfafe0a0d9325a78f39613e85575f17120,60,480,1055,2763,18,False,
incorrect_family_split,mandatory_failure_region,89,250921089,78381689f7778f95d23e77a0ce7f07ec711c11c964f2d5b9cd0b2e88703ab569,60,480,1113,2979,18,False,
incorrect_family_split,mandatory_failure_region,90,250921090,ef664d73972efcf5d0b8ed6a178502de3426fad5309addd3c24ee57df6927759,60,480,1110,2790,18,False,
incorrect_family_split,mandatory_failure_region,91,250921091,e9634f2e17ed9ce9e3824d4e6e023150636af9d69cbde04fc4991e8b396be376,60,480,1067,2844,18,False,
incorrect_family_split,mandatory_failure_region,92,250921092,8807c2efa372cd9f202b90d5cc9969b861e4e9fe69666b212f170658559d95e4,60,480,1047,2664,18,False,
incorrect_family_split,mandatory_failure_region,93,250921093,9ee8bd269963ba01c98ff8f6e9840ac0b4dc1232b8650ec73d1b0d0fc49b5cff,60,480,1140,3033,18,False,
incorrect_family_split,mandatory_failure_region,94,250921094,c31d5ee47472bb75709d52c5fcac5bd25aab3b3fdac2a68299fad8025536d2f4,60,480,1070,2889,18,False,
incorrect_family_split,mandatory_failure_region,95,250921095,fd97692759860fd6e61ac1b2a7f5b05008949aa34d87f9c85017a3810e31df02,60,480,1092,2826,18,False,
incorrect_family_split,mandatory_failure_region,96,250921096,11ffb4be5edcb0f63b2c3e2e649695dc8af126db2901aca75ae8dbb323e1950f,60,480,1119,2916,18,False,
incorrect_family_split,mandatory_failure_region,97,250921097,32691f9fcaa253f710e817d504483988e72e22d937be904b9f8f49a21324d538,60,480,1087,2916,18,False,
incorrect_family_split,mandatory_failure_region,98,250921098,b0d8f7e6a5c9bf287a4193183eeeeef9acc0a9390df9cc94cb9fbdec3e4312c2,60,480,1091,2907,18,False,
incorrect_family_split,mandatory_failure_region,99,250921099,6c6e98eea44e299e4e230e48788748eb1be24d3663edf31ca7d32e93b350fb07,60,480,1118,2997,18,False,
incorrect_family_split,mandatory_failure_region,100,250921100,855ad04f81dd29280596026ce50d8d4eedae283dc54fddb5dce8a0cf35327796,60,480,1124,2943,18,False,
large_scale,runtime_memory,1,250971001,4b343681eeeee372b5d8213f248711895e419ffb27f0fc033258a620959b9048,250,5000,11281,23463,18,False,
large_scale,runtime_memory,2,250971002,145575b5a986fd8f381ee6843e8e861cee619974915256911ae22021883404eb,250,5000,11336,23130,18,False,
large_scale,runtime_memory,3,250971003,97554796a57798775eca10cc1d1e0f3fe06aa6ee02798fa14656e469889886c1,250,5000,11180,22752,18,False,
large_scale,runtime_memory,4,250971004,847fff7fef0dc0507fb651cda19d8897137d0ff6a2fa33f5b5e1928ab25178d0,250,5000,11313,23238,18,False,
large_scale,runtime_memory,5,250971005,ecd3255b4fcc884a1af3c490de8ae6c3e07bcf8447277cfa663a2005fe4189a6,250,5000,11111,22878,18,False,
large_scale,runtime_memory,6,250971006,6216a4bb233b384c92d56e825f287c2110e4ed0520bbf9ff0ab789c02d009c30,250,5000,11274,23526,18,False,
large_scale,runtime_memory,7,250971007,579fdd3f2eaf813aa3859b709a0a06b3326d7fb76e37a16b8c3e8b7377ab568d,250,5000,11442,23058,18,False,
large_scale,runtime_memory,8,250971008,436138b57e15cc6cb1d60a60bf7554249822213e3b8b051f8e1e5d7c15f0f703,250,5000,11439,23706,18,False,
large_scale,runtime_memory,9,250971009,c6ddba82a8d528292935fc78ce3b3eede9b780a9ae7ab5e4fe6b35f39abbad99,250,5000,11134,23094,18,False,
large_scale,runtime_memory,10,250971010,7e1c58b6217ffcec2f19800e01bbec291500b72077a7de64dbbeaf972c71813d,250,5000,11228,23355,18,False,
large_scale,runtime_memory,11,250971011,1d4e7f00011b496c73cbe4c6a8ac52f4559e70e0279c6c15dc7ee8ab50241bae,250,5000,11069,23013,18,False,
large_scale,runtime_memory,12,250971012,c2f4a9d73a236be9a65d883d5466f393a0afd785252e4094a1ecc9f40b62422d,250,5000,11334,23706,18,False,
large_scale,runtime_memory,13,250971013,ebdb4b37f49e82e2e7e2cc125544d9a0c467f2e5b9102c864e3a9c4264a86009,250,5000,11392,23688,18,False,
large_scale,runtime_memory,14,250971014,b7caa6353b1d1e1939493551d723df29bb6e89654fec18e872f12d876713b28e,250,5000,11078,22662,18,False,
large_scale,runtime_memory,15,250971015,09f3c9d9d3ce6082088932ec6830cd399cc74c918c7f786cd5bf7d909533eb92,250,5000,11289,23400,18,False,
large_scale,runtime_memory,16,250971016,de7f8d242f81f76851f3e728ce82c5c54d6c3194ce98d3f2af903fff1cba9247,250,5000,11333,23400,18,False,
large_scale,runtime_memory,17,250971017,b2178fec679c3962ac332c62dbe68d9c150e47d464550b881f547986ab1d4c1a,250,5000,11352,23157,18,False,
large_scale,runtime_memory,18,250971018,2f09163843519803d2dd921b0d94d64dc4efd6e04ca12771f79f58e5cdb18313,250,5000,11251,22437,18,False,
large_scale,runtime_memory,19,250971019,34e0dcdae4a14007c7347e96ca29ebf1d88dabf4fa5057958be1ed06ab7efa6e,250,5000,11303,23373,18,False,
large_scale,runtime_memory,20,250971020,dfd1dedb9f46a271678aaef18c360393e845a5857983fcd7c7287a5a17a2372e,250,5000,11310,23553,18,False,
missing_family_metadata,mandatory_failure_region,1,250881001,9db476fb6f60b0075df7f4c6e292ae8e1775f6ceaf5915b18bf3ad3a3176f42e,60,480,783,1530,18,False,
missing_family_metadata,mandatory_failure_region,2,250881002,ff6c3a2cf1753376fea14a825ab89e5bb81a9534d4d3acc105c639cc0b60fd17,60,480,737,1512,18,False,
missing_family_metadata,mandatory_failure_region,3,250881003,ec6399b8f6fe0d3e02b2bca17e6ea6a966bf9a8b29c3de3b3cbdc62c1f8c9c5b,60,480,720,1305,18,False,
missing_family_metadata,mandatory_failure_region,4,250881004,1917bb1a05f9cc3e87f6b6340afdf655192e4e4bdfd7f857c11b79a9f2217096,60,480,679,1458,18,False,
missing_family_metadata,mandatory_failure_region,5,250881005,e52fe82ae6b1b54b2f5931277e99f251559bddf0d0697d28669efb4995e60485,60,480,751,1350,18,False,
missing_family_metadata,mandatory_failure_region,6,250881006,32ece3ef5710c5b80f49a884c2988bad3f68da63530715cd9af76f4422344a74,60,480,676,972,18,False,
missing_family_metadata,mandatory_failure_region,7,250881007,b974a5c56a6b7e325d72580111233ff801044e0e11b763331a5be4f2c40cff87,60,480,743,1152,18,False,
missing_family_metadata,mandatory_failure_region,8,250881008,30c648e57d5ceb932a9756e8546e4cc83e0fa5ac3b1aae2fb44599896da2516c,60,480,699,1458,18,False,
missing_family_metadata,mandatory_failure_region,9,250881009,6e52b99f1de1fe08de31b1c697984d44729308d1a28893ad5d1d25f9abe14ef3,60,480,690,1458,18,False,
missing_family_metadata,mandatory_failure_region,10,250881010,5536539985b70d8f6b245ebe31780fd196396532e042af8075c27ab7a01d8f84,60,480,698,1395,18,False,
missing_family_metadata,mandatory_failure_region,11,250881011,df623ada66195912fe7c7d41011d2644ee3fca7aeef749b1451be738ba43391f,60,480,709,900,18,False,
missing_family_metadata,mandatory_failure_region,12,250881012,e0895d6238b895bf3739a49765d29379ca7358ce0bd02c6fbf4f78deb26e3ffb,60,480,759,1395,18,False,
missing_family_metadata,mandatory_failure_region,13,250881013,e0f40d9774795aabef9adc4fb72168e8ce20ae7593f815d167e9c01e6f74cae2,60,480,742,1674,18,False,
missing_family_metadata,mandatory_failure_region,14,250881014,e9e6141266ab232152fb44187cedbadf1067e981d09ca71c0db8d923055f16b5,60,480,697,1575,18,False,
missing_family_metadata,mandatory_failure_region,15,250881015,5ea00b7271f905db786aa193d4ef867975513a422ec044431b0db39e137ed6a3,60,480,757,1611,18,False,
missing_family_metadata,mandatory_failure_region,16,250881016,5a24a922aa72a80482b663b720ca1fbb287e57ccfb7582654bc805bb2d8cd008,60,480,720,1314,18,False,
missing_family_metadata,mandatory_failure_region,17,250881017,cf97c466d42c553d7be710409bc57002fe64eafc01b076e5f81dda9f23c40c6a,60,480,698,1053,18,False,
missing_family_metadata,mandatory_failure_region,18,250881018,4173761cd08f1eb988cd518737f75712ed2bb676b47c1db8d9558a618d9612f8,60,480,729,1044,18,False,
missing_family_metadata,mandatory_failure_region,19,250881019,a7910a90a187e85f592b49c6b916caaf037f03de6ca692b8577855cdc325ca9f,60,480,734,1422,18,False,
missing_family_metadata,mandatory_failure_region,20,250881020,d59ad6e1ff206853130b5ba0857ad2593e083d3b343743c9eb086ac61c6284c9,60,480,748,1539,18,False,
missing_family_metadata,mandatory_failure_region,21,250881021,d2603ee88d5beffdda2067536a2f3cee49d8b69e3343c5f3a3e2bb47dc098601,60,480,745,1629,18,False,
missing_family_metadata,mandatory_failure_region,22,250881022,533e442cd3047d58ff4e98cd0abb5e595c45077dd51d08d8fb44a26bd7696236,60,480,716,1638,18,False,
missing_family_metadata,mandatory_failure_region,23,250881023,a92836503127369f9d59d23bf742178c103f446216afd46f21993d9702a58e20,60,480,738,1593,18,False,
missing_family_metadata,mandatory_failure_region,24,250881024,7aa86afbbbf3e07d9c60399836f5ca729cefc657faec54b136cf2916e2543352,60,480,723,1620,18,False,
missing_family_metadata,mandatory_failure_region,25,250881025,6134a6e1eaac0776387b279fb4fd797e9205dc262a43de8900805353f8124a10,60,480,762,1584,18,False,
missing_family_metadata,mandatory_failure_region,26,250881026,cfb906fa13ee38e518ed417f4e8f6347709aaf70318c8ad2d4207d6659f4dc5c,60,480,741,1728,18,False,
missing_family_metadata,mandatory_failure_region,27,250881027,028376f1cd926e1734797151ebf015fab12a14109addc2f8009d4eb32fd2de31,60,480,792,1287,18,False,
missing_family_metadata,mandatory_failure_region,28,250881028,4c59c354c14671411a29a57139477e0bce404b37b96e9512bfbbb9cabde510e8,60,480,773,1548,18,False,
missing_family_metadata,mandatory_failure_region,29,250881029,c149743198643c4cc2a82b863b087e397c11316a32dc64e9b39bbe84ffc2d78e,60,480,753,1638,18,False,
missing_family_metadata,mandatory_failure_region,30,250881030,d057d52d80fe96e9574a8610b91a2a9248e04498e72d1dd51a07da469750d2c5,60,480,758,1773,18,False,
missing_family_metadata,mandatory_failure_region,31,250881031,3ebd5906612825aeb6a53a311ece19713a2325d8fe6611985c5ffc6e6a8ec424,60,480,738,540,18,False,
missing_family_metadata,mandatory_failure_region,32,250881032,a4d4fb3ef346735f33b821560e9646b10180a5bf82cb0b08ce940975383f2ff7,60,480,777,1512,18,False,
missing_family_metadata,mandatory_failure_region,33,250881033,62478fb8d714c79fb143ba33e303245c3984fc900be34c46fba46ae47cf36639,60,480,759,1197,18,False,
missing_family_metadata,mandatory_failure_region,34,250881034,61e94af988995468f1469e6ed31e6c6a34a62f37845016bb39c7047afdfeb5e7,60,480,773,1197,18,False,
missing_family_metadata,mandatory_failure_region,35,250881035,93edeedda43f1b104cd473309d4f79d723ed4140300f19cb063fa27811359968,60,480,783,1548,18,False,
missing_family_metadata,mandatory_failure_region,36,250881036,6a871e937a6e3c0b8bf0d87baafde0576b6866929ff6123c396b3cca6745588a,60,480,745,1737,18,False,
missing_family_metadata,mandatory_failure_region,37,250881037,6b2281e57f0a13dccbbcfe931d0097e31fb05d2bd1556cf95a6de118574e2d7a,60,480,760,1521,18,False,
missing_family_metadata,mandatory_failure_region,38,250881038,1e903fd74076485ba70dd3e76bd1f6bec376b27802f70db79bf938cf0be2934e,60,480,786,1071,18,False,
missing_family_metadata,mandatory_failure_region,39,250881039,68043c6f3acf8914cc3d9dfa48b28dacf4dde578b48c9c2ba04bc9272f120232,60,480,792,1458,18,False,
missing_family_metadata,mandatory_failure_region,40,250881040,a6d612783ec8174b0c3a5d29c7883434ec6017700ec912396f3fb8a1306d2cbd,60,480,767,1350,18,False,
missing_family_metadata,mandatory_failure_region,41,250881041,a16cda60099fb0c056a53aa853598c57932e5541aabc60b912334c0f4d9dcfef,60,480,703,1476,18,False,
missing_family_metadata,mandatory_failure_region,42,250881042,7c99a35664b173da78da8e7febfdd91c22df97ae79a919f21e85176a868cc561,60,480,720,954,18,False,
missing_family_metadata,mandatory_failure_region,43,250881043,5e18e604c4d6cc68182f160e702c3672a0cbc1374d307a73e66aa3f1ee18abfd,60,480,754,1422,18,False,
missing_family_metadata,mandatory_failure_region,44,250881044,80e8a20662bfa9db7ffc0dbf63d18561bd9cd105b5e90ad90c94fd4d1d9a1932,60,480,747,1485,18,False,
missing_family_metadata,mandatory_failure_region,45,250881045,8dd523f73b6b06880c878aee469907c687c219bb7c65ecba005943fe80ed2791,60,480,737,1503,18,False,
missing_family_metadata,mandatory_failure_region,46,250881046,2033f611092fb02544e5b99c107eeaebe760ac86bc5f10b822ef27fe26c28558,60,480,679,1449,18,False,
missing_family_metadata,mandatory_failure_region,47,250881047,4c5c5d89cf444c43382369bad21c5bd817f21d6f128e77634858e28615a33b65,60,480,762,1557,18,False,
missing_family_metadata,mandatory_failure_region,48,250881048,0475157625ceef499312bcc9c552fc48300d8352135bfe1601598b8e68c7b693,60,480,715,1701,18,False,
missing_family_metadata,mandatory_failure_region,49,250881049,79333862b01294538ff0131e8d58662e652e6918bcbc85fa84dbd6776f84bb2b,60,480,715,1710,18,False,
missing_family_metadata,mandatory_failure_region,50,250881050,efd242ae6a369456282d481824ce4cf8d24425f09d62a13a90a1b047401c8086,60,480,727,1422,18,False,
missing_family_metadata,mandatory_failure_region,51,250881051,bd1d084411caeca8d4c6c270f4d299a0b9b12f6e3228a730f09ba96c04fc916f,60,480,734,1098,18,False,
missing_family_metadata,mandatory_failure_region,52,250881052,8d9dd7d3e39f84b868da4b40f5cbabcbca91d126deed82e9cd9fc60d89e31f90,60,480,743,1017,18,False,
missing_family_metadata,mandatory_failure_region,53,250881053,00e63aa041ec3de7febec3629f407ed1a6b1b4da50a6e2ec0e5184c3f4c309ad,60,480,723,981,18,False,
missing_family_metadata,mandatory_failure_region,54,250881054,b6c29c9e642e57cf54f9d0ea330b070c0ed7b122f72710c0a28a45b7d276ff4f,60,480,782,1503,18,False,
missing_family_metadata,mandatory_failure_region,55,250881055,3e30dfb67de165fc8d84e2689d42bba83518f47628cf95e641fecb9503af5512,60,480,758,999,18,False,
missing_family_metadata,mandatory_failure_region,56,250881056,94b38d37dce67104ca1e3ae73773c2cf3abeadbe55f855e5770afb573b86ba47,60,480,756,1485,18,False,
missing_family_metadata,mandatory_failure_region,57,250881057,42b18524b380535468d49e3a9d6d32ba70acefef8bc2cc5963c7e5934c78af08,60,480,777,1377,18,False,
missing_family_metadata,mandatory_failure_region,58,250881058,1549ed2bfda17c700babeced5d10619d1f7c9445bccc6f597e0d7f23be2ca33d,60,480,722,837,18,False,
missing_family_metadata,mandatory_failure_region,59,250881059,35814c5b945238f9b4918da1e93b39372c66164b78e3b642563a4e307fdf1e86,60,480,730,1233,18,False,
missing_family_metadata,mandatory_failure_region,60,250881060,25eefcdea8e24561bbeb971e348f1492c6671576e522b9f18d1d99451cb9515c,60,480,700,1566,18,False,
missing_family_metadata,mandatory_failure_region,61,250881061,b81ebae901838399ecec0486a236a381c48463541227c124a18ab4122350e5ce,60,480,748,1629,18,False,
missing_family_metadata,mandatory_failure_region,62,250881062,ce6d3c8535d6a3f34f19fe8186613d006a6fe170eead90c08581e0f8c51c3b9e,60,480,733,1476,18,False,
missing_family_metadata,mandatory_failure_region,63,250881063,72994121fc188adb8387a65ae91a9987aa1200e2c6f4aec4412a250817ff8313,60,480,689,1197,18,False,
missing_family_metadata,mandatory_failure_region,64,250881064,377e30f3312749e145cec6a7620aa6c1553e496ef26b281fc905f2e8cff949fc,60,480,737,1683,18,False,
missing_family_metadata,mandatory_failure_region,65,250881065,08bf96f8285c4fb015feb28296712bc0985a93b0f748f37909520989271f57c7,60,480,716,1215,18,False,
missing_family_metadata,mandatory_failure_region,66,250881066,3793718e9fee267d61a0a4472ec01510de0779503daaab3cead5210f286e50a1,60,480,741,1602,18,False,
missing_family_metadata,mandatory_failure_region,67,250881067,1faccaabe63d5e05a5a639c6cfe03c55ce7159326ea4e3e88de0a65721329ee9,60,480,726,1404,18,False,
missing_family_metadata,mandatory_failure_region,68,250881068,1521f3af6864b3297276420f68eb6b211246d640ce746942766d450efafcac6a,60,480,717,1602,18,False,
missing_family_metadata,mandatory_failure_region,69,250881069,848aac74a0c846278f3fd01627fa8c74bd47a5fd8743fa6ae083d3f2f38d2e54,60,480,760,900,18,False,
missing_family_metadata,mandatory_failure_region,70,250881070,b4a311b80a6374ea8aa1e89081fd50067fcdfc001bd7b60ed962d9c144c53312,60,480,727,1305,18,False,
missing_family_metadata,mandatory_failure_region,71,250881071,e6e4d73a06e2ff1d0fa2bd69fee6cf5eea972b4893271e7c41ff6f46f712dd20,60,480,707,1827,18,False,
missing_family_metadata,mandatory_failure_region,72,250881072,ebb824afa23440646ff6ba40f8858e6003f357a5a326d48d0655e690a24b826c,60,480,741,1521,18,False,
missing_family_metadata,mandatory_failure_region,73,250881073,f5109cbc74e31b0eb84b7cea97a522d4f9d587dc4ccfa57c0998537d529e250c,60,480,773,1674,18,False,
missing_family_metadata,mandatory_failure_region,74,250881074,8a9224c86d708a487f251d725e1d03e9a64fa3a537da04f9c86bd3d35381dd38,60,480,730,1530,18,False,
missing_family_metadata,mandatory_failure_region,75,250881075,a24732112a5d167ea370df6024217baec47addfb9438aea6a99ac6d75cf8cdad,60,480,755,1449,18,False,
missing_family_metadata,mandatory_failure_region,76,250881076,5ae47a2f1497ab467f8391b6dbc56043b6e3ba526c28078cca08ac0e58b3365c,60,480,752,1656,18,False,
missing_family_metadata,mandatory_failure_region,77,250881077,b67464cedb42eb6bf876320e325649d81f38c9b8922d3c72fe3272f9cfa27f44,60,480,712,1296,18,False,
missing_family_metadata,mandatory_failure_region,78,250881078,73ac9a66d3e4e9f67726831ffa21dee9211c4462c940aaab170b5e83a99a0d36,60,480,728,1395,18,False,
missing_family_metadata,mandatory_failure_region,79,250881079,0692f7e6919fec5093836a9e1737827f84c494d0842793a4f7b19f07db76eafc,60,480,767,1449,18,False,
missing_family_metadata,mandatory_failure_region,80,250881080,a2e13f994fe38f427c686dce3141a2826ade08d75c3b37e5b8cb1fae792901d8,60,480,742,1647,18,False,
missing_family_metadata,mandatory_failure_region,81,250881081,5c29934e54ec12d005357c7f96d7ca59b236beb70b2064eac71c055572433660,60,480,750,1494,18,False,
missing_family_metadata,mandatory_failure_region,82,250881082,490bc209db1e205328ba324c27c84dd7ab9b9ce9660cd6772c42162f8058982b,60,480,705,1395,18,False,
missing_family_metadata,mandatory_failure_region,83,250881083,cba2c530f7d9a290466ac7f296dcb39bc2272b92b4f5a19ede3410776d776915,60,480,787,1584,18,False,
missing_family_metadata,mandatory_failure_region,84,250881084,37ecc0a72a38e98364e9f45869aae47d7dc9f8936ffa4557bc049e50d7d5f43c,60,480,786,1710,18,False,
missing_family_metadata,mandatory_failure_region,85,250881085,efd398e3ea412d8028dd411504d8023f5b22c5fdb7e384157954d6aac795fde2,60,480,709,1350,18,False,
missing_family_metadata,mandatory_failure_region,86,250881086,d2533e1c291012cd80850f3ce6309fd610203367e3c4a5e810af7de74d66ba03,60,480,755,1341,18,False,
missing_family_metadata,mandatory_failure_region,87,250881087,69083b596321b8de8553823aa73a7256b43005abea0a32862b1af434db3ba1a7,60,480,767,1566,18,False,
missing_family_metadata,mandatory_failure_region,88,250881088,d85efa2b1eb09acd81b2cc1a74100fc4a22d2e3b4d2466c83515946bac683624,60,480,705,1251,18,False,
missing_family_metadata,mandatory_failure_region,89,250881089,e51dec857d8bc1f7ac8aed6ce75b632bda9cd6321a3be96d812a0f66b9bc37a5,60,480,704,1665,18,False,
missing_family_metadata,mandatory_failure_region,90,250881090,c287d9a7c0c0d44a53e97c28b58930c03749cd932777c84cecffb7de12bdf8ae,60,480,765,1593,18,False,
missing_family_metadata,mandatory_failure_region,91,250881091,f7f8b3f2e820d41b4b03acfe180f10eb26528bd24acce6f1a6deb66922b01539,60,480,739,1386,18,False,
missing_family_metadata,mandatory_failure_region,92,250881092,efdd165371f697933742d197305db05126a049230b25c1ea3ac58ef8b53c3527,60,480,719,1152,18,False,
missing_family_metadata,mandatory_failure_region,93,250881093,b29bfee5d306ca3e1e8a136527e5c253f6fab6b37b566389ae8eadf5fb9fe62d,60,480,736,1467,18,False,
missing_family_metadata,mandatory_failure_region,94,250881094,d983b57e977ba72e6fe9edd3e6c97ba84aa8c1645f79b4f874046bb317e14207,60,480,757,1656,18,False,
missing_family_metadata,mandatory_failure_region,95,250881095,a0e62fceb9d582740b984aa9bdbfe0035cda32bd04da436177cb2349e1c22aa4,60,480,715,1296,18,False,
missing_family_metadata,mandatory_failure_region,96,250881096,cc9a8661605ce6883682360d8eaef98d1189b90bff915bddfc350cb1c6ac4e9e,60,480,730,1197,18,False,
missing_family_metadata,mandatory_failure_region,97,250881097,2bd8c53ff3dc67d037c52d507c89a5c2bc46f5d1f8d018e149963eae7913a8c1,60,480,745,1593,18,False,
missing_family_metadata,mandatory_failure_region,98,250881098,f32dd149b30c349855d167ef805c03dbd35a1d245bd0016c0c531168cf76ec3f,60,480,768,1017,18,False,
missing_family_metadata,mandatory_failure_region,99,250881099,99815af97e53f7cda43c78cd0a897a5e21bb062bf27257f378499a160a0e7c01,60,480,746,1404,18,False,
missing_family_metadata,mandatory_failure_region,100,250881100,8cffdba4da9c08de6b019c24fb952071a56ddabaae57a35c3e6869e038c1ee9a,60,480,740,1764,18,False,
multiple_primary_comparisons,comparison_structure_stress,1,250951001,aefd15cdd6361c418d6d89c94b96a36638ee508ad29537632c35d89deb812715,60,480,2363,4491,18,False,
multiple_primary_comparisons,comparison_structure_stress,2,250951002,1342e13619ef3575c2d948eee44bc76d894ac1fb7b722f55d8e19c62b84ee569,60,480,2217,4221,18,False,
multiple_primary_comparisons,comparison_structure_stress,3,250951003,f70438d4901900b2d195948812fa4609863c7897989064935d695823d24f5a80,60,480,2328,4185,18,False,
multiple_primary_comparisons,comparison_structure_stress,4,250951004,a72a92dfa30b85b0844086ba1e479a652080b2ff23180e26e770dc62e4c37c92,60,480,2312,4212,18,False,
multiple_primary_comparisons,comparison_structure_stress,5,250951005,749197d0f691ca63cd454640fda7f568c60ac1c8942781d6fde9faec33f4fde2,60,480,2229,4158,18,False,
multiple_primary_comparisons,comparison_structure_stress,6,250951006,09b8c9b201ca18711fbb2e56585fdd71dba4011142ddf6470e61caa2492b604f,60,480,2308,4257,18,False,
multiple_primary_comparisons,comparison_structure_stress,7,250951007,a908463bacd4492c89d3a0e15270af399a94d733b518f5d33741cd2b92647287,60,480,2238,4320,18,False,
multiple_primary_comparisons,comparison_structure_stress,8,250951008,44db02bfac1806ba231428e3d9433f786c2fa3bccb97d3fcf8eae4eebc28d401,60,480,2358,4383,18,False,
multiple_primary_comparisons,comparison_structure_stress,9,250951009,3b6105754c018f2147d798821482a9d4147bdcae4a672ac74c074b42d6540259,60,480,2162,4140,18,False,
multiple_primary_comparisons,comparison_structure_stress,10,250951010,2ca8321121ea54a292014b20664fa6eb1b5b1ca99e5e2954587f0238cbf04a81,60,480,2244,3933,18,False,
multiple_primary_comparisons,comparison_structure_stress,11,250951011,abf839ae897be5906938f4a209ff860b6770ba61eed983a35488ae9620ca323e,60,480,2307,4275,18,False,
multiple_primary_comparisons,comparison_structure_stress,12,250951012,99d6f31053ebe5c5e4737862542308c87672b214fd29ab647a58749bfacffd02,60,480,2216,4176,18,False,
multiple_primary_comparisons,comparison_structure_stress,13,250951013,c5a088a6cfd1516ca4ae36521826857606700c68108bcfbb0e18248d73709d14,60,480,2244,4077,18,False,
multiple_primary_comparisons,comparison_structure_stress,14,250951014,a0dcbfb59d368e7f20f39612a2af085b67d9fc46c96b4be28cd6f0c136fbcb0d,60,480,2380,4284,18,False,
multiple_primary_comparisons,comparison_structure_stress,15,250951015,0da350f80812e591cfd43c637d279eea38fd18260a734400a771b5a34acd6230,60,480,2262,4131,18,False,
multiple_primary_comparisons,comparison_structure_stress,16,250951016,ff007841f44e9006e1611e79a85c71860047675a3bd9bc21a7923b86908e0fb4,60,480,2255,4068,18,False,
multiple_primary_comparisons,comparison_structure_stress,17,250951017,38f041c112ef47a2dd8fbc07964f4cb745d1a61acce9466b56b5617032be3a49,60,480,2224,4212,18,False,
multiple_primary_comparisons,comparison_structure_stress,18,250951018,7712fc077de6cb6aadb980fa6ea50cd25d51bb3eb7af3393c0df49699dd56ae6,60,480,2331,4167,18,False,
multiple_primary_comparisons,comparison_structure_stress,19,250951019,32d935273778592f4e5a9b1d901c4f0777e7c3070d3e28aaaba185be1afb3bdf,60,480,2299,4356,18,False,
multiple_primary_comparisons,comparison_structure_stress,20,250951020,e887a283269f4500a9ef00e86552fbcdba3cefd937e762e52a10d50cbefe28ff,60,480,2370,4122,18,False,
multiple_primary_comparisons,comparison_structure_stress,21,250951021,c22b903335f1be929b7b96f74fbc9fd62b975f14a8e8657d74d54a6c1c38f6cb,60,480,2419,4401,18,False,
multiple_primary_comparisons,comparison_structure_stress,22,250951022,fa4bc3410177eaf52150c08a124fa110113cec966b758174dc58d618379c27f2,60,480,2319,4257,18,False,
multiple_primary_comparisons,comparison_structure_stress,23,250951023,dddbfd5ca9a05191a192de2046836ac862293b1238da11d218cecd2321cd0016,60,480,2320,4212,18,False,
multiple_primary_comparisons,comparison_structure_stress,24,250951024,3b0ab1033bcc12ab2c839bf3039601ecf3616b381172f0fd66c3f972a892e22e,60,480,2201,4086,18,False,
multiple_primary_comparisons,comparison_structure_stress,25,250951025,3a6a2b77131690448ee380b3fda90e486917f43bdacfca838537cc9129d4d45b,60,480,2304,4455,18,False,
multiple_primary_comparisons,comparison_structure_stress,26,250951026,fedc884f61b917a91470c4b8de1df863ef99e9e20f0e3016fac6a89d3e6178bc,60,480,2230,4077,18,False,
multiple_primary_comparisons,comparison_structure_stress,27,250951027,66de8cbf253807e65241a9842965359d322d3151a1a7ada7662688ad165464da,60,480,2213,4239,18,False,
multiple_primary_comparisons,comparison_structure_stress,28,250951028,288ffd715455e60531737cae70f72aefcb391498dda1c2b9901b26ed6fbe5183,60,480,2184,4014,18,False,
multiple_primary_comparisons,comparison_structure_stress,29,250951029,9203d993035839874cad9410c91a5dfcf5ecf3d8ee1b082805fcae17083676a9,60,480,2292,4167,18,False,
multiple_primary_comparisons,comparison_structure_stress,30,250951030,c9704dc8cd814525278c3d3aad069f535d970724f669051fe742ffe52f2f5046,60,480,2205,4023,18,False,
multiple_primary_comparisons,comparison_structure_stress,31,250951031,63e900b2544221c500e12528b29ecbf8c7617364b3232b3f770ebeb5d08e0513,60,480,2304,4275,18,False,
multiple_primary_comparisons,comparison_structure_stress,32,250951032,34f6c5397577cd8426f0a7e629ee61bd3f197185c993fa2980f963e12869c8a6,60,480,2225,4113,18,False,
multiple_primary_comparisons,comparison_structure_stress,33,250951033,b2c5322288505d01e1f2a3f3257681032e515c470800e68bcc13641c8b77d16c,60,480,2293,4005,18,False,
multiple_primary_comparisons,comparison_structure_stress,34,250951034,3e0686d6b0a479b05fe5f5b1cb38b3a30d83990415bd01095268952578016260,60,480,2294,4419,18,False,
multiple_primary_comparisons,comparison_structure_stress,35,250951035,108bf5df9207a1fa762a0587e565af41c2844edb9163e5713ae157538f92af61,60,480,2192,3978,18,False,
multiple_primary_comparisons,comparison_structure_stress,36,250951036,b0f3d331fbd94acb73ff86831912e6b4253eeba31ee10d76767f6745b8e8b776,60,480,2223,4050,18,False,
multiple_primary_comparisons,comparison_structure_stress,37,250951037,246bf812ee1b53dafa95943b7b2d9451ce9dc07b14767308b6871d9aac191fe7,60,480,2237,4059,18,False,
multiple_primary_comparisons,comparison_structure_stress,38,250951038,41c4bd9780c92ef679239b42429451caa582661afa5c418bf59e549286d365cf,60,480,2152,4059,18,False,
multiple_primary_comparisons,comparison_structure_stress,39,250951039,9c46ae287cc78891374f9480229c40c3355dfbd2a72b699dec8d49adf90773fb,60,480,2300,4176,18,False,
multiple_primary_comparisons,comparison_structure_stress,40,250951040,897b43244ec52aabd3cf27739c9c1d4d8b27bcb23b1320943e31d116ebf36ced,60,480,2265,4203,18,False,
multiple_primary_comparisons,comparison_structure_stress,41,250951041,3e7c688e28f1a0c0caa4569ba12462267c047fa4bfb9bcbfcd9f53a710f7b5bc,60,480,2265,4077,18,False,
multiple_primary_comparisons,comparison_structure_stress,42,250951042,8786fb7a4a5ebb5b20e04af92e25b37bc52b0e3e36d8a21ce45177d2d9f76e9b,60,480,2335,4320,18,False,
multiple_primary_comparisons,comparison_structure_stress,43,250951043,09a2bdef11ffff9a9f8ce585244ff8f15d778ba816b0ae3947f469a92ab1edd4,60,480,2277,4257,18,False,
multiple_primary_comparisons,comparison_structure_stress,44,250951044,1109c840d02c13ae72005a9b13f714d1e6a5eee21c26fb29d1c8159abfb3f422,60,480,2312,4203,18,False,
multiple_primary_comparisons,comparison_structure_stress,45,250951045,86182f6ed623500a7b2c34a2fdfc27d7e8142452836bbaeae111b324e00ed007,60,480,2271,4176,18,False,
multiple_primary_comparisons,comparison_structure_stress,46,250951046,405e52765efd04637d23b2b3dec81891a9da156ce6a9b1ad5d17decfcc4db70d,60,480,2325,4329,18,False,
multiple_primary_comparisons,comparison_structure_stress,47,250951047,67be02e4c4139683c3a80e80d7ecbb9d97d3949f17599b00e80689ddcf8162be,60,480,2296,4392,18,False,
multiple_primary_comparisons,comparison_structure_stress,48,250951048,d35b39a79cc3e2f76cd0c8c97bfa52d6945073f8f2add71d4f042f57e0ccd69c,60,480,2224,4131,18,False,
multiple_primary_comparisons,comparison_structure_stress,49,250951049,a7f391391ec3cc3b5243dea856667b62d7e63e19335e05860e07ed8bf1624301,60,480,2254,4176,18,False,
multiple_primary_comparisons,comparison_structure_stress,50,250951050,5520c832fe3e802cf7155e48c1867301bd93a90f556d2e0555aba7695ba13897,60,480,2245,4266,18,False,
multiple_primary_comparisons,comparison_structure_stress,51,250951051,c62c849d694f0c5fbb3f4ef1efaa45ece1018e0d1342a30abb7939099f311886,60,480,2388,4401,18,False,
multiple_primary_comparisons,comparison_structure_stress,52,250951052,96b3ab4543a7cf171ca8240e86f8de351dee34800655f2d87d2225818b34a24c,60,480,2281,4131,18,False,
multiple_primary_comparisons,comparison_structure_stress,53,250951053,24f9f877fa5a737f5c59e76d54eeb9e2e4818fbd69b185e54e3e6753d6600a1e,60,480,2375,4374,18,False,
multiple_primary_comparisons,comparison_structure_stress,54,250951054,6e6618691394bb856f9cf99fca46952eb7074d0cfa8502bd10639db4c9ccceac,60,480,2232,4059,18,False,
multiple_primary_comparisons,comparison_structure_stress,55,250951055,f5c4e565e8174cf5a0f0df1a7355ab144e9ae5e939431fc76b86f8bd4f87de2a,60,480,2318,4104,18,False,
multiple_primary_comparisons,comparison_structure_stress,56,250951056,0027a95860ab0668d63e1530e107df61eadc0a8d4017362d7a06049992d30ee5,60,480,2204,4257,18,False,
multiple_primary_comparisons,comparison_structure_stress,57,250951057,ca3a211d410ebe12d9ce19d409f973197f70f1027c8a50eefa4251150ed17164,60,480,2255,4185,18,False,
multiple_primary_comparisons,comparison_structure_stress,58,250951058,730ac29c6a2902825c024b9a4dabc34e35f3f4ae611d339085d7435ff4b414e0,60,480,2376,4473,18,False,
multiple_primary_comparisons,comparison_structure_stress,59,250951059,1ded2fe3f7983173ac2758244d38b925327a6f64f0ecd29a5e893301af4962e9,60,480,2205,4086,18,False,
multiple_primary_comparisons,comparison_structure_stress,60,250951060,61ce6958c22b4f6ad845e38b1008b87958e5bc2d09e8cb43195f89d27fd27a3a,60,480,2316,4212,18,False,
multiple_primary_comparisons,comparison_structure_stress,61,250951061,3fb08c8f40e7f472daa98da07266b7013775c7f7ad6b3c4364c7b19a0ee11661,60,480,2343,4347,18,False,
multiple_primary_comparisons,comparison_structure_stress,62,250951062,97b831263769fb9620051bc4da7c5b31ce2be06cdb2a3868942c8cc9d37f87ba,60,480,2234,4212,18,False,
multiple_primary_comparisons,comparison_structure_stress,63,250951063,999e6cac786e560078988fc149ef398917ea82d99712156c516157b41d6ffa9b,60,480,2282,4041,18,False,
multiple_primary_comparisons,comparison_structure_stress,64,250951064,e9c346b2244fd4ec85192ca5240ab56b7f43cfc1e577c081b27437d1b5a043fa,60,480,2270,4230,18,False,
multiple_primary_comparisons,comparison_structure_stress,65,250951065,57e97c85802ba6a18270b865a267519575dbe2d6d336c76511cdcac4c150a626,60,480,2371,4239,18,False,
multiple_primary_comparisons,comparison_structure_stress,66,250951066,fdd5d02f7e93720d6d2a5565fcd046f0b8f0068df043a81457b83a8615509fbd,60,480,2167,3834,18,False,
multiple_primary_comparisons,comparison_structure_stress,67,250951067,c90455266956cd1c2b0da6e82b9cf89d6b062fc116b8c78d2e99b52274a37cf8,60,480,2143,4131,18,False,
multiple_primary_comparisons,comparison_structure_stress,68,250951068,2650176d602cb709d24af56296e94c09fbbf5af2fad731b4549303c192b9faa3,60,480,2253,4185,18,False,
multiple_primary_comparisons,comparison_structure_stress,69,250951069,2e802982f2c8c2468c086f98b352b33066666781bb7da73d55196b415541c052,60,480,2245,4023,18,False,
multiple_primary_comparisons,comparison_structure_stress,70,250951070,1a2cd065dca62ed5003966745a687553b4edd72806722707ee684e140c13db51,60,480,2363,4392,18,False,
multiple_primary_comparisons,comparison_structure_stress,71,250951071,76080b1b59400644c1249deebb497d00edd317b252e2f9055eb24e7853055cf8,60,480,2333,4392,18,False,
multiple_primary_comparisons,comparison_structure_stress,72,250951072,2eb9b1a816f733ba67ae99bf92454c950f51cc9ad7a557ae64e5bc70286810d9,60,480,2264,4212,18,False,
multiple_primary_comparisons,comparison_structure_stress,73,250951073,e87996e057350b4cc22f5b32e9e08f3d9fa164d65cfe22258e43b64dbbc086f1,60,480,2294,4275,18,False,
multiple_primary_comparisons,comparison_structure_stress,74,250951074,0d198d47d54e789e6cd3b53f56de436de43ce48f2dc2c205b7a8bc3440273114,60,480,2356,4347,18,False,
multiple_primary_comparisons,comparison_structure_stress,75,250951075,b7964854e13f36de2af204155becfe444144b2099ebfe57281a20f694df1071e,60,480,2286,4401,18,False,
multiple_primary_comparisons,comparison_structure_stress,76,250951076,87ce0cd0b18f4e1c277e9a5dbe648e39d041a56c32183459f96392da1444a4a8,60,480,2276,4122,18,False,
multiple_primary_comparisons,comparison_structure_stress,77,250951077,28918f4f11b5590e36c8ca16dead0b39499265e428c02d2f49d092439764b156,60,480,2183,3843,18,False,
multiple_primary_comparisons,comparison_structure_stress,78,250951078,2cc25688fc378810f74ce23ec31e3b5a278102821ab2154adfdbcc56abc45d02,60,480,2340,4185,18,False,
multiple_primary_comparisons,comparison_structure_stress,79,250951079,db73f36d9fdec1166bd8eaaae46534fe5aa203fbab033a14b256f4e215ee4b35,60,480,2252,4257,18,False,
multiple_primary_comparisons,comparison_structure_stress,80,250951080,ae44026ab8266befeaa2cda7e001224a1622fa57e52a06103930a0d4a206a8fd,60,480,2194,4005,18,False,
multiple_primary_comparisons,comparison_structure_stress,81,250951081,b0ece11c19008e39f343459ab8ddb46990ca058dcd793d39b6967505b1600837,60,480,2190,4284,18,False,
multiple_primary_comparisons,comparison_structure_stress,82,250951082,d7459ac70cb8e5b41df7ebb44171f53f411a9d71f5475f1c1615e0d9bf53c163,60,480,2235,4239,18,False,
multiple_primary_comparisons,comparison_structure_stress,83,250951083,aa2ff81ada7b0db043a2cc99ca2c76006f88f54ce40a14aa78b3768cec95019e,60,480,2314,4311,18,False,
multiple_primary_comparisons,comparison_structure_stress,84,250951084,05454587159a649a7dc8aa9d199372bada22c99c631e75d6944a0434d0c7cfc9,60,480,2208,4176,18,False,
multiple_primary_comparisons,comparison_structure_stress,85,250951085,02592f5f3bd1584a45dd929ff09dbc7d4cf93ee3e5c98b6b88b0ee4234153b28,60,480,2286,4392,18,False,
multiple_primary_comparisons,comparison_structure_stress,86,250951086,1c0e4d6a49b7fcb2895e0f68eb4f0e2d7cb3775d690540eacf8d82d0cc09e19d,60,480,2280,4149,18,False,
multiple_primary_comparisons,comparison_structure_stress,87,250951087,62cd32de74b4ee410f38e390f61fc9c24106d270f3df258937d429b2b7f09969,60,480,2256,4311,18,False,
multiple_primary_comparisons,comparison_structure_stress,88,250951088,543e69db960d55c8cf5f55d8cbb8dff549511bde5a4329ef271bb39be1b3492a,60,480,2364,4482,18,False,
multiple_primary_comparisons,comparison_structure_stress,89,250951089,8e21a15b51e7e1ce3cc64371a7135b3c5f7a3c6457ff786123ddb9815b092489,60,480,2246,4185,18,False,
multiple_primary_comparisons,comparison_structure_stress,90,250951090,a5c0722e15f7bae0375870c79c8ea1a874078df814282387325dd03ead4610a6,60,480,2284,4338,18,False,
multiple_primary_comparisons,comparison_structure_stress,91,250951091,c16988765ef522afcd59e4e59080173bd68796524f70017e7ea17c1e8f9e3968,60,480,2277,4248,18,False,
multiple_primary_comparisons,comparison_structure_stress,92,250951092,c94e8974fa6ca2a5a5d2adef998de573e9815805478c7d7fb85f44abbd649c8f,60,480,2299,4455,18,False,
multiple_primary_comparisons,comparison_structure_stress,93,250951093,60998f64295709e7cdcbe72c32e9fda28208c2dd4a6c36846fbdabda45be80ea,60,480,2206,4221,18,False,
multiple_primary_comparisons,comparison_structure_stress,94,250951094,6b3f618759446b23364cb481876faeacfb6d1cdb12b5f18b71190be184cd01d1,60,480,2292,4230,18,False,
multiple_primary_comparisons,comparison_structure_stress,95,250951095,e92f0bb71c6080911f0d0eae031ed7664bbbc4b46071b3393fe7b45445c3e8fb,60,480,2408,4419,18,False,
multiple_primary_comparisons,comparison_structure_stress,96,250951096,63def40934864b21c36f3ad4335cb7ac7f9f8025154caad2ec82f2478ab3d239,60,480,2269,4149,18,False,
multiple_primary_comparisons,comparison_structure_stress,97,250951097,9b38a56180a80254b053722a9fcdd49d742844a758bb92f3c485344b9209f13c,60,480,2298,4221,18,False,
multiple_primary_comparisons,comparison_structure_stress,98,250951098,55f1cbb9009aee59b6d1ab3ff97e43b84d20f00dfd9514b39e3e0c01ee65d893,60,480,2260,4158,18,False,
multiple_primary_comparisons,comparison_structure_stress,99,250951099,e22cdc04d677cf936f4f30ab9f409fdea73e8dabcfb61f81de80938d1cd7b469,60,480,2153,4176,18,False,
multiple_primary_comparisons,comparison_structure_stress,100,250951100,131f04787e72bc0f956da1c74c5b02f9f1cc1ff46f30cd0c9f57f8a54f58c06d,60,480,2331,4239,18,False,
rank_inflation,taxonomy_stress,1,250931001,c89acc2fd1c22f9105bcfa53c14663f3c71f3c0cb35c16044d530c5abd255a89,60,480,1092,4914,18,False,
rank_inflation,taxonomy_stress,2,250931002,ddda4b858cd43a00f61f0f21b7e87665a55e97a815a16e5da9248069c12bb2d0,60,480,1105,4950,18,False,
rank_inflation,taxonomy_stress,3,250931003,34bd18e694257d0cac43e54b6bd34eb354f6695c16caed594bc193c03cfe18b2,60,480,1057,4644,18,False,
rank_inflation,taxonomy_stress,4,250931004,59599abf8f5087378e96f45210383cae71d9d7c08e3de75fcbbf84951fa5fea4,60,480,1077,4743,18,False,
rank_inflation,taxonomy_stress,5,250931005,41c02484172e42bb53a96b0527ad268886e4f276cabb3d9c416095e5e2bca4a0,60,480,1053,4635,18,False,
rank_inflation,taxonomy_stress,6,250931006,e4f9aafaf5cf17c5b93701fcf947001ca34cf76a805cdd507a50d021c8b3f25d,60,480,1040,4608,18,False,
rank_inflation,taxonomy_stress,7,250931007,64d8ff76a7011f9a2ad1c54bc52f93a30ea33451448fd3b9c5b5af5491ea77eb,60,480,1129,4950,18,False,
rank_inflation,taxonomy_stress,8,250931008,bc881c05d17b7ec2962c81b6849bbf3cb2f51d6a118bc7e4cff70b77bf8ac243,60,480,1064,4716,18,False,
rank_inflation,taxonomy_stress,9,250931009,a183755c1ec321f2803a40ab67d0e228bd04ac5878f441629ff329f7ff031dd6,60,480,1109,4815,18,False,
rank_inflation,taxonomy_stress,10,250931010,5d89bb5350573410d8c383aeb73b626629d174060bdf30ab8fb62a277030ca16,60,480,1033,4554,18,False,
rank_inflation,taxonomy_stress,11,250931011,ab507dd47308263765827e15914ccb9263c01283050f762a4019a0af657d6c7e,60,480,1071,4761,18,False,
rank_inflation,taxonomy_stress,12,250931012,63f464d602a53e0b24933f6319c626254172bd375043677746bb453484d4924d,60,480,1137,4959,18,False,
rank_inflation,taxonomy_stress,13,250931013,cc175dc20fc230a4c161fd179757f17a9256eefffa7764cd483c399f076640e8,60,480,1047,4617,18,False,
rank_inflation,taxonomy_stress,14,250931014,585bc78573428e1db20f95e5168cedf2e867812755afa004319e6b11eb6d0e64,60,480,1061,4635,18,False,
rank_inflation,taxonomy_stress,15,250931015,d571475573d1c94870717efc03d27885e7c13344f01705b6865366031eac235a,60,480,1052,4689,18,False,
rank_inflation,taxonomy_stress,16,250931016,271a554b7823109de968ee4d579d3e0c8afa26ec8a22823d5cc9cde302cf1992,60,480,1152,5004,18,False,
rank_inflation,taxonomy_stress,17,250931017,7493cf91c672816fe982338b7da16a3a88f5b760512e660ddab36e9042cd5a4b,60,480,1083,4779,18,False,
rank_inflation,taxonomy_stress,18,250931018,32400da9ec0c7499121511d0920771cd7c0d0c7433ae01ece6e6558f8ea47205,60,480,1009,4554,18,False,
rank_inflation,taxonomy_stress,19,250931019,5501645ae9cb3c24ae5a7c7fe77fe8c159a57dd29872ce7f18f03d06a1a77fa0,60,480,1013,4563,18,False,
rank_inflation,taxonomy_stress,20,250931020,7b7a8c06ae2c4c9d69b7636de7c62e28068edc64a8fae8782ff9d650575f57a8,60,480,1045,4689,18,False,
rank_inflation,taxonomy_stress,21,250931021,dc03ee5630e1354c80f55e7cf13935a03062cc3c142aaf185236aeebecef949c,60,480,1017,4563,18,False,
rank_inflation,taxonomy_stress,22,250931022,15a0c31d49f324673a95e39985bc80c93929f6397867cd9be5ce4b13c007ab09,60,480,1012,4437,18,False,
rank_inflation,taxonomy_stress,23,250931023,64b417b4aa7581c4b513f5f83a2e5a395c453118a70438c7f72b520383d7a012,60,480,1035,4536,18,False,
rank_inflation,taxonomy_stress,24,250931024,68e62d81d7f276b04cb1d4a781c5a6947b23cd41fb688e40262bf59520f9c2f4,60,480,1061,4635,18,False,
rank_inflation,taxonomy_stress,25,250931025,ea43b79d5283ffa6903a9f0c3cbcda64093876e1a538c6119bdf0d9eb923dca3,60,480,1068,4761,18,False,
rank_inflation,taxonomy_stress,26,250931026,e10aac3cdbd5e65c256dbfe52e0f45e8cca2755a3da441917b11036a9104ef0e,60,480,1049,4689,18,False,
rank_inflation,taxonomy_stress,27,250931027,470a3e79f64cc114d2ab165e047d0aefaca0b9186b5b62f7a1d495018f6f947c,60,480,1034,4635,18,False,
rank_inflation,taxonomy_stress,28,250931028,97a236ebcc2f6fca8e1a25ecfb40dd105d2806715bdf0e0a5786f450fc4e4e2d,60,480,1060,4689,18,False,
rank_inflation,taxonomy_stress,29,250931029,62d64c28e659a5e32dcee854c4de2e953796bc8c32e1b465452362f6a6b49d53,60,480,1115,4950,18,False,
rank_inflation,taxonomy_stress,30,250931030,3d65500b6480822960a4f2e367aaf07b8fee081e6d65cdb8b39762bc409d838e,60,480,1082,4878,18,False,
rank_inflation,taxonomy_stress,31,250931031,5ea0e099a75fda156aabccb6d4dbcf18d0fc456dbb80d122c795564d21f0a4d6,60,480,1102,4815,18,False,
rank_inflation,taxonomy_stress,32,250931032,92b0b6cf7c36a3e3d1fc332ae621eac50beb64af30ca3411c3b4def01d94d3c3,60,480,1085,4752,18,False,
rank_inflation,taxonomy_stress,33,250931033,bd0efd790b3591361ed98874e02b46a68ed6e29fc4581b5c8c5c8cfef5b416cd,60,480,1127,4842,18,False,
rank_inflation,taxonomy_stress,34,250931034,1bbe2a0f670e7eafd80a11e9a05d95fcf107ddb08cb02eb785da7cff2831f975,60,480,1091,4734,18,False,
rank_inflation,taxonomy_stress,35,250931035,bb08dea1fbdca9776ea2780d1da00bc3b5a5ac28341f0801ecbc5beb3626a374,60,480,983,4302,18,False,
rank_inflation,taxonomy_stress,36,250931036,01eea752f864cb2221600cce135d6b8bb57c730d61b496447c5164b85a7d9d5d,60,480,1007,4635,18,False,
rank_inflation,taxonomy_stress,37,250931037,bb50db12ed4c55206c070100c1607e27ccf7942bb52c5ec8ee3c946e6060af6a,60,480,1115,4851,18,False,
rank_inflation,taxonomy_stress,38,250931038,83cc2e92a64f894732244dc53f1f023bfb0b20d6723decf01dfc437e36ae8eb5,60,480,1042,4707,18,False,
rank_inflation,taxonomy_stress,39,250931039,551c403a7c63124590d7c8995ad8987bc388aba4045394921301189db50c827f,60,480,1041,4554,18,False,
rank_inflation,taxonomy_stress,40,250931040,6c919fee52d6aa01cccf71407b20ffd1cb507eee3605eb36d7890f79627c87be,60,480,1132,4977,18,False,
rank_inflation,taxonomy_stress,41,250931041,86bc083576f38d748cb8bb54f008242d3d063365466de8835268bce41718c3e5,60,480,1143,4905,18,False,
rank_inflation,taxonomy_stress,42,250931042,bf06c218a02209b426a625d69155b4240e090895cde7b7a744736e8e36c7a029,60,480,1106,4851,18,False,
rank_inflation,taxonomy_stress,43,250931043,65e3b4ead67f50ac26be913a7ef9dc5d0eb077148e09dfe19c810214d38160cf,60,480,1177,5175,18,False,
rank_inflation,taxonomy_stress,44,250931044,c00fc87d12e359d171aca94f19c5177ff7b448ee420244e533babc1083069b7b,60,480,1117,4887,18,False,
rank_inflation,taxonomy_stress,45,250931045,c3ad6ee410983420254ac033123ba4ea48b01b303fd9ed9400ec9eda3e9fc2ed,60,480,1061,4797,18,False,
rank_inflation,taxonomy_stress,46,250931046,23272b72b4f48666fd2bb642fca023f088f3b77555cb7b1be07d3d267579a604,60,480,1020,4617,18,False,
rank_inflation,taxonomy_stress,47,250931047,2933f6646eb28f82d26f951f0461d84de7361162d1d1b98432c81050b3c40494,60,480,1096,4905,18,False,
rank_inflation,taxonomy_stress,48,250931048,11c6e3a5734c69ca19fe3a6316eae7f8c90181a524eaed6e1b4e456f0ecf4dec,60,480,1063,4635,18,False,
rank_inflation,taxonomy_stress,49,250931049,f904e6cf44f7af384ec2cdb7a24b0c4a9e0f4d676f799988609f578cb8833514,60,480,1036,4581,18,False,
rank_inflation,taxonomy_stress,50,250931050,cebc13daf18e49a632573f52e10186deb8b06af82dea11493f342c6b22d93ca2,60,480,1102,4770,18,False,
rank_inflation,taxonomy_stress,51,250931051,b5c309f13d801c271ff82d7ca4f4f0be8f91dc72cc2fb49916f73274bb1f61ff,60,480,1129,4914,18,False,
rank_inflation,taxonomy_stress,52,250931052,da88652a3157f9f3d14f16908534fd068aa49a0b5defebbff7c2bf1c084c10b4,60,480,1016,4536,18,False,
rank_inflation,taxonomy_stress,53,250931053,0367a123b7ae4ea54bff5ed70ef07c0c771a33fdba016e073b0807dc985537d7,60,480,1026,4536,18,False,
rank_inflation,taxonomy_stress,54,250931054,b904c8a30b40f9d82fc1e1a07b047abf3289e5a7b4bb26ea263765c65b85dfc3,60,480,1056,4626,18,False,
rank_inflation,taxonomy_stress,55,250931055,7cdb4a0a4a6c3f24574b57e188c118aa2d704bf8d812d12417348d2e77acaeba,60,480,1127,5013,18,False,
rank_inflation,taxonomy_stress,56,250931056,c2fbcd20e5108125140904171bf94d0ab5a2ae89722abb84070f815ecfc46685,60,480,1091,4842,18,False,
rank_inflation,taxonomy_stress,57,250931057,1eca7b5ca19698fb13f296cf4eeef874d3613a9629770c2c468b364b6648131a,60,480,1117,4896,18,False,
rank_inflation,taxonomy_stress,58,250931058,fc861a61391047672e08373b96aa75b922e542c4361c81c7663a24a903522434,60,480,1152,5076,18,False,
rank_inflation,taxonomy_stress,59,250931059,ad55f4f4d28f7785174b6f75471faab7f3e7e782b5470769d3dbe0f6235f83a7,60,480,1106,4896,18,False,
rank_inflation,taxonomy_stress,60,250931060,7bd75469d91b95476fc7176a2dfec333057b99d814a5170a8a6ab2facb15eace,60,480,1077,4752,18,False,
rank_inflation,taxonomy_stress,61,250931061,19a386bc375309c54ad6fb82afc5d894d092c18ecd33cb3a6a32165f1664ef48,60,480,1142,5013,18,False,
rank_inflation,taxonomy_stress,62,250931062,b533aa687456bb61c7b1a940e1c2a23fce0c5028e75fa960123d0daf76571465,60,480,1117,4923,18,False,
rank_inflation,taxonomy_stress,63,250931063,9b46daeb8c71f6a6f28ecb08e11962a7c8580c3c37403ec7fb30151d8c8b6931,60,480,1060,4680,18,False,
rank_inflation,taxonomy_stress,64,250931064,b4118476adb806de3495f2a3bd20429c7604579ec14459cdd1f48e182695794a,60,480,1007,4626,18,False,
rank_inflation,taxonomy_stress,65,250931065,3bd167e4cae830997216b52ada507f9df24d17c76f2de17b3f7d89c610b7420c,60,480,1060,4797,18,False,
rank_inflation,taxonomy_stress,66,250931066,a95deec01f31d034231ac6ee64d400ba3e128c28ec17925795605394b6428960,60,480,1038,4770,18,False,
rank_inflation,taxonomy_stress,67,250931067,3dc96f13cd311b308d8b9d4a7301e14f8bf627c6b24d340dc577bbb66a0589b8,60,480,1075,4716,18,False,
rank_inflation,taxonomy_stress,68,250931068,ded7d8645a31754f9aaf2330fcae06612fb3e60ef2ac4a534363cde55d7746d0,60,480,1141,4824,18,False,
rank_inflation,taxonomy_stress,69,250931069,8b41e13b8f445b9f2f4157ba88625a1dda59ad36e91157821ef178958acd7f22,60,480,1122,4932,18,False,
rank_inflation,taxonomy_stress,70,250931070,ad5ba48daa6d5ad315d916262705149500826b8568ef3fb6173cd8a27d426c1b,60,480,1045,4617,18,False,
rank_inflation,taxonomy_stress,71,250931071,5b504adf89ec737eeb9d326c228abf7057d3250c686d434c25ef36f43d68c536,60,480,1061,4689,18,False,
rank_inflation,taxonomy_stress,72,250931072,9b3d8d895d94051dfc1cdf605f006e29d1a7af9fd098449822a67c85c355e43a,60,480,973,4437,18,False,
rank_inflation,taxonomy_stress,73,250931073,ee006204ed5514c772bd6d7d97235781f306b4932a4e6c0d624f15665eb7aa04,60,480,1017,4545,18,False,
rank_inflation,taxonomy_stress,74,250931074,901f16b0aed17d9a656834788d1edd9637c1223fc208df2c9d75043dcbb1ec1b,60,480,1102,4860,18,False,
rank_inflation,taxonomy_stress,75,250931075,c1ea00ff8794d1485259ba7e88b3d425938a01dbe77ee451126617a641a6b5e2,60,480,1075,4725,18,False,
rank_inflation,taxonomy_stress,76,250931076,b0caec2a049b7130d9ab1d750e07598ac1117977550fd24389f3131c85073b4b,60,480,1080,4824,18,False,
rank_inflation,taxonomy_stress,77,250931077,25859e7b4e3bdeda1e1d18f95e14cd254141587c3bf0ec924406168aae18a7f5,60,480,1105,4896,18,False,
rank_inflation,taxonomy_stress,78,250931078,b897a012982653e148d19624177ad8a28112e15fcd5144cbf52d103c60221f3d,60,480,1063,4608,18,False,
rank_inflation,taxonomy_stress,79,250931079,81c877546a63ef8b88638a8940cf34f4df9bed5c43d12da4655b0447fe6a8713,60,480,1108,4860,18,False,
rank_inflation,taxonomy_stress,80,250931080,ab263947419852164e5676ebc683314bb07b94d49b17245f7475ad9c91449221,60,480,1072,4815,18,False,
rank_inflation,taxonomy_stress,81,250931081,0f58f8b6ca5a5ea241f9fdb4a534f718043fcbad8d7a5f5639e6af024044b74c,60,480,1126,4842,18,False,
rank_inflation,taxonomy_stress,82,250931082,672fbe599d2fbe9cf9d10db5510f71a82522e2d106094e277e2d984c2e66f77a,60,480,999,4617,18,False,
rank_inflation,taxonomy_stress,83,250931083,2340454944da276c4c493cc3b56dcf99cbc50aa71b270bb575469fa6123e74a8,60,480,1007,4482,18,False,
rank_inflation,taxonomy_stress,84,250931084,d28d7a200a3af1c5dfe984a902ff0a348f119fe8ae2a59aeb3edff1eec71bda4,60,480,1039,4581,18,False,
rank_inflation,taxonomy_stress,85,250931085,d6d8e3e8122fc641d28ce7bb0d801e52eb90ff3f35950986f18232dc931e53d9,60,480,1064,4689,18,False,
rank_inflation,taxonomy_stress,86,250931086,1872e3991a1470d9460a60e17fb068ec91fea18e8657bb32ca0ac7f25bfd4d4e,60,480,1018,4545,18,False,
rank_inflation,taxonomy_stress,87,250931087,273a5f59412b0a980cdf3369d55a1f394b01f7d0d3f3aa1358cfcd5fe8de4199,60,480,1078,4797,18,False,
rank_inflation,taxonomy_stress,88,250931088,66fc5dbd0faf38a672ebddf7e2a968298352cf7693616907d0647d29be217e93,60,480,1112,4869,18,False,
rank_inflation,taxonomy_stress,89,250931089,8fe8d673c65b93086a343619ed7fe6187d0402154f90ef81eef01876736a73a4,60,480,1115,4923,18,False,
rank_inflation,taxonomy_stress,90,250931090,d617c277a594b07f722ce126779c8f61e1fabccc8c63e797cbf1e4ccd0f500e2,60,480,1117,4905,18,False,
rank_inflation,taxonomy_stress,91,250931091,2a33885ff186ae6a6c58b8ef71cb4a782f38d623af51aea46e22122f648d3ea6,60,480,1121,4923,18,False,
rank_inflation,taxonomy_stress,92,250931092,e260f1d5d3979e237d3a21e8c7f900207e173faa98f0f692b281f316f0e173cf,60,480,1055,4608,18,False,
rank_inflation,taxonomy_stress,93,250931093,cd6961816d298ee931984fa73f4e4344953deadeb75665b9bc0adc7fc095a172,60,480,1088,4761,18,False,
rank_inflation,taxonomy_stress,94,250931094,54fb565db915b2a60b5bdf27b1fb229fa44b3cc0a75cb08a8c4c1488dba8d28d,60,480,1057,4689,18,False,
rank_inflation,taxonomy_stress,95,250931095,d6414e36651f5e7748317592e228950d6c0a775b2d55be1e132573b0dd1df95c,60,480,1084,4635,18,False,
rank_inflation,taxonomy_stress,96,250931096,4aa6f08a8aa7d1432cf70b3d29ced2ee372730fc670133fb2e5661b4edcd07bb,60,480,1103,4824,18,False,
rank_inflation,taxonomy_stress,97,250931097,8a081af15bc4f273f12e135b5a5dfffce225f151236ae9a75be21c54826f841d,60,480,1069,4689,18,False,
rank_inflation,taxonomy_stress,98,250931098,35ba6dfc28f3a29061abeb3b4050d4a6d3bab4d6c5901816ccb3b254a440573c,60,480,1130,4824,18,False,
rank_inflation,taxonomy_stress,99,250931099,de235699c4b3fb078ebc9a41e83a87177874ae050d972aaccccc5e7316326d5b,60,480,999,4491,18,False,
rank_inflation,taxonomy_stress,100,250931100,1bdf0dff9dd5959779fb159f13da3b01341909539df9644952dd71485efaf30c,60,480,1051,4662,18,False,
rank_replacement_with_lineage,taxonomy_replacement_stress,1,250981001,aaea8b226f266bd4a1371650c7ca6ac4278b5b73d6d927f8ca7c8232b8afa05c,60,480,570,4743,18,False,
rank_replacement_with_lineage,taxonomy_replacement_stress,2,250981002,a330e15c0ed73333636529d962da3e1fffeb920279333fef9643db2cd9bef3ce,60,480,536,4635,18,False,
rank_replacement_with_lineage,taxonomy_replacement_stress,3,250981003,bedd27561ddbc6e5a537f3f325017cd87881c7f57126b391f73f3bdd9851597c,60,480,544,4563,18,False,
rank_replacement_with_lineage,taxonomy_replacement_stress,4,250981004,e805e6bdc3210c23907f1fe8b6139f14c6e8ce4ea25c39423b51ac0417346e2b,60,480,572,4716,18,False,
rank_replacement_with_lineage,taxonomy_replacement_stress,5,250981005,ad7dfc22f33d1af8c0e6a9994d22f9f2626b0dd30501ace5c4b76516d8598948,60,480,580,4770,18,False,
rank_replacement_with_lineage,taxonomy_replacement_stress,6,250981006,2b31ad9e3105d203d7c13159fe608812e6fd168a4d87acfb086d5bbd682fb145,60,480,549,4635,18,False,
rank_replacement_with_lineage,taxonomy_replacement_stress,7,250981007,1b06da1f27bdd556c2882210db511841128e564fb15dde60bdd10c8ffb22feca,60,480,540,4545,18,False,
rank_replacement_with_lineage,taxonomy_replacement_stress,8,250981008,f57e97de965fd14cdba22fd66c56c5773a4be623d73d92d6570c984740842957,60,480,523,4410,18,False,
rank_replacement_with_lineage,taxonomy_replacement_stress,9,250981009,64f641a8646b5626adea6785f79e7af67a12ead04123bc3f3e9229a11e56d91c,60,480,576,4743,18,False,
rank_replacement_with_lineage,taxonomy_replacement_stress,10,250981010,3d17c17cd79aba9a958fe472d4e3072b53be1ba2120f95a1a7a33636da0aa8af,60,480,559,4617,18,False,
rank_replacement_with_lineage,taxonomy_replacement_stress,11,250981011,9f2c76bc215bca6680779c0a9148827dd4b8a30c7297b1d6dc4c11209ebcc4e9,60,480,555,4590,18,False,
rank_replacement_with_lineage,taxonomy_replacement_stress,12,250981012,0623989b2b1a8bff22cbb1e8dc76a1e0e5f0d36e144c54eced0953ccc2ac7907,60,480,539,4491,18,False,
rank_replacement_with_lineage,taxonomy_replacement_stress,13,250981013,ceea5809bbee7e662a082102211b9dd62e537c9c30cb9fb776d043587c393df5,60,480,553,4752,18,False,
rank_replacement_with_lineage,taxonomy_replacement_stress,14,250981014,fb4e89cb213a2738cc9e785cf194a7c7731c8cd1ecbf7d433a7f10334ad798a1,60,480,534,4482,18,False,
rank_replacement_with_lineage,taxonomy_replacement_stress,15,250981015,0a70a587a1b6b5680f528459068ae2bb4061f937491e08b5a9d63d38511fab43,60,480,566,4671,18,False,
rank_replacement_with_lineage,taxonomy_replacement_stress,16,250981016,3b4633711deaf6fa6ab44ac21ac6ac3df935d2332e64c5435ae21da327521618,60,480,578,4842,18,False,
rank_replacement_with_lineage,taxonomy_replacement_stress,17,250981017,f37508a4ea71206b1547d9bf4d0e2a329dcbd81a971f42e677aa2eb1b1669470,60,480,563,4662,18,False,
rank_replacement_with_lineage,taxonomy_replacement_stress,18,250981018,d0608ed0d7bd6415da5fc2d9686c38aa8e284778440d70b86c29e35fc606e02b,60,480,569,4707,18,False,
rank_replacement_with_lineage,taxonomy_replacement_stress,19,250981019,10be1d4b182b84dfff47a115a1f6e22af9f828bff322d35d91b2b828f590e8d8,60,480,549,4518,18,False,
rank_replacement_with_lineage,taxonomy_replacement_stress,20,250981020,c58f2ffb293bdfd424bca174cc48353291ab924b72db5f480734c90726e80eea,60,480,562,4770,18,False,
rank_replacement_with_lineage,taxonomy_replacement_stress,21,250981021,b39e3340e798e06401b67932a07bcac448b744c86704f4f72e32d69b05ab6c23,60,480,551,4599,18,False,
rank_replacement_with_lineage,taxonomy_replacement_stress,22,250981022,80a56cc3e30b0856f6c278713f484153bc6820cfb580aa6d37d663e4c8a07976,60,480,590,4806,18,False,
rank_replacement_with_lineage,taxonomy_replacement_stress,23,250981023,2f9a6af309e09b4f7f1f33a852f115fc34b8136cd1233b0a5cf4d473c74f8600,60,480,530,4437,18,False,
rank_replacement_with_lineage,taxonomy_replacement_stress,24,250981024,f476a82a389e313984b6f64ce5744d016e17f1e54335daee5a7178a270c5f2dd,60,480,580,4734,18,False,
rank_replacement_with_lineage,taxonomy_replacement_stress,25,250981025,244e7f1b0c66ef2c35bc22247d096b368d45486793f2579061c5f1eac193a08a,60,480,562,4671,18,False,
rank_replacement_with_lineage,taxonomy_replacement_stress,26,250981026,44c5fad0db8a11861c11affd93b52bfab5b02728c48c116f5650347ec527f6c9,60,480,536,4527,18,False,
rank_replacement_with_lineage,taxonomy_replacement_stress,27,250981027,ea1144edd074445e6f3682e212f91bea2993792092532563d0e27a4dbfb7e2d1,60,480,591,4842,18,False,
rank_replacement_with_lineage,taxonomy_replacement_stress,28,250981028,5cb8cdaf16a58e64174637371e181c17939698755a61a774b3ded4179a76931b,60,480,544,4491,18,False,
rank_replacement_with_lineage,taxonomy_replacement_stress,29,250981029,3b0fb02fafd35b52b4ceca6f8b8f251b5d98b162b514751442c86e3f26440f0f,60,480,603,5004,18,False,
rank_replacement_with_lineage,taxonomy_replacement_stress,30,250981030,af14e0ba5ae8dc00c2758a9a52a3f1de664ed4bcb3b5f626c6efab2123263e52,60,480,551,4608,18,False,
rank_replacement_with_lineage,taxonomy_replacement_stress,31,250981031,cbae351b65026c841d10fc1f9033a4778ac376d301b8cd489e920f5deab82b96,60,480,580,4806,18,False,
rank_replacement_with_lineage,taxonomy_replacement_stress,32,250981032,c7cad7e15211bdab55727e8af8058f2d5aeb6be3feaa02ca10f3e36a9f59461e,60,480,557,4725,18,False,
rank_replacement_with_lineage,taxonomy_replacement_stress,33,250981033,e0676fa7251034cab7538f08166af27d00b41751ff83fc3a0555fd6f36c2538f,60,480,549,4599,18,False,
rank_replacement_with_lineage,taxonomy_replacement_stress,34,250981034,35ab40cc916ad54cd1f9948216ebec25850f2df130d38579da840db142acd636,60,480,569,4743,18,False,
rank_replacement_with_lineage,taxonomy_replacement_stress,35,250981035,dc538032027c87b00636deba256cb42e7aafae4af9131e944984e14761e84e80,60,480,550,4599,18,False,
rank_replacement_with_lineage,taxonomy_replacement_stress,36,250981036,3a7e6b7dc4500c10f676844e1fd4ab3b0be2f862fa185fa3f0331a6e0925158f,60,480,547,4509,18,False,
rank_replacement_with_lineage,taxonomy_replacement_stress,37,250981037,1e21e8d6661bb910624ddfc47666e9db2c3f1d081ecd46228455dd7d6dd3fec9,60,480,566,4545,18,False,
rank_replacement_with_lineage,taxonomy_replacement_stress,38,250981038,842971bfd0a39cebba67cec46fb1ffe13bf0c66ac8c5c8f6817a24f5568e691b,60,480,537,4572,18,False,
rank_replacement_with_lineage,taxonomy_replacement_stress,39,250981039,d0227bdb1ca3029f0fddd4b457a405799c1069eddbfc5f3833044e75d57e7e5a,60,480,530,4329,18,False,
rank_replacement_with_lineage,taxonomy_replacement_stress,40,250981040,7d5fa906eb5c3dc7b094a1f3f55352e91b284c007c856e8f22f78d85127f2634,60,480,540,4473,18,False,
rank_replacement_with_lineage,taxonomy_replacement_stress,41,250981041,073e4d7e44432630b40e6e61a1ac82b19f922dce5c628bd2b17e22a453957f21,60,480,596,4869,18,False,
rank_replacement_with_lineage,taxonomy_replacement_stress,42,250981042,01f1e72985bb21192b87de59687673755285eec92c56e9e2ae0d149b74c572dc,60,480,548,4644,18,False,
rank_replacement_with_lineage,taxonomy_replacement_stress,43,250981043,493c90c73c54566ac2996fa21c56465f14a926b149d4845a98ecd16edf9534cd,60,480,615,4914,18,False,
rank_replacement_with_lineage,taxonomy_replacement_stress,44,250981044,4a2f11a901c085d510ae67130b66b88a6341078fd0b00c61bae37bec96f99613,60,480,613,4968,18,False,
rank_replacement_with_lineage,taxonomy_replacement_stress,45,250981045,970d196e0d462733102005a4f6b816a884bf16d606b7f569e7bb1382113df57a,60,480,581,4725,18,False,
rank_replacement_with_lineage,taxonomy_replacement_stress,46,250981046,f9d30f7e49aadcb517a38a9ed82d3e8ebc7d9be551fbe6981dffba5a2a2a6014,60,480,585,4770,18,False,
rank_replacement_with_lineage,taxonomy_replacement_stress,47,250981047,cc3c3c032b82034cb94a9bda9381f57a0d32e4b8190a7fc180327fbf048a8407,60,480,570,4725,18,False,
rank_replacement_with_lineage,taxonomy_replacement_stress,48,250981048,a5c73f394c58977127e07329d37af0606e889de9d64bb79c450c78dc8544805d,60,480,590,4815,18,False,
rank_replacement_with_lineage,taxonomy_replacement_stress,49,250981049,8666e16325a1b12333aa2c8a8fd3c240f76cc99002bbd2447fc5372ba5639260,60,480,561,4752,18,False,
rank_replacement_with_lineage,taxonomy_replacement_stress,50,250981050,54e65e69dc4b1b66c3ac47c958c1bb5f3622fd85679e5625abcb6ad04c5762c4,60,480,590,4887,18,False,
rank_replacement_with_lineage,taxonomy_replacement_stress,51,250981051,2c047319eec5a3c5a94c2beb6b7aa307e0f853c674cb5cdca7a6c11c5e2bde86,60,480,504,4329,18,False,
rank_replacement_with_lineage,taxonomy_replacement_stress,52,250981052,d6e7373d2048d0cf6600c4b49f2865912fd34255d5bd492cea787b3074c3324d,60,480,575,4752,18,False,
rank_replacement_with_lineage,taxonomy_replacement_stress,53,250981053,1ec25c2ab9bf35d497531eb48acbad4a14db89b1560db84c5b47a60768ead2c4,60,480,577,4770,18,False,
rank_replacement_with_lineage,taxonomy_replacement_stress,54,250981054,93d6bcfa00e78a36ceab12522f272a2ed6f8763b6e2bc716a7ab987f697a2e6a,60,480,574,4761,18,False,
rank_replacement_with_lineage,taxonomy_replacement_stress,55,250981055,c1313bfdb0bb88628eb9e786f3fe6abef15f71b71afc21e8d0d12975d0415361,60,480,574,4734,18,False,
rank_replacement_with_lineage,taxonomy_replacement_stress,56,250981056,5d8a538d76dd58b916494d2de8a4cf9bdcea89651d5906e4857aef960223a1e3,60,480,569,4833,18,False,
rank_replacement_with_lineage,taxonomy_replacement_stress,57,250981057,134a0b6f8eebdc048b1e30a67e222e78435955edaed1f51cdcf46e260dcc6d3b,60,480,565,4644,18,False,
rank_replacement_with_lineage,taxonomy_replacement_stress,58,250981058,e204f27e188e749d3a6d9076078a4e968738215bc248829ab8f5890d51d5ac27,60,480,564,4752,18,False,
rank_replacement_with_lineage,taxonomy_replacement_stress,59,250981059,541f9c0b35ee0e3de4bcf5773dd0d567a6138cfaee5042cb03bc6cc7180b314f,60,480,546,4599,18,False,
rank_replacement_with_lineage,taxonomy_replacement_stress,60,250981060,519bcc9046235c35425bcc4f16960493d86f83672b24c0d43839c97f18da15d2,60,480,584,4851,18,False,
rank_replacement_with_lineage,taxonomy_replacement_stress,61,250981061,4926d7ddbb88df4dc83e356ea752abbfc4ebb0773147afec45b3744c7a04853b,60,480,616,5040,18,False,
rank_replacement_with_lineage,taxonomy_replacement_stress,62,250981062,e0ac0cbf83d9c6983f67d5143fe8e13a1bf6a65f16c0c937c0f5e375cc766897,60,480,541,4536,18,False,
rank_replacement_with_lineage,taxonomy_replacement_stress,63,250981063,0b210d29b067829c9455ab0be99d8b50b6bf4cd84e159f57daccaf582d2b81c4,60,480,536,4536,18,False,
rank_replacement_with_lineage,taxonomy_replacement_stress,64,250981064,153aac94fec464a56f85fd5942d6a95a2cd4851fffd9574430cf9c4928ea095b,60,480,537,4374,18,False,
rank_replacement_with_lineage,taxonomy_replacement_stress,65,250981065,76a32b2c12cee6e32d824624428aff4628516de2568b411fd8e862695e8c1db9,60,480,557,4581,18,False,
rank_replacement_with_lineage,taxonomy_replacement_stress,66,250981066,3e6007fe98d38f3429bc4d324a2ab891544bf44b430304b33d45b04fbd196dd0,60,480,570,4590,18,False,
rank_replacement_with_lineage,taxonomy_replacement_stress,67,250981067,820f606480d4cad1e5ca9a9eccf1cc09d7239b6767d2cb250ea953a5ed85135d,60,480,522,4347,18,False,
rank_replacement_with_lineage,taxonomy_replacement_stress,68,250981068,30e7e72b63ea1dfeb56b6498e2f260d290e58e61b91e410a29167c78e3a2755c,60,480,559,4788,18,False,
rank_replacement_with_lineage,taxonomy_replacement_stress,69,250981069,f34c7c8faf4414a2b82f70b07320cbd99df674ac7da19f2b73aac2f91e5ab856,60,480,570,4707,18,False,
rank_replacement_with_lineage,taxonomy_replacement_stress,70,250981070,2a7f8579bc93c1de2b6aef480858a8d12eb57a8b2b0a17ccac80be81c306d5a4,60,480,573,4887,18,False,
rank_replacement_with_lineage,taxonomy_replacement_stress,71,250981071,0da8821445e893fe9d765f8e6d1c619e757592ec678fc5668c05fe6855e2fb80,60,480,537,4410,18,False,
rank_replacement_with_lineage,taxonomy_replacement_stress,72,250981072,54ad37011d87e60f4c3f6243931056a90c13b70d27e1a0f4c60f7c6d935b2996,60,480,600,5022,18,False,
rank_replacement_with_lineage,taxonomy_replacement_stress,73,250981073,96ed09124068d63a9abbc85e07c92ec74252abc2836d476f4174a95038897a7e,60,480,567,4707,18,False,
rank_replacement_with_lineage,taxonomy_replacement_stress,74,250981074,3a0fab64b898c4d9a90b52068fab84d0077af7264e6d933267555c4d1c2fc876,60,480,592,4824,18,False,
rank_replacement_with_lineage,taxonomy_replacement_stress,75,250981075,2db38f9bc24696c0585d70c8e33dc04cad1fe76bc13f9dfeb68d5690398d1b73,60,480,570,4725,18,False,
rank_replacement_with_lineage,taxonomy_replacement_stress,76,250981076,ad3e8fe4ac1e010c16a1fe0093b867a8a4245623c6acbfa3da4ba573a49dfa17,60,480,573,4788,18,False,
rank_replacement_with_lineage,taxonomy_replacement_stress,77,250981077,1b64f90d5db268de02362a851c8eec274b4253c8cbae5e5f057c142f48debbc2,60,480,579,4599,18,False,
rank_replacement_with_lineage,taxonomy_replacement_stress,78,250981078,77803eaeb20e440c02422304fec4ea67c0eeca75715e0b319aaa329d5a433a40,60,480,573,4779,18,False,
rank_replacement_with_lineage,taxonomy_replacement_stress,79,250981079,c446dcf4930015bdd671637556e407439da302bc15b5b95fcb3d68a93ae9590c,60,480,571,4644,18,False,
rank_replacement_with_lineage,taxonomy_replacement_stress,80,250981080,228ae5d5616a16d8415aaed1b1e2e2cad715699662e2f94249e3cdb2f998840a,60,480,518,4320,18,False,
rank_replacement_with_lineage,taxonomy_replacement_stress,81,250981081,9ffea54df3430d1053bcb4617034c4d24ae0b13fba4612301419991369770a23,60,480,565,4788,18,False,
rank_replacement_with_lineage,taxonomy_replacement_stress,82,250981082,959bea71d77dd4ca5cf9736f3b89f5aab86476f2a9c2cc59b8c3c4db7f2ac389,60,480,543,4635,18,False,
rank_replacement_with_lineage,taxonomy_replacement_stress,83,250981083,214415af9db6cf02ac7d9c62a9f8338f14a9761b7e91657a5825fc2e1cbb504f,60,480,565,4779,18,False,
rank_replacement_with_lineage,taxonomy_replacement_stress,84,250981084,4006008e39eaa1f858bedcb0681ed80e6496d94959fed45c5a17173ab6dcb0d8,60,480,560,4734,18,False,
rank_replacement_with_lineage,taxonomy_replacement_stress,85,250981085,4811612b633095618e72e6a1ec9dce3c99dbf992bb1e3cac663862342082b68f,60,480,579,4743,18,False,
rank_replacement_with_lineage,taxonomy_replacement_stress,86,250981086,fb552750bba68c0bfa8a587185ff2942e85f6eb23905eaac3324b5b8527bf303,60,480,584,4761,18,False,
rank_replacement_with_lineage,taxonomy_replacement_stress,87,250981087,5d910f47f83d25e1aaf113437ea7073d55d3ed3cde4a7efe8bcba7fbe900b419,60,480,553,4599,18,False,
rank_replacement_with_lineage,taxonomy_replacement_stress,88,250981088,79d29b73597f72db4dd23873431300e27d374f22b1b2c2868801d17e68e7bd59,60,480,586,4896,18,False,
rank_replacement_with_lineage,taxonomy_replacement_stress,89,250981089,50fb026a66754e78ad02edae7c0318a15a819507f6b6b0baad7dcc4b00f54eb3,60,480,551,4680,18,False,
rank_replacement_with_lineage,taxonomy_replacement_stress,90,250981090,e836133564d95f5f17aca4b0e9d15b427792c3f11cff3b40eb471de64e64c91c,60,480,539,4545,18,False,
rank_replacement_with_lineage,taxonomy_replacement_stress,91,250981091,3caea2cdc1eab7d56b43b71843a850e44eedef41cbe0ea0ab4344c41d79886eb,60,480,556,4653,18,False,
rank_replacement_with_lineage,taxonomy_replacement_stress,92,250981092,57e8d14d8815da1bd7ce3909e71cad3b503f6df5a035107a46c3dcc11b396714,60,480,572,4680,18,False,
rank_replacement_with_lineage,taxonomy_replacement_stress,93,250981093,cdd37d2794d58f1e9d44dada1c5909aa5be24df6bdd128073acf9df993590ca7,60,480,559,4662,18,False,
rank_replacement_with_lineage,taxonomy_replacement_stress,94,250981094,121d973258bbd355cbfb347af4f6b15815204464be84ad3fb3704660fdfd8b83,60,480,575,4671,18,False,
rank_replacement_with_lineage,taxonomy_replacement_stress,95,250981095,b8a922d3295cf288f0a9f4a5d16e20c24be3167967201f2644b111369ef2c60b,60,480,531,4428,18,False,
rank_replacement_with_lineage,taxonomy_replacement_stress,96,250981096,c8ca0e613073d8f556dc5a7264b5d97ce711944c9b42ccf3304b90dbbd30c95d,60,480,583,4869,18,False,
rank_replacement_with_lineage,taxonomy_replacement_stress,97,250981097,83cc324c9c9466546f3ccc0a2bbcd7d486283b74bddb40672e9af7e2c5cd42e4,60,480,562,4608,18,False,
rank_replacement_with_lineage,taxonomy_replacement_stress,98,250981098,d0315eee0a89f87f94692ebd005e7c5f80148ef7f1dcba87a6ee4423408bb94a,60,480,564,4617,18,False,
rank_replacement_with_lineage,taxonomy_replacement_stress,99,250981099,952ff404571cb992781394ec8ca01845e0c818470078c7b02dc960142d5c89b9,60,480,600,4932,18,False,
rank_replacement_with_lineage,taxonomy_replacement_stress,100,250981100,325fa559d73d171accd353e2fbb613dccc305164b038e75c3e11eeaec02929d2,60,480,553,4698,18,False,
rank_replacement_without_lineage,taxonomy_replacement_failure,1,250991001,2bff5330f9c48734985c56ee6c6e2b1feafa82767cfdbd85d684ce46c5a5fcb3,60,480,540,486,18,False,
rank_replacement_without_lineage,taxonomy_replacement_failure,2,250991002,0e2fb6a023d07f6157bc697f779fa1f8522176d6a124676b9700c453d1f80214,60,480,567,576,18,False,
rank_replacement_without_lineage,taxonomy_replacement_failure,3,250991003,df498363a81d81978077d6f3013b84e5415e611cceadc85f0fbe649627830c04,60,480,587,612,18,False,
rank_replacement_without_lineage,taxonomy_replacement_failure,4,250991004,3db37c97544e1f78e17659f110dd82a5ad4687a39b4233a4694e5ee381dca649,60,480,596,594,18,False,
rank_replacement_without_lineage,taxonomy_replacement_failure,5,250991005,88dad9c3d673248351f9fe2e6d86c2440a1d63df79046e47d3a434d3968e878e,60,480,594,594,18,False,
rank_replacement_without_lineage,taxonomy_replacement_failure,6,250991006,18258e146b9d9aeb58e38744a4454a00ebcee7a3b4a7ed5ab9ae68473c41246b,60,480,529,432,18,False,
rank_replacement_without_lineage,taxonomy_replacement_failure,7,250991007,0cdf9910a37ff980b22972ce412df07eddacbefa78f2a15db371f81642ed5d01,60,480,602,630,18,False,
rank_replacement_without_lineage,taxonomy_replacement_failure,8,250991008,3720a540d95b1212b6e270bd9dd9a72006ab8a89aad6633a458fee226569f32f,60,480,575,576,18,False,
rank_replacement_without_lineage,taxonomy_replacement_failure,9,250991009,cf574de9a72eefea17dd33a1c7f58058fb76955200271a18d22a978bfb71265d,60,480,561,630,18,False,
rank_replacement_without_lineage,taxonomy_replacement_failure,10,250991010,dd5fd691f6c23e92d40acaaead5618d032ee4d998fbc243bb8e411d9cdc79376,60,480,561,648,18,False,
rank_replacement_without_lineage,taxonomy_replacement_failure,11,250991011,5d3c308c698fa53c8aa355fd5feff69afdf86684023e7ea7f9f207a8cc986276,60,480,565,666,18,False,
rank_replacement_without_lineage,taxonomy_replacement_failure,12,250991012,8d921e3e6d0d2847e73acf8af985d53b56db2f25558771e39557b54c4a21d857,60,480,580,612,18,False,
rank_replacement_without_lineage,taxonomy_replacement_failure,13,250991013,c027f94ca455c2ca048d01e01ee7b820d9b7eb8dad35c3d12bc3c5fcd0ffcbf6,60,480,593,648,18,False,
rank_replacement_without_lineage,taxonomy_replacement_failure,14,250991014,f5269290e0d447c2379ff6e0e8b361dcae8195360ddce19c4717e8b1331769a6,60,480,562,540,18,False,
rank_replacement_without_lineage,taxonomy_replacement_failure,15,250991015,c2ffea491e1953b9c6e5b6157ad69ccbab7cc66f5bc0b47128bf392709cfa5ef,60,480,543,486,18,False,
rank_replacement_without_lineage,taxonomy_replacement_failure,16,250991016,fd1aeace6196fd882a42614a9fc04b30a575719df61c907e233068a00568bd99,60,480,577,612,18,False,
rank_replacement_without_lineage,taxonomy_replacement_failure,17,250991017,dff77e9c319b8db95572e464a332045c6d196111d4a2625100ea2f612b39a591,60,480,564,630,18,False,
rank_replacement_without_lineage,taxonomy_replacement_failure,18,250991018,4289a3ed6b743e3918e535cfa2ffbf802164a1e23791849b0c4a4b698f730893,60,480,569,702,18,False,
rank_replacement_without_lineage,taxonomy_replacement_failure,19,250991019,ea6c37279e89676d48b1fbe5853868bafcf688303a31e9d3fcaac0aadc710516,60,480,553,558,18,False,
rank_replacement_without_lineage,taxonomy_replacement_failure,20,250991020,49f3eabc31bb52de0aacd3ba7df664fb1fe315f08d0182d754bc23d9ac534ee8,60,480,531,666,18,False,
rank_replacement_without_lineage,taxonomy_replacement_failure,21,250991021,4bf9e5d21f21e75faff6a2204e3ec3b81adec9f8187c3d64ba0f4e019c616abe,60,480,569,558,18,False,
rank_replacement_without_lineage,taxonomy_replacement_failure,22,250991022,b8f333061bc18e6147bab8656551321673db0a05cfc996b815e7da0c1d8acc19,60,480,576,486,18,False,
rank_replacement_without_lineage,taxonomy_replacement_failure,23,250991023,18b79d18524369a2b8d3e3db136fae66c586b3562dbcd7d73ee96b2cb9ee5c6b,60,480,561,666,18,False,
rank_replacement_without_lineage,taxonomy_replacement_failure,24,250991024,265e548722f478deaca7e09275127b1b069d8bba7ad8c82a0f6ba779516f20e7,60,480,546,504,18,False,
rank_replacement_without_lineage,taxonomy_replacement_failure,25,250991025,cbe5a42c8a3834c259f9415ba9ca7ae4959b934ce8f65f35e968db653723f832,60,480,518,666,18,False,
rank_replacement_without_lineage,taxonomy_replacement_failure,26,250991026,1385e40b395b93118deaa42257df9a04c5e35b535ba88c6d933fd29bbc8168dd,60,480,576,630,18,False,
rank_replacement_without_lineage,taxonomy_replacement_failure,27,250991027,6628d5a1c5dfdf20a4fb72b7dc2a5d4b7ce5cbe456b1eed2d3c1b8bb43688b94,60,480,589,594,18,False,
rank_replacement_without_lineage,taxonomy_replacement_failure,28,250991028,3abb7e52a7371f0e225349ab76b7a4e46871919672717c8e27dc362ef0ed8c95,60,480,590,540,18,False,
rank_replacement_without_lineage,taxonomy_replacement_failure,29,250991029,9a4fec94ed675bee6d8277eaef9b00a1f7e2f78e0e88fe58560d2c5f6a71960c,60,480,540,558,18,False,
rank_replacement_without_lineage,taxonomy_replacement_failure,30,250991030,d15ff0778e82698b6b919c51957cab05b48bb6800b30c4f8657b84aad613e23b,60,480,567,612,18,False,
rank_replacement_without_lineage,taxonomy_replacement_failure,31,250991031,159eda6d25de20efc3801a0fad58a36ce2e5867defcba4338778b0a3dc6667de,60,480,580,594,18,False,
rank_replacement_without_lineage,taxonomy_replacement_failure,32,250991032,210bd2020ed7be66fe1d4a18bca7a1ca09c76c02fbd410436fa647dd036c2ffe,60,480,566,666,18,False,
rank_replacement_without_lineage,taxonomy_replacement_failure,33,250991033,4250d83363468315d37a35813ec08ba4bc62edc4c32dc3a5539b903170bd2e26,60,480,544,594,18,False,
rank_replacement_without_lineage,taxonomy_replacement_failure,34,250991034,c0a1c731d2da475e97ede9cdbc29828db4756eb9ed554819bb92326b16d3d1dd,60,480,586,540,18,False,
rank_replacement_without_lineage,taxonomy_replacement_failure,35,250991035,825d07d386387a60e3828a4be225768489ade68b8e87fd3abe042423488df318,60,480,590,630,18,False,
rank_replacement_without_lineage,taxonomy_replacement_failure,36,250991036,f0b3196b16734fbefc6fcadeafbce5db9e70ad2934c444be235f83b92116481b,60,480,563,648,18,False,
rank_replacement_without_lineage,taxonomy_replacement_failure,37,250991037,1c973f0ff1f81932c38b04dc9912c1aaa73ebc5e92d339a89bf93aa70f9e525c,60,480,570,540,18,False,
rank_replacement_without_lineage,taxonomy_replacement_failure,38,250991038,b91918ef47a2493f587459393c2633dc6298fcfd2d509dfa221d3634bc946f92,60,480,580,450,18,False,
rank_replacement_without_lineage,taxonomy_replacement_failure,39,250991039,975b7af0f3832fa84c6027b298b3b98000034ff60150d5e26826cafd5c001608,60,480,528,558,18,False,
rank_replacement_without_lineage,taxonomy_replacement_failure,40,250991040,23bfdbadad28f61eab36755287e5bb0175a87dc60321df65b96cb20044646cc9,60,480,557,576,18,False,
rank_replacement_without_lineage,taxonomy_replacement_failure,41,250991041,f3cbd86be6babb48a0f4ed692bc25a67aa09932558f85ae53816976c2c341da6,60,480,582,648,18,False,
rank_replacement_without_lineage,taxonomy_replacement_failure,42,250991042,64f38916da02ba87fa3ea2ac5c481eb09237b383e608a09f6322cdb57480e88a,60,480,551,558,18,False,
rank_replacement_without_lineage,taxonomy_replacement_failure,43,250991043,72e7eedef3948323a2db9130dbdf4f37f24ce4aec9c674852404db65ae86b9ba,60,480,565,504,18,False,
rank_replacement_without_lineage,taxonomy_replacement_failure,44,250991044,d8fa1b4e832f6207fe3e71214fe503b8dc6f8159f8ffd1f2a43edd28a53e152b,60,480,543,540,18,False,
rank_replacement_without_lineage,taxonomy_replacement_failure,45,250991045,233ca15322ce1090a15576b650475c3c9f53e458f4322a03d1f4595bfe35b00a,60,480,551,612,18,False,
rank_replacement_without_lineage,taxonomy_replacement_failure,46,250991046,b3b1a1b33ad58b6bace55ac2df76249adabbe059439837575b0214239ed2aa52,60,480,554,486,18,False,
rank_replacement_without_lineage,taxonomy_replacement_failure,47,250991047,6f057cf5958c67d76b4c80c2db99bb5c7a8125addddee2aa119ebe82f8f0c28a,60,480,584,630,18,False,
rank_replacement_without_lineage,taxonomy_replacement_failure,48,250991048,52ef8a69dd651880474d143131727afb675c025a2f9e7c47227368c106b45eb6,60,480,553,486,18,False,
rank_replacement_without_lineage,taxonomy_replacement_failure,49,250991049,0a8600cba78a1d6ae8c3588d713bc5bf6e551af27b6b976da29ff37d75c37741,60,480,539,648,18,False,
rank_replacement_without_lineage,taxonomy_replacement_failure,50,250991050,d8633e3878868c2edea8bb8a100d14081ca70bd8153505d182d7dac42175bf75,60,480,612,684,18,False,
rank_replacement_without_lineage,taxonomy_replacement_failure,51,250991051,c59772c8c3f4499e0f6120b144375100e78ebfb2da423199feb32ddc6cf18a7a,60,480,593,630,18,False,
rank_replacement_without_lineage,taxonomy_replacement_failure,52,250991052,d18bd47e79640063f59ebdd8160e3e1f5b0776566834d7fa3746c71c16a90c16,60,480,525,576,18,False,
rank_replacement_without_lineage,taxonomy_replacement_failure,53,250991053,05c400bf1c6cc460c6ae9b00c7f0dd5bc2df436833d14581465b5b62b404d483,60,480,571,666,18,False,
rank_replacement_without_lineage,taxonomy_replacement_failure,54,250991054,00dcb42dca786b9e2cfb39683cfb2f9f1bd8d9b6cf9c1ecce93faddc3bc644a8,60,480,593,720,18,False,
rank_replacement_without_lineage,taxonomy_replacement_failure,55,250991055,c36a3b0d0990594667e138bee8bc46ce370a2b1ab090a8121b0170e26961b30b,60,480,556,648,18,False,
rank_replacement_without_lineage,taxonomy_replacement_failure,56,250991056,806fd211e2633d33a8c9fdcea486a3aa98c709384c25b9ecc0b1df85b48486c7,60,480,570,630,18,False,
rank_replacement_without_lineage,taxonomy_replacement_failure,57,250991057,63d6919f9258bfcb0887d5539c0c40533a82d939d287d86446d4898b81eefaeb,60,480,562,540,18,False,
rank_replacement_without_lineage,taxonomy_replacement_failure,58,250991058,a7de396d94c373e351e9545bfab2d0a08dca8e163839f3ab2e0c0f5e0a6bed21,60,480,557,486,18,False,
rank_replacement_without_lineage,taxonomy_replacement_failure,59,250991059,90f2dea611b7abd81a4f4ac93af413fb3bcee7145249a429549091362b10e6f6,60,480,545,594,18,False,
rank_replacement_without_lineage,taxonomy_replacement_failure,60,250991060,2f547ef65a232b409e138ff0b88f6d08c572a18407004f37a44bb85879f64e44,60,480,546,666,18,False,
rank_replacement_without_lineage,taxonomy_replacement_failure,61,250991061,8af22f520d76d8c297900e82fa8b31f9d8dc065130be32c1b7591e97b686ace5,60,480,573,684,18,False,
rank_replacement_without_lineage,taxonomy_replacement_failure,62,250991062,fe532f017bd4f4f12ace5a4c5a60709420bf71ede68d2162eba2640cc21063c1,60,480,570,648,18,False,
rank_replacement_without_lineage,taxonomy_replacement_failure,63,250991063,ad04cb153c670b6c9754a38b96a0258019f31db2765c0dfd0961a97826e8a1b1,60,480,582,540,18,False,
rank_replacement_without_lineage,taxonomy_replacement_failure,64,250991064,2b412615c883b2c222df52f4e2cd256c158ec330f08d1576e6d4d5b7d56587c2,60,480,549,576,18,False,
rank_replacement_without_lineage,taxonomy_replacement_failure,65,250991065,7b0735a149fb1911181e2a48fc006b76594e861d4fdc0e5119d402769937b810,60,480,557,630,18,False,
rank_replacement_without_lineage,taxonomy_replacement_failure,66,250991066,1fac0b5a439eab03e099996bd7a229eb6136e29ce9e063d87568da2247694fe2,60,480,587,486,18,False,
rank_replacement_without_lineage,taxonomy_replacement_failure,67,250991067,be35b78148d63622982b5472e413cf0c848f821b91ea5616f2da929baa89f23d,60,480,552,522,18,False,
rank_replacement_without_lineage,taxonomy_replacement_failure,68,250991068,ed0ef926ac8faff72e9932761bfbca7c6b581d8406b9f31e560b5cdaa92344c3,60,480,568,702,18,False,
rank_replacement_without_lineage,taxonomy_replacement_failure,69,250991069,d922bb68c018c55cb98166b0e63f2c46267a075e4ea6efa0d3abf63f40a566cc,60,480,573,576,18,False,
rank_replacement_without_lineage,taxonomy_replacement_failure,70,250991070,2d48e8b0cebc62649d4bb18d35fe80d5ecae87751b62bc72a900a5f75a7f832b,60,480,564,612,18,False,
rank_replacement_without_lineage,taxonomy_replacement_failure,71,250991071,cafd7eebf76715c9dfa63f2a530a0156a39c3cff3b102a5765b8f9191b73b2e0,60,480,587,720,18,False,
rank_replacement_without_lineage,taxonomy_replacement_failure,72,250991072,99738a6c730d7fcb6782c7887facb93ea1dbe423a732ea5a850792a28cdd2e80,60,480,611,612,18,False,
rank_replacement_without_lineage,taxonomy_replacement_failure,73,250991073,45dfed1321286c174c71c6fd020727b0e82c731c17aa03d094e6bb0744a15d06,60,480,539,558,18,False,
rank_replacement_without_lineage,taxonomy_replacement_failure,74,250991074,70ac4551ef29a658df03b2da3895615589c76aed07154309970d6e6f5e4abe5e,60,480,550,648,18,False,
rank_replacement_without_lineage,taxonomy_replacement_failure,75,250991075,456bed643fde57fc7b9801c765962f32fa43a3abd77b276a37d2818bdcf698e1,60,480,582,504,18,False,
rank_replacement_without_lineage,taxonomy_replacement_failure,76,250991076,a6c1e240bcf79e2e74e63c947935d57c606a518198442e8e09052cabb6a178df,60,480,585,630,18,False,
rank_replacement_without_lineage,taxonomy_replacement_failure,77,250991077,df0146c377464a8f02c139c2249bb609e4ba0121ffd3b7951c24ae3b9e93988e,60,480,553,522,18,False,
rank_replacement_without_lineage,taxonomy_replacement_failure,78,250991078,e4452586739846c0fa04415e59444bf34d32aa80bb3806d6737e4e893d66786d,60,480,558,648,18,False,
rank_replacement_without_lineage,taxonomy_replacement_failure,79,250991079,44fb9c8a89bdde44dde7f5c07450a1aabe8f0ed32b4ddeb334d07f84fc789539,60,480,597,576,18,False,
rank_replacement_without_lineage,taxonomy_replacement_failure,80,250991080,ac3837691d59e0e4ea16df9057b0aa14b19c23a0343aaf87beae377301f62f42,60,480,582,612,18,False,
rank_replacement_without_lineage,taxonomy_replacement_failure,81,250991081,916196141bf8193a32eb63278201128b07c1b2a26fe61ffbcd5de12550ddc6a6,60,480,567,648,18,False,
rank_replacement_without_lineage,taxonomy_replacement_failure,82,250991082,333977f0ba7d901e00f0dc60b0cab9b9013a54772aa3f6178c6ee116116f3c80,60,480,578,558,18,False,
rank_replacement_without_lineage,taxonomy_replacement_failure,83,250991083,471dd0026d775385a299bd2b41d94fde2a11d95e76182d9b1a8a125497790482,60,480,574,558,18,False,
rank_replacement_without_lineage,taxonomy_replacement_failure,84,250991084,0f8a5cdb84895c9a40623eb7645029b8cb7830dae10344c303d2c9ead426afc1,60,480,555,522,18,False,
rank_replacement_without_lineage,taxonomy_replacement_failure,85,250991085,3bedb5dbf311ececd2eb7cce84b8f5fde9051834af69c422a41a5b0bda1b541c,60,480,571,558,18,False,
rank_replacement_without_lineage,taxonomy_replacement_failure,86,250991086,8e5a9e4ba577100ad0b15229005714497311b41dc52a1f7585452f6f86c6fb93,60,480,563,504,18,False,
rank_replacement_without_lineage,taxonomy_replacement_failure,87,250991087,010604a0026c1540e4c3164e9c6d1acc0a4fd967e6dd3427a6a056a23317be71,60,480,617,666,18,False,
rank_replacement_without_lineage,taxonomy_replacement_failure,88,250991088,eb79c3c161279413b6207e33953c5da11b6c84a230a6e6b8df6418f327077524,60,480,545,540,18,False,
rank_replacement_without_lineage,taxonomy_replacement_failure,89,250991089,13e3918b9b24ed0d088289a0327ef835dd2811149469e99e474c8378cae3a80c,60,480,568,558,18,False,
rank_replacement_without_lineage,taxonomy_replacement_failure,90,250991090,280d358f3845e214c3f31892890c4060b11ba11eac5996f15b4b95c3e812fe66,60,480,592,666,18,False,
rank_replacement_without_lineage,taxonomy_replacement_failure,91,250991091,2df86ec3cc588f6526cf6d75e14938b4f7cd6cfc299231c7c7dedc6e30d2bb87,60,480,598,648,18,False,
rank_replacement_without_lineage,taxonomy_replacement_failure,92,250991092,7d411cc00293b453f9eb32088b028d9c3f32dca67b3dd967c5e3a4e693a7b4b6,60,480,595,576,18,False,
rank_replacement_without_lineage,taxonomy_replacement_failure,93,250991093,98876a73091637cf76ebce48798ea435a4addca0b0827174b4140a7848290e6a,60,480,555,594,18,False,
rank_replacement_without_lineage,taxonomy_replacement_failure,94,250991094,17036e0b34956398fe71994b7b294bf3380eaed2332c55e6051eede24469e87c,60,480,567,594,18,False,
rank_replacement_without_lineage,taxonomy_replacement_failure,95,250991095,eeb906d7c10b03e5482a28a6f62465c6e1c622200f6a0a71f365f0269e319dd3,60,480,537,540,18,False,
rank_replacement_without_lineage,taxonomy_replacement_failure,96,250991096,3b21fe3d53ce1387f2e3c6a1a4b9aa576f69566db233b222c91afaf5f936ccfa,60,480,532,702,18,False,
rank_replacement_without_lineage,taxonomy_replacement_failure,97,250991097,6073482654adcbdef71ad0908b02e92c6958a62b502c88140e380ad2a1b5c631,60,480,574,630,18,False,
rank_replacement_without_lineage,taxonomy_replacement_failure,98,250991098,3808265c6df11ff5cafb01bf5b3650f3df9f653e59859c4b930dd522f3459555,60,480,593,684,18,False,
rank_replacement_without_lineage,taxonomy_replacement_failure,99,250991099,3790d8f70cc46ac4462ab652693971dbae34b977a5aba0dc26ac96153d7692d4,60,480,575,468,18,False,
rank_replacement_without_lineage,taxonomy_replacement_failure,100,250991100,f8fc01ba3fa470caee90eabcaad5cdbb69b153dfb0e02f12bddd867dc423aa0f,60,480,581,594,18,False,
reference,reference,1,250821001,82497f9e972ccea6f20ce60090d0279aa8fb8e2f4de4c8fdfa7be1cca3dee155,60,480,776,2475,18,False,
reference,reference,2,250821002,39eed66fb89872bca778f36561a046b0589baffb559512d3b0c2d7196343e64d,60,480,731,2259,18,False,
reference,reference,3,250821003,72e3d1ccf930c349cb0796090d0aa135c5b3b11b25d7365bdab495fe83003d3d,60,480,727,2142,18,False,
reference,reference,4,250821004,52650d3d95de745216d80a3de4d596e2e9ed564afd51135194f6c55af5a639f8,60,480,778,2511,18,False,
reference,reference,5,250821005,b3c0ddb8e4e3b18393115f51ea785072b205a33686a4469cad3c743c5e3ac595,60,480,738,2394,18,False,
reference,reference,6,250821006,bc8dade3440a490c042d2bee34b53a3fe27b0bbc362f23c9a1b078d226c1b7c0,60,480,782,2457,18,False,
reference,reference,7,250821007,7fd5b22682c2e169b6f8fc2ff68ec9b6e1ef3e6dc64c0c4d0689cb7b951bfaa4,60,480,668,2142,18,False,
reference,reference,8,250821008,590f5860da8c0ad4456307616952ce39839dfdcc09dc52f427daae710c3f9eb4,60,480,762,2394,18,False,
reference,reference,9,250821009,a62aee9e704e9b61064dc7a18624adfea208edfa4a7641da483da0932a00e2cf,60,480,694,2160,18,False,
reference,reference,10,250821010,2b23d83f0a47e406f8d2133a761af943b373eb348d59ee0f85dbf95d8296a830,60,480,698,2232,18,False,
reference,reference,11,250821011,64455f7b1bb83925e88757f5bc33e42e25b5fd00923a36fe86367d820fc7e89d,60,480,724,2250,18,False,
reference,reference,12,250821012,0b5ee4919d3104fe4f292feb9594b66ad571982289f0d08c0c2889d215723998,60,480,743,2304,18,False,
reference,reference,13,250821013,a7782d28ab02a097fccb952740a6c1efd11649f97129518e34ca08a43362eb95,60,480,753,2574,18,False,
reference,reference,14,250821014,1ad22565bf4710b62a9554d9971f22b2e8e7e0cbe3b052dc321b9cae22a8fdda,60,480,750,2430,18,False,
reference,reference,15,250821015,279dfdc54d4e8e164ca5ea53b0ab3bb97f868266577f711fdcf6413f77c470ae,60,480,757,2475,18,False,
reference,reference,16,250821016,43776de66a8d15962447e0c0a59fe2c3e6cd4efa060bdd2c2b59a7005f81ea25,60,480,750,2421,18,False,
reference,reference,17,250821017,80d6e2bd8740c2b7fb1c54405315b755ac519275876ad1e09cdeb42f1082bbb1,60,480,774,2367,18,False,
reference,reference,18,250821018,cdd1c45df7ad9e76a02e5fa944a9e4adf4f006376b2e3564982fb0723682857d,60,480,696,2205,18,False,
reference,reference,19,250821019,7a46037e6546681a148679b557f11e6ee405aa7a2f696002acb61a929ff00e08,60,480,749,2349,18,False,
reference,reference,20,250821020,4e372d052f9caf3aae1f4524958c9fac72a50131ab91151210475856b0a21cf2,60,480,785,2448,18,False,
reference,reference,21,250821021,3d4820ea27f900aa9a276a727dbe20e24053ac30dc16df89e9a1b248114926ec,60,480,780,2259,18,False,
reference,reference,22,250821022,626cea898520019b3e227b009bade9e6240ddf5d3b20b48a533d485472202a4d,60,480,693,2223,18,False,
reference,reference,23,250821023,8f472b406d9ce1beb6c41d6b76a3eb493460c64739cbfac33f8ef50532d917c1,60,480,688,2178,18,False,
reference,reference,24,250821024,9d444c06045bd5ee614b3bcfb5e30ddb4296e6df8fd959d52de503d9cae17bd7,60,480,756,2304,18,False,
reference,reference,25,250821025,ed279f0c5d5d63beb375eefa4954995030611fdc3d1cc8adf45a6778efa92fcf,60,480,740,2412,18,False,
reference,reference,26,250821026,5d1c6d007ff7e70f597c510749313e778f31ce2aca6ea949661020f4ff392a10,60,480,753,2277,18,False,
reference,reference,27,250821027,5b2d00203887d27c06679d2b1784d40b6ca567d1cd4cf647b08de4360e8f1a1d,60,480,708,2142,18,False,
reference,reference,28,250821028,9992f73ebc01b636d0143f5ea9dbf71171751ee2be2ddd281b66c0c8dcd6ad0e,60,480,727,2367,18,False,
reference,reference,29,250821029,f4754f957b3af9b7fd195edefa29dc385b71b7f1ca475dbc9a76570f0130567e,60,480,711,2223,18,False,
reference,reference,30,250821030,5314aaaf7a19cfadd49510dcefcb4a1378886f79a9341a556270b350542c8d04,60,480,774,2313,18,False,
reference,reference,31,250821031,db9b1786711fb1124f4c60cf9d919698c1caf6eafbfa9926c4a12b8674948c38,60,480,734,2160,18,False,
reference,reference,32,250821032,78077b3faba61dab0618bdd1cc3ddf7aca9114ae613dd2531f672c69d74a9664,60,480,782,2457,18,False,
reference,reference,33,250821033,f0e3c1a81194a9a6435e8c85645796fc5d86cdf53d54f17c6df81117a20765bd,60,480,724,2331,18,False,
reference,reference,34,250821034,9c2cf30270947607277f82657b18d723b88a194d3ecfca203910e560cd6efdaa,60,480,742,2385,18,False,
reference,reference,35,250821035,53afc455355d8a8ad393e014c87349407839bdf8453a2d8321b51f7e3dda94c2,60,480,692,2124,18,False,
reference,reference,36,250821036,ee86246ce50fd2168f0df11859204c57faaf10488927f81c432057872d22af45,60,480,723,2295,18,False,
reference,reference,37,250821037,b374a32ed96b9a3837b556b67869a9bb8f5019aa2e795d77599e954220278f14,60,480,762,2403,18,False,
reference,reference,38,250821038,a4d01efe60316b4408183eee9a498efb5e9b0957ff0432f2aca6d0d8f594223e,60,480,718,2250,18,False,
reference,reference,39,250821039,c44e513337033175a5f7cbfb232a8ddd6c8c35d855570fee6b50e2cb04ee2ceb,60,480,757,2403,18,False,
reference,reference,40,250821040,8dd3a95bbaf81bab373e7dcff1469881a0a40ebe2156fafcbaedb87717c9ce37,60,480,793,2475,18,False,
reference,reference,41,250821041,5e2876cfe51d7803426e02c0b07b22b9266e5fa18b1a301c0116983b39db8941,60,480,711,2196,18,False,
reference,reference,42,250821042,bf1808fd7e73867b9714b86df5b5491f34d713938e9a9b5226d87983b60dc02d,60,480,700,2124,18,False,
reference,reference,43,250821043,820d4cbf94f5c97f8713dec8c91ff870ec8c6c1c5ef231783932e6943c1d0ecc,60,480,672,2097,18,False,
reference,reference,44,250821044,443c17cca63af7ea7e5f90f38e69c9f7588b79a0f0b8c43595d8fd8ec6d6a62a,60,480,708,2259,18,False,
reference,reference,45,250821045,5c1b9f86718e1b9de6c7f2738be5dbe975c9f2165d425a17765dabe2ecb89383,60,480,753,2322,18,False,
reference,reference,46,250821046,f878f52547c1f2e3e72de3b3b1af5b32f777704625b1f565e14fb83242cca01d,60,480,777,2457,18,False,
reference,reference,47,250821047,694c71888a52dda126581599753647b6b01105f8617d349987dffab9196c17fb,60,480,798,2502,18,False,
reference,reference,48,250821048,462b30b0f3cf4136f88172e682c12f26e582b8f2c9a90f417e241d7daf882119,60,480,775,2484,18,False,
reference,reference,49,250821049,225cc2aaa0cf4c8d09255bc7ad302d432354140c6dc6148611e41017c50a8105,60,480,751,2340,18,False,
reference,reference,50,250821050,7fea4bcc41bc0bd712d364c50323f3bef14f7c5bb9a5b2554e16d4becedb1f67,60,480,703,2187,18,False,
reference,reference,51,250821051,f6400d1d379ff3a3a6b487b054dc276e19d64407ddf274aafd5bb34718e0031e,60,480,745,2259,18,False,
reference,reference,52,250821052,26ac3fb0649d0a7f2a93e80e45a0df81e682f03fd1c7d039d20c7dd16aca4077,60,480,730,2331,18,False,
reference,reference,53,250821053,f1c9a09020ad063f0b5bb91f8de86f253ea1bd1b7727ec7470816e0a9ab15a80,60,480,721,2232,18,False,
reference,reference,54,250821054,1a849a91416081047f4664b1ea13ed4b341e518ceb1cce3a79dc3440bd79a3b9,60,480,726,2313,18,False,
reference,reference,55,250821055,9d67894a3bd711a54ce42a95de22cde29239f63bf0b24b39da8eeb26b8f843bd,60,480,732,2277,18,False,
reference,reference,56,250821056,d0d8f079826deaa55d536c71a84751f195c2e15722c26a7d2a71cf3e3c0f0eab,60,480,706,2115,18,False,
reference,reference,57,250821057,7a8f2fae62dfd799d2986b51c9d571eac57163812b0b36ccff103ccc7c673936,60,480,748,2313,18,False,
reference,reference,58,250821058,de5cffef99c98a742b5dfdb9baa711bced37175036bd85620c82d224cf5abf84,60,480,742,2457,18,False,
reference,reference,59,250821059,59e5000772a0f957b03df5909f0fbef535952eee2103c87a2e31991d488f5e40,60,480,771,2340,18,False,
reference,reference,60,250821060,996a05e38c6879c930848fc14319f9b8c73bb6cf08ef22d64354533b807952d9,60,480,682,2142,18,False,
reference,reference,61,250821061,282973e318842f74d6c178fa41d4409760177d9cc386e2a5145ff1a0f149afdb,60,480,739,2268,18,False,
reference,reference,62,250821062,7849520692887ba3aac5208eb10e7b8961ae3cf9046ce95e97d24de1c8c09576,60,480,737,2358,18,False,
reference,reference,63,250821063,81189aa7cdafe648e420bcd2023ffdd0508cfa8d089763d54f5850ef4ca831c2,60,480,735,2322,18,False,
reference,reference,64,250821064,10722b92667d855325aa90f27f2c12419bb546ab41ce8832e0c4fe98402bd4c8,60,480,739,2286,18,False,
reference,reference,65,250821065,a47092e5485e77576838c4055b7742410d3660cc31d715910dc35d5e361a7b48,60,480,711,2448,18,False,
reference,reference,66,250821066,d142611c1866077db6bf3cc66fe42020bb8c7ab87a099fb048e3fbb00961b92d,60,480,709,2187,18,False,
reference,reference,67,250821067,b3eb2a19279d5277c48247e66fa4a260439cdadd215aaa05f9192f1b5adaa06d,60,480,763,2448,18,False,
reference,reference,68,250821068,c9319d9c29990f2084495ebd658a8b623874b7f89b913ac7cfd79d6e7d81e5f9,60,480,712,2205,18,False,
reference,reference,69,250821069,eb5fe61b532ce4fadeeddde195f9d9b6ae595497afe1d4e4be2a6f30b4f02c31,60,480,741,2277,18,False,
reference,reference,70,250821070,0ba7033b48993cc224ab8a0ca69adfa5deb2fce8093b4f5a73fb49f004ee49b6,60,480,754,2295,18,False,
reference,reference,71,250821071,79317c07c36fbf533176206faded33d90d6cd59bcd0dc87711f0d7518a5a8be2,60,480,755,2367,18,False,
reference,reference,72,250821072,723a5a633c69749c8211543a5ae674bd2929e96e03a325ba7c62dd8adc8afbe7,60,480,735,2142,18,False,
reference,reference,73,250821073,9e0c32f299b83a2d256cb090c55ce982b8f2997d7adaff1df61b1177eeab2fa0,60,480,757,2196,18,False,
reference,reference,74,250821074,d68183d204bf84bd3d324ba97b0b5b4b71b0a5ab08a8b6a1a52d1b5793827b13,60,480,671,2133,18,False,
reference,reference,75,250821075,9143f8d64a6f86c6b9debcfc22c89b1e81155e51c3b12ed3a886cc30bcc107bd,60,480,745,2331,18,False,
reference,reference,76,250821076,c413905e59539a73d5caf44cf7d0e2817adca1709f8a4759aaadbb6f8977ea57,60,480,667,2196,18,False,
reference,reference,77,250821077,35a581418764de58ac026801eeff87834910733451f6611d658e236e3d9f5296,60,480,729,2358,18,False,
reference,reference,78,250821078,512721ccaadc075d279efa6ec7a58480bdf8c20878104bd8f4221c00342c3c8a,60,480,745,2448,18,False,
reference,reference,79,250821079,f8fa4126af3c067f3347f4ec7c28c30df63d3116acb6e6c4f7a691368f8453d4,60,480,717,2277,18,False,
reference,reference,80,250821080,9fe94c1f6a469d91a345aeb61ea965b9d528a99a6ca0991d84bf7d89e6ec70b3,60,480,743,2412,18,False,
reference,reference,81,250821081,6536785e9a24090d9f4d9b2cacaa385497556febf13f6adbf15be5867f2ae9be,60,480,748,2214,18,False,
reference,reference,82,250821082,685029e6f8dcd947d0a97f5a72667ec685b95249bfc24ecd75cba614c2d5f221,60,480,742,2304,18,False,
reference,reference,83,250821083,bd73f46fdce9cabc57720a4954ce6790becf023a29f71dc2a5cd8317dc151a27,60,480,701,2340,18,False,
reference,reference,84,250821084,eae34d269dddeb4fe772744bc78d6d95118f06a1c2bdd519126c5d03fbea703e,60,480,709,2295,18,False,
reference,reference,85,250821085,c2365ea26b7b9b3356064e1d37cc350da67efc16a732c166e991d2d62e47f378,60,480,717,2331,18,False,
reference,reference,86,250821086,29570def58f7e2df7badcfb1d7b6437c56c0ed4cf36cfa452692dc7278425cf3,60,480,722,2367,18,False,
reference,reference,87,250821087,4e15fbf9aff527bf582f76050113739dd78ad993c10c00c5a2d59c301bda2e59,60,480,765,2376,18,False,
reference,reference,88,250821088,1804be8b54aff68bad41c2cbea20a164cfed1e2174366549f21c468b28ba4f6b,60,480,706,2241,18,False,
reference,reference,89,250821089,dc3012676427fa02a8419f296e745a86e9a54f94dd5083e8547ccb96df2b5f46,60,480,712,2403,18,False,
reference,reference,90,250821090,32e256da9969658288ebcb95927edbdb9198dbbcbd06f904a94a999f61c4b72f,60,480,699,2232,18,False,
reference,reference,91,250821091,64775c3f1810b76448c141e2ecd276c4d1515eb68469d6285e3e54a9906b384e,60,480,783,2466,18,False,
reference,reference,92,250821092,630e020b1b5febe1b44c1d580309891dc4b6ac87bcbb922f10f6740266bba25e,60,480,708,2097,18,False,
reference,reference,93,250821093,ac95f8d755995f5ac782495be2d04212736db321422a8f3b596a67538efc412e,60,480,746,2358,18,False,
reference,reference,94,250821094,5c1e6fced658ed81f7f1585c1fadd691a97917d34c877c6713a766758c589a92,60,480,724,2313,18,False,
reference,reference,95,250821095,4ee3058834a73b6ccb437bcbc523451e50948d7e05b7b090febbdddbe8004506,60,480,752,2277,18,False,
reference,reference,96,250821096,2eb7e23dab956f46e32d826de8a367e4b1d8bac04cb99602607292010ffe1de8,60,480,738,2304,18,False,
reference,reference,97,250821097,07d31ac6c21095a18534862eae38118c1812782302ca237a8bff184fcd7fe0bb,60,480,742,2457,18,False,
reference,reference,98,250821098,dfba07c7dfeb7da4a261ee6b31cf4cf6b9bfc33710c57befa0820f8752788df4,60,480,735,2232,18,False,
reference,reference,99,250821099,95833e6b7a3bcaaf52b54b0686816780bbd948a8ebb09de174862f1dbbb35dab,60,480,789,2331,18,False,
reference,reference,100,250821100,bf40521a12cfe667a09c925f052d4675848be8c37307923212c02fa66283d7c9,60,480,748,2403,18,False,
selective_sparse_reporting,mandatory_failure_region,1,250891001,333e703abfe4e5e51d6a45fb885a94847722fe2487ac657f24766cc0ddac464d,60,480,123,855,18,False,
selective_sparse_reporting,mandatory_failure_region,2,250891002,d0b05491012713bb0fc824dd92243d2c2b8a377160b07b4d4fe95cdf6ca5600c,60,480,170,1017,18,False,
selective_sparse_reporting,mandatory_failure_region,3,250891003,31d2336e0402292f49b0a27dbcad0303cbce1a5b135a48c98a6ca7abf92845a6,60,480,153,945,18,False,
selective_sparse_reporting,mandatory_failure_region,4,250891004,e709ef84b4c792751b1d90c0a3f128aee4a65799661a086a2837825cce17ae94,60,480,138,774,18,False,
selective_sparse_reporting,mandatory_failure_region,5,250891005,8a6b2712b1519cf560a0483c1519e7b0a54980c1cf1a263b2689ef8981a22a96,60,480,130,882,18,False,
selective_sparse_reporting,mandatory_failure_region,6,250891006,a3ce73fc0df013e59ab2c55ebfbb49153980eb72984038c10632cc069f557610,60,480,127,810,18,False,
selective_sparse_reporting,mandatory_failure_region,7,250891007,acf9db2b87622429b3428eb2f3b38a4f4b825e47747d66ab5106c2db45f49f3c,60,480,155,963,18,False,
selective_sparse_reporting,mandatory_failure_region,8,250891008,2c8fc7a39276d1d5d3432534b52083c77b4b864d4929a6ebd4898383934978e3,60,480,123,810,18,False,
selective_sparse_reporting,mandatory_failure_region,9,250891009,46bf85479efa3e397a0650162d6facea5c14580407066dffe2ab50d14701e964,60,480,146,801,18,False,
selective_sparse_reporting,mandatory_failure_region,10,250891010,57acd49fee2f59fcbeb0ee2c9f480d3ad0055977390b9523ec2dcd92c32da702,60,480,143,882,18,False,
selective_sparse_reporting,mandatory_failure_region,11,250891011,36758014ab0871e4431c5bc781ba5496a29a558a5c2619e2a5bfb42f850e2c09,60,480,143,828,18,False,
selective_sparse_reporting,mandatory_failure_region,12,250891012,60f93013e4cd64b678b0e491151bfbdb45bac81dcf089b8d1bf0f69f3482106e,60,480,138,819,18,False,
selective_sparse_reporting,mandatory_failure_region,13,250891013,4a5ca9e1c370b8116fc9b5efec5d4616600b948492db2a802a1acb7b8cba1d36,60,480,152,864,18,False,
selective_sparse_reporting,mandatory_failure_region,14,250891014,249ec762ea0809d5fe7815761c7c3a2456854772ad37aa3be188ccbf8df4d128,60,480,141,882,18,False,
selective_sparse_reporting,mandatory_failure_region,15,250891015,f9294cbd7b4bcc30775da858dd37387adf4424ca2ec8eacecaeb580365b53fa7,60,480,176,927,18,False,
selective_sparse_reporting,mandatory_failure_region,16,250891016,09ba76779ee39bca5fa048eb0f8c7e19cfac181ccfd7f4043500e1a2a1d3d3b3,60,480,132,900,18,False,
selective_sparse_reporting,mandatory_failure_region,17,250891017,7c8151e93c2f07bfe5e1890c1e60370ecaa244f3ad2273bca3075da2dcf6b6ff,60,480,135,909,18,False,
selective_sparse_reporting,mandatory_failure_region,18,250891018,f494f00540204f86824d0054794ae44fa64b1b3c6f7ff96d2be9d92a0e5b3d4f,60,480,153,936,18,False,
selective_sparse_reporting,mandatory_failure_region,19,250891019,61d574cbbecc5c68a08be9e09e83eb51a7a9960fb11d656c6ee96ad85f5d16a0,60,480,175,1008,18,False,
selective_sparse_reporting,mandatory_failure_region,20,250891020,1b511744fb393b6f028b0f0b6f825cb8e68503f11f61c627f00ed313c79ede41,60,480,151,927,18,False,
selective_sparse_reporting,mandatory_failure_region,21,250891021,eb38b7d44539d06c63d5942ef76fe9a694cc1656a274d1b37c0fa0b6cb542737,60,480,156,936,18,False,
selective_sparse_reporting,mandatory_failure_region,22,250891022,fa2e7566cd431f6e633505f059139b62ef6b8ce32464139653cb4657a5a4bd9c,60,480,137,837,18,False,
selective_sparse_reporting,mandatory_failure_region,23,250891023,2aa562eb3843d9876af6d1204a9eeb856f7afbdcf8c74533c82273059be44417,60,480,105,702,18,False,
selective_sparse_reporting,mandatory_failure_region,24,250891024,a18876a1ce28b45f0ad1de91590bbdc12937dae3c7410f8c71b5df203548be12,60,480,151,909,18,False,
selective_sparse_reporting,mandatory_failure_region,25,250891025,1bfca98fd6b34769c4f92402adc9124bac151ba70d012c4bc1ccd24636fffcc1,60,480,156,945,18,False,
selective_sparse_reporting,mandatory_failure_region,26,250891026,33c1a6886172df6f786b75d1cb4e64f2037d54df42a61a8cd0b809224c5a3758,60,480,153,909,18,False,
selective_sparse_reporting,mandatory_failure_region,27,250891027,cc6eea8e4c02b7530c841c5e823673403f4d54d367c73c4e43084160a2c61533,60,480,153,1008,18,False,
selective_sparse_reporting,mandatory_failure_region,28,250891028,68ec6b9554ff38769905acde7d6a9ab2dfeac5c66803a2bcab9d56c4a98986ae,60,480,145,972,18,False,
selective_sparse_reporting,mandatory_failure_region,29,250891029,253fe4c1476953329e880432692f866431f1d1fe880102e1a98fd067ab2bfdf6,60,480,148,846,18,False,
selective_sparse_reporting,mandatory_failure_region,30,250891030,8224577da0bd78892d5b4e959a6355a34a7478eec823529e9f016c9d1ccb77da,60,480,169,981,18,False,
selective_sparse_reporting,mandatory_failure_region,31,250891031,ae32ec766bbe541d264e6c01698a620adaadb736a323624ada4af578d6a094e2,60,480,130,792,18,False,
selective_sparse_reporting,mandatory_failure_region,32,250891032,0e6abd38d7cdc52e00e03001db864a6b51e45b4227db38fbe6b9657d5eb47464,60,480,157,918,18,False,
selective_sparse_reporting,mandatory_failure_region,33,250891033,e202a2ecf76bb12ca52c6551d827b3a19267547c7ae170efa57128768c9e7b91,60,480,138,819,18,False,
selective_sparse_reporting,mandatory_failure_region,34,250891034,b4c8f144735132850be6f9d132eeeedb8d516a3d3276be65701cb0c2156e3e83,60,480,131,891,18,False,
selective_sparse_reporting,mandatory_failure_region,35,250891035,0296db3422a1af186d3a25683328f023a195f511a0cf4d19555ee52f8fc1d3e5,60,480,128,801,18,False,
selective_sparse_reporting,mandatory_failure_region,36,250891036,a825aa9d1c421ffd4bb1ffa9b248fb646fb258db48fe30c5ac411ef2763d6b9b,60,480,133,882,18,False,
selective_sparse_reporting,mandatory_failure_region,37,250891037,601f193348915c46cec0180697e87aa9913e575080bf0fe9550763b1442dda67,60,480,160,882,18,False,
selective_sparse_reporting,mandatory_failure_region,38,250891038,d08e9bae6ec3253b07624ae1858fa8a272a5bd18a1920a84684ae97ff53737fd,60,480,134,882,18,False,
selective_sparse_reporting,mandatory_failure_region,39,250891039,eb826181f1536d334649ba70da043b904a9af919e0e5a07ebbc423bff3d76bd2,60,480,138,810,18,False,
selective_sparse_reporting,mandatory_failure_region,40,250891040,fa4af84334a279febfb42c2e201ff5d3c95ba1d441d8a4acfeefaa20c34e249d,60,480,140,846,18,False,
selective_sparse_reporting,mandatory_failure_region,41,250891041,609f3c08cee5fa33c185d027fd50dc5eec8363b00915d86f5e68fcb0e0ddb9e4,60,480,134,729,18,False,
selective_sparse_reporting,mandatory_failure_region,42,250891042,205ed0576b6b05ece31eb86409aef2f261da98706bad37baa1a50dfb959cb541,60,480,148,855,18,False,
selective_sparse_reporting,mandatory_failure_region,43,250891043,7adee0d99a09e48d7ac1e67f0c929b198626fb2dfa31654d6b63b7ee2bf3ed7b,60,480,153,855,18,False,
selective_sparse_reporting,mandatory_failure_region,44,250891044,5982ef192242963675e07207ae52fd79dbe3e869cf05debcb0c1982f4784cff0,60,480,134,927,18,False,
selective_sparse_reporting,mandatory_failure_region,45,250891045,85559423b41f9810272d831bdc10f9e85d0cdfd24f5e465d92b8717766a7027e,60,480,151,999,18,False,
selective_sparse_reporting,mandatory_failure_region,46,250891046,53ad7a67972cc43341af153031910c423eeaeac85a18ec60dc478888c6911fca,60,480,138,909,18,False,
selective_sparse_reporting,mandatory_failure_region,47,250891047,abe898a5472f14773a35f1e9a97d75acffc2a70ac82f555d5ed8182fa36c4be9,60,480,117,720,18,False,
selective_sparse_reporting,mandatory_failure_region,48,250891048,7e1fdfe2cdfa1666b0d7e2b21ce25cad71883e7d5007eac891fa0e2096d445b8,60,480,168,891,18,False,
selective_sparse_reporting,mandatory_failure_region,49,250891049,77bcc5b8fce42e395c46b318d76685dbf6bed4f02113eaf28ce45b0fd60012e2,60,480,147,1017,18,False,
selective_sparse_reporting,mandatory_failure_region,50,250891050,d5ffe31867c2422ee4a26ba1c8c142fb56f8fc75d6a5829024200e81d7791e1c,60,480,149,837,18,False,
selective_sparse_reporting,mandatory_failure_region,51,250891051,188f0cae3ec63215bdca8ccd4b4c489f345225d353b35197d2639e83ed6831dd,60,480,140,864,18,False,
selective_sparse_reporting,mandatory_failure_region,52,250891052,d71e57e319d134ddb91621222a9ee84e419d0325e4af6872b20bd8b10a5fb4ea,60,480,167,990,18,False,
selective_sparse_reporting,mandatory_failure_region,53,250891053,73a788e2bbea91973f8091ecb2f751af747e1bf8a8b77f94419a3c697a7be13b,60,480,115,810,18,False,
selective_sparse_reporting,mandatory_failure_region,54,250891054,16775d28a58ebef6dcf015181ce2925c4a3aef152514bc487dae4b934418f704,60,480,142,1008,18,False,
selective_sparse_reporting,mandatory_failure_region,55,250891055,6a79658224273fdcce54e719c307ed22fb5cef600c7e735c86cb50dc48dc1071,60,480,125,792,18,False,
selective_sparse_reporting,mandatory_failure_region,56,250891056,88878ffb3787db2be864c85c3c3eb3a3b5f50971fad38492b7467624c60b6a36,60,480,145,855,18,False,
selective_sparse_reporting,mandatory_failure_region,57,250891057,d1dcac7166dc04d6353a70dc4709fbef54008dfec2c1d0f5246ee4f5c51a89a8,60,480,154,981,18,False,
selective_sparse_reporting,mandatory_failure_region,58,250891058,05cc352ecdbca0b31b1fd3fcf957e832c147264a5a3a1f042d10117266f18470,60,480,132,810,18,False,
selective_sparse_reporting,mandatory_failure_region,59,250891059,43afb6b7e40edd7ef37829099a6d103ceba3a222beacf52d8bf0851e71f2f9ab,60,480,135,747,18,False,
selective_sparse_reporting,mandatory_failure_region,60,250891060,5326148ddd2bac7572029aea235d88020ca54e77cfcaf203af497de1b185895b,60,480,164,945,18,False,
selective_sparse_reporting,mandatory_failure_region,61,250891061,b0aa0bf8c6d132c3f716e3f2c3238dabe0c28ba76b681c6457cb49521b99be96,60,480,175,954,18,False,
selective_sparse_reporting,mandatory_failure_region,62,250891062,b2bf3dd87f8e62a53a25e0bf4a0e2eee594ab9678db66f35e4bf86aa8e40991d,60,480,168,1044,18,False,
selective_sparse_reporting,mandatory_failure_region,63,250891063,a9dec878d61b761af2eea5fcd66602170f146ffd85e2de11221a64a397f08472,60,480,141,864,18,False,
selective_sparse_reporting,mandatory_failure_region,64,250891064,2f7ad01ddaacf62e86d3ba50b05d8277752446d6f6f059c0ec7c12b9d9e20303,60,480,135,927,18,False,
selective_sparse_reporting,mandatory_failure_region,65,250891065,8320ad330e4d1b9a76b3eac8e5823e46486d21c8830d01e33cc975788233ea54,60,480,171,981,18,False,
selective_sparse_reporting,mandatory_failure_region,66,250891066,58a3d4e2e641baeb12a918d5c34f097e9de63102305918e5c5a2d41c76ac1419,60,480,131,729,18,False,
selective_sparse_reporting,mandatory_failure_region,67,250891067,b389b08bf636a9fdf77ec94f90aa389db45f9f8ca56d98c61631a501852a5d33,60,480,157,864,18,False,
selective_sparse_reporting,mandatory_failure_region,68,250891068,bd641699f4a1ce44d4b5d8f1d7bf7019f9ae70b5cc9bf383ee08184e76b62510,60,480,131,882,18,False,
selective_sparse_reporting,mandatory_failure_region,69,250891069,1ebd4fbf3dcf459caab093ee9ac6b392608eec57af46995dcf9354a30e8e03f1,60,480,156,990,18,False,
selective_sparse_reporting,mandatory_failure_region,70,250891070,acf5b44b022a548bb9e48e2f8c8b76e7746bb9eec59cfdf1ee4bcf771dd6049a,60,480,127,810,18,False,
selective_sparse_reporting,mandatory_failure_region,71,250891071,742059b21b2e59a38a70b0bd112e34591436c03f7806aa997d9723ce6da870b3,60,480,125,783,18,False,
selective_sparse_reporting,mandatory_failure_region,72,250891072,758b54b72699dbfc44b03d258b86a35496b8c97d97f0aad1e1ca6a92be2964c2,60,480,156,1008,18,False,
selective_sparse_reporting,mandatory_failure_region,73,250891073,e7699b14d4d53e24ee81a7b16b448014a6864433895ee5fb9cf881ff939f916c,60,480,147,837,18,False,
selective_sparse_reporting,mandatory_failure_region,74,250891074,eda069a1e0b9ca9dbecca63f11184e53714b62c574bda511621559c6518ed0ee,60,480,132,837,18,False,
selective_sparse_reporting,mandatory_failure_region,75,250891075,9aa116b6833dbf546c3618f527671a35fdd9585de6c46a2abb5993c1f4f903c6,60,480,143,882,18,False,
selective_sparse_reporting,mandatory_failure_region,76,250891076,05c6b07667a02c3bd358fab99d9ed7e59b07aa297800000b52a277133c34b8eb,60,480,154,882,18,False,
selective_sparse_reporting,mandatory_failure_region,77,250891077,e6e308d29a4d0bd5b0b235afd414591db60fb5a3e9a7e8a86d58828a3ff1fd81,60,480,149,945,18,False,
selective_sparse_reporting,mandatory_failure_region,78,250891078,d63ed9fbe3ea7911aaae2aafba9b1bf680a277fda62e8f88540806317be17eae,60,480,129,855,18,False,
selective_sparse_reporting,mandatory_failure_region,79,250891079,b325c8cc99673ec252f79a436064474edbf9f6da68b4889fed59103463b50ca7,60,480,130,873,18,False,
selective_sparse_reporting,mandatory_failure_region,80,250891080,50755c1ef5a29c9236c79486478f66f03800cc5321562744b960710892e41041,60,480,139,900,18,False,
selective_sparse_reporting,mandatory_failure_region,81,250891081,25227367b10718a067641f96909b42fc02812824f499de4b89edbfefc51849c0,60,480,137,837,18,False,
selective_sparse_reporting,mandatory_failure_region,82,250891082,69d220ae6543bc9827c61233e8b58a43648f3ea64d7bcd7db0c5791ed4f9651a,60,480,158,882,18,False,
selective_sparse_reporting,mandatory_failure_region,83,250891083,ac44c468591389eb13cdb3e68ccb047c2938495d6146004377b0417ffa010252,60,480,127,765,18,False,
selective_sparse_reporting,mandatory_failure_region,84,250891084,e7caaa010259dca9fc2a1abeccb4541aa6bfc26bc4ca0422925fc4cc8e81597e,60,480,122,837,18,False,
selective_sparse_reporting,mandatory_failure_region,85,250891085,d6adb5df523e153ac9e2a162ad16381a4934e98cf3bb36b9982951cfc9e9438e,60,480,141,837,18,False,
selective_sparse_reporting,mandatory_failure_region,86,250891086,cf51d68d478d633794361a96d2d79a6e4bacf905faca24b852c8680a8f427b97,60,480,142,918,18,False,
selective_sparse_reporting,mandatory_failure_region,87,250891087,d438b0255e07eced804a087759fab59d8fffd8a274edae699469e2b1456b9ea6,60,480,156,900,18,False,
selective_sparse_reporting,mandatory_failure_region,88,250891088,ef9278ee800e19783ae359a5f626dd342afadd799b090f269925c08eee1d8750,60,480,139,909,18,False,
selective_sparse_reporting,mandatory_failure_region,89,250891089,0f7c84c379e80fafe439a02d5145fd2cc5cc70f4c822996ae088f20eca726df3,60,480,131,810,18,False,
selective_sparse_reporting,mandatory_failure_region,90,250891090,6c12dadb8f9ec395412c02f56c63d593c370be91ea2a95f309a0775b2d801272,60,480,143,918,18,False,
selective_sparse_reporting,mandatory_failure_region,91,250891091,a036d33d833ce92fbbc0da2a8473b2361761f825d95e05bd8dbf551351fd043b,60,480,183,1017,18,False,
selective_sparse_reporting,mandatory_failure_region,92,250891092,dd790e1d974d4a86534a2f474b8154524333fa63b9de0ee2e958f35c6e6061aa,60,480,176,1062,18,False,
selective_sparse_reporting,mandatory_failure_region,93,250891093,c30ecc4fc782486b72fba2bd530210bf139bb02cdcf56041589c281005e69db1,60,480,141,972,18,False,
selective_sparse_reporting,mandatory_failure_region,94,250891094,3e5eb5e377cc1d925eb3027813e6011ab38910b1211a39e0a56181c36ac6d873,60,480,160,999,18,False,
selective_sparse_reporting,mandatory_failure_region,95,250891095,67b52fe1ba9d7ac404ed34f543557ea6a511e265efbb29b59c950ad05f17004e,60,480,133,918,18,False,
selective_sparse_reporting,mandatory_failure_region,96,250891096,b96ea28ec25334d339d58cfb962dcb97c4bf8bc9f1feadc0e385a7f0225f4159,60,480,144,864,18,False,
selective_sparse_reporting,mandatory_failure_region,97,250891097,9cc27a1f2077c27779dfaf7e6722500c30b669aed46957febaa5601aad963568,60,480,139,855,18,False,
selective_sparse_reporting,mandatory_failure_region,98,250891098,32f9236cfff34cce5b7820a8144df880a77f531d52526670ed96ea4d1596c760,60,480,154,918,18,False,
selective_sparse_reporting,mandatory_failure_region,99,250891099,225c94f58bc7f9d5f038769eb2960e7b1eeafd9350bb5808b1938d309ba8d697,60,480,120,675,18,False,
selective_sparse_reporting,mandatory_failure_region,100,250891100,5e172efddac0f12f7f739eb31a8044845971b1babd49c6d01748d491eaf7b978,60,480,142,828,18,False,
too_few_families,mandatory_failure_region,1,250861001,0d4b1349818e3284ba2af51a5341b60a81d4335887f2bda6cfbfe1c085814e50,60,120,176,1098,18,False,
too_few_families,mandatory_failure_region,2,250861002,8e2d7124afe674994a8671957e77f6dada2c965636c82ef62a6a43788b09c783,60,120,197,1287,18,False,
too_few_families,mandatory_failure_region,3,250861003,1b4f367e670bcc4b395042adf8e26988d03ad3ae9ec9b457e24a20c93bf5a69b,60,120,185,1206,18,False,
too_few_families,mandatory_failure_region,4,250861004,b1b4c4d59b51253ba54f0c75823b3e130135e1fde031e566b88f9d488d8d1d4e,60,120,182,1233,18,False,
too_few_families,mandatory_failure_region,5,250861005,2e486fa3f1eb0bcc5ed0fce334836fe8e2db767cc52a4f21778aa1fd7c976408,60,120,163,1179,18,False,
too_few_families,mandatory_failure_region,6,250861006,1c0945ac8dc1ef6a5b1fe7699dafcb86e3e2fe1d3a756340df5ab2b7ef2abdd1,60,120,150,1116,18,False,
too_few_families,mandatory_failure_region,7,250861007,1e43b33497380d991268999da3d62a994df6c534deaf5d3d2cf0db2b385c0536,60,120,164,1089,18,False,
too_few_families,mandatory_failure_region,8,250861008,91e99c242c2309b1003362d0c7c1ce5b36bca5004082f71a93a07c9324157e0d,60,120,198,1323,18,False,
too_few_families,mandatory_failure_region,9,250861009,755a224d20f2e7e20abc9a9904798dbfaf40ab0cd9b761c2adf4e7ff4de30929,60,120,136,999,18,False,
too_few_families,mandatory_failure_region,10,250861010,19a0492f35436b8d2c58b39da2e132068769bbb25d5745bff75f24978aad86e6,60,120,177,1161,18,False,
too_few_families,mandatory_failure_region,11,250861011,304a0005ee93268263c388feb377616c0b9ae0998a013db80a58aa24eda0f90a,60,120,202,1278,18,False,
too_few_families,mandatory_failure_region,12,250861012,777a7af449c7b85e66879591215106547b70c9936214ff11b785e30d613cd9fe,60,120,174,1206,18,False,
too_few_families,mandatory_failure_region,13,250861013,f51dff402299c2ae3effbc119ddae707586cebb88e3749f472fca6dddbcc68ef,60,120,192,1242,18,False,
too_few_families,mandatory_failure_region,14,250861014,6d2050db9b0cd0ed897edb630f2ccb4b6183064cc31dbaf76fff9495ded9c526,60,120,172,1224,18,False,
too_few_families,mandatory_failure_region,15,250861015,81b34849df163950cbcfa48d68ed3baf5529dbb77c7ce813f5b3ef77dab262ee,60,120,187,1260,18,False,
too_few_families,mandatory_failure_region,16,250861016,74d28ca4a4b2547983294fba85624cfc2f582b77e2cc8abc545f53f09ac17fb9,60,120,193,1197,18,False,
too_few_families,mandatory_failure_region,17,250861017,1d9945e1668b7db0874c73135c0fc143d34da875c9e8a67405351cab52c533e1,60,120,186,1152,18,False,
too_few_families,mandatory_failure_region,18,250861018,5b79e0ff40699429aa4a2adc9ef4bc3f4f5fe222825593c24ad5760af57814a1,60,120,216,1359,18,False,
too_few_families,mandatory_failure_region,19,250861019,a83e247f01231b72f5c7dc4407ef6eedf5974ec2b3c829dddbd592d88ef2cc7d,60,120,159,1026,18,False,
too_few_families,mandatory_failure_region,20,250861020,52dabbd7c463d641603a04c85afec62cd61f6372973eebc8fd9c76be98fea5d1,60,120,190,1170,18,False,
too_few_families,mandatory_failure_region,21,250861021,24814d3ec749cf78f401f37e5b1da4472a5917435d1517923a492ba3d4cd998b,60,120,165,1233,18,False,
too_few_families,mandatory_failure_region,22,250861022,088130c5be968c6a0cadc6e57e4a05b1fd53825a8423c168d8ce03c575093dca,60,120,184,1233,18,False,
too_few_families,mandatory_failure_region,23,250861023,ff62212e8e7ebd14a86305d5d303c3af5cc685de5b331219176830fb6689ff5e,60,120,190,1269,18,False,
too_few_families,mandatory_failure_region,24,250861024,0b60546780604aec856939066de7332d518fed2b3ed4a91db6abc061747fc58f,60,120,164,1143,18,False,
too_few_families,mandatory_failure_region,25,250861025,c44f6c5de7727bdd2ddc1e9cd01824d66a8d7aee9730facfa1fd331662609508,60,120,189,1215,18,False,
too_few_families,mandatory_failure_region,26,250861026,1d3aa3f6a629c444e6ed2c78fb169271a8fe466f391db5c3bb9339fcef2398d3,60,120,228,1368,18,False,
too_few_families,mandatory_failure_region,27,250861027,1092e6db305ab468cf5fbc006644682ea564e5b15f43645411e9325d8f4f18d6,60,120,194,1197,18,False,
too_few_families,mandatory_failure_region,28,250861028,b87b9aeffd57f5764c7808aea781f9d9078d3493b153de9d623e8ed2d0de7056,60,120,177,1116,18,False,
too_few_families,mandatory_failure_region,29,250861029,9fcbf023ad0e36c501b91c52b3462f382fe2ed37f8c969cd913805da77768f0b,60,120,184,1287,18,False,
too_few_families,mandatory_failure_region,30,250861030,174b68ddbbaef31fca1c65ad15644886126bcb415374ac3b766bda24bcd95ae7,60,120,195,1269,18,False,
too_few_families,mandatory_failure_region,31,250861031,4643b9b29bac2cc3fb550062e85888fba971ffef9463ce18bc76f955dcd12d9c,60,120,180,1233,18,False,
too_few_families,mandatory_failure_region,32,250861032,92edb202e42042644b1f39e734148af2e43d174a68da88cb4d5cabb92da21cb7,60,120,182,1242,18,False,
too_few_families,mandatory_failure_region,33,250861033,959e583273634be4da5bde470d85112a96e65c3004f928a56cd3fc5ebbcee215,60,120,196,1278,18,False,
too_few_families,mandatory_failure_region,34,250861034,cc9867f1ae1385fb5cfe16faa95923c76141930462e5f143b5cf06f88da45781,60,120,191,1233,18,False,
too_few_families,mandatory_failure_region,35,250861035,2819ef9b1069dbb16aa861d12268d2b07d865bcce826a88c5f29265e8ab5dd06,60,120,178,1179,18,False,
too_few_families,mandatory_failure_region,36,250861036,28a9fc0a8c02a51d27c0b426cf98efbadf48f1900135d80ac4fb69aa0169f24e,60,120,152,1080,18,False,
too_few_families,mandatory_failure_region,37,250861037,41b9e81e22f150a0131888388b1aee0684b1882695c3dc441c417e432c448447,60,120,174,1143,18,False,
too_few_families,mandatory_failure_region,38,250861038,4687f4857587c8ca54c8e3aeec2c38ed3aefcb892913937f5f1ae7fd282a9e96,60,120,189,1206,18,False,
too_few_families,mandatory_failure_region,39,250861039,aa35848cead41358fb6fc7f8b3b353c8f04699150c68e955951b96d4ef22920f,60,120,172,1062,18,False,
too_few_families,mandatory_failure_region,40,250861040,9e4ad32161db7fd1a98d0a928640b64f218ac3e711cfed33b7405c3a409b15ef,60,120,159,1017,18,False,
too_few_families,mandatory_failure_region,41,250861041,7cf32ca5e7121962d2c1a7209096c843350ad907d9910525470ff9a95c07e669,60,120,185,1224,18,False,
too_few_families,mandatory_failure_region,42,250861042,b367bb63bf3b235febad5c2cd4eb92c350551949f8abdbe894b3593ab5f95eef,60,120,187,1170,18,False,
too_few_families,mandatory_failure_region,43,250861043,b3da37096447bf8ee73ca113b67b2486edaaabede4ff3f671c4377727225e7b9,60,120,168,1152,18,False,
too_few_families,mandatory_failure_region,44,250861044,cc90ee9b26fb21ad1d3ffc47c1cdecf40a46e22f5c6dcc8723217b80ab883121,60,120,191,1287,18,False,
too_few_families,mandatory_failure_region,45,250861045,206085f4f9e4081551127cf1df6861a3460eb98e630bdeb77ba553b76de1c9be,60,120,178,1107,18,False,
too_few_families,mandatory_failure_region,46,250861046,1edc6271a68ebf8019678f7ed8b4a7f41be612eb15055587e9d1d481dfbbe0cb,60,120,176,1098,18,False,
too_few_families,mandatory_failure_region,47,250861047,d757b3f99432a5791b0013b90ab0f5efaaa3064859c6ce15d25700f625f2c975,60,120,180,1107,18,False,
too_few_families,mandatory_failure_region,48,250861048,c9da05801c9e373417427dd7624a69474a1316b13fffe2eeb3ed6c757bdbc1f4,60,120,164,1098,18,False,
too_few_families,mandatory_failure_region,49,250861049,f2bce2ac839d2dca5ddc26bf0719dc0dcb09faa253b905a11e9be9adaac6e1ca,60,120,169,1170,18,False,
too_few_families,mandatory_failure_region,50,250861050,293ac178480bde38dd9fa9770282493bd1189fc37906ead4947b472fbb692bef,60,120,175,1170,18,False,
too_few_families,mandatory_failure_region,51,250861051,4e908352e43e8a1545fcbb2809660c5c0f83a300a0155ff88ee51c82a02b5c6e,60,120,191,1224,18,False,
too_few_families,mandatory_failure_region,52,250861052,f01cc99283a1b61d7118cf6e7b410a660976aba032abff21eeae1e2d43354600,60,120,151,990,18,False,
too_few_families,mandatory_failure_region,53,250861053,4fbe0d9b06a4fe4e9d04d4d3955be4e8d2306581316bd88907e945621b788d94,60,120,186,1197,18,False,
too_few_families,mandatory_failure_region,54,250861054,cefce70167b90f9410d490fb5978e75b86bc76086662df194410a7d9f38b598e,60,120,184,1197,18,False,
too_few_families,mandatory_failure_region,55,250861055,299aad8575178e9cd4992e3e6b1ed774e2200079a9f263a5788e1d7bfd1246e3,60,120,156,945,18,False,
too_few_families,mandatory_failure_region,56,250861056,95c6b8f9ba6ae483192853ee0caaf6ce0e2c7597c140689b4ee976c403442f3e,60,120,181,1233,18,False,
too_few_families,mandatory_failure_region,57,250861057,40086ba055a2b17dd873f6ad67f9a98fb3daf218e82ef4e5fcecbe16a6cf3e1b,60,120,158,1044,18,False,
too_few_families,mandatory_failure_region,58,250861058,2c7e74cccc2e91eb494553ec4e8efb6bd895b266de2db2ad21659fad5ba9cdc3,60,120,170,1080,18,False,
too_few_families,mandatory_failure_region,59,250861059,f1d4df43915a728415938441a5b800549b88fc6eef9e0bb52eea54a06d56fb14,60,120,198,1269,18,False,
too_few_families,mandatory_failure_region,60,250861060,7698ba75a9c269add523aeab184fd6c6dbc59e338c2727ba30f27ff3f755fbde,60,120,179,1152,18,False,
too_few_families,mandatory_failure_region,61,250861061,8c359739864d56d3bb4a33bd220dd83e6eee5936fa82ef9215684cef0689aa4d,60,120,171,1197,18,False,
too_few_families,mandatory_failure_region,62,250861062,d3779b9a09d6346e2d0914cf85d0e931a0df057a37db523adf51b51ddfe14cd9,60,120,185,1197,18,False,
too_few_families,mandatory_failure_region,63,250861063,21ba3d7635fa34dc937b06b20fc20d2c52cd7a52708ce65ab5e4990f569101ce,60,120,146,936,18,False,
too_few_families,mandatory_failure_region,64,250861064,53789d63c4a33f162a0d3c7853c456fa1869520ec13dbba8ccdcc76d05ba1b88,60,120,182,1143,18,False,
too_few_families,mandatory_failure_region,65,250861065,b55cc86100d73f780c09200b6cea42434f17cfa65a09ab8ab838f0d8843691c7,60,120,209,1260,18,False,
too_few_families,mandatory_failure_region,66,250861066,cb477c109f46c4af4619489d2827eae86d257a7965872c48ca233f8178ae2186,60,120,161,1035,18,False,
too_few_families,mandatory_failure_region,67,250861067,9b77ae04ad2ca934074dcf5eee81d66b98a3dbd057ccf331ca80f5bc45dc5b27,60,120,200,1260,18,False,
too_few_families,mandatory_failure_region,68,250861068,f237cb038e2ef4f443ace90e78636692c0fc2da65d7855473b418e3eb189f2c4,60,120,217,1296,18,False,
too_few_families,mandatory_failure_region,69,250861069,e49c8d9479f2feba52daecedcc61b076f97a9e6d9069cdad7a7939ca10e9185a,60,120,163,1197,18,False,
too_few_families,mandatory_failure_region,70,250861070,fa56dc7e5d211cd00b1fb3302f3795d033a70b55b368e8e8ecc74fda3d05200e,60,120,175,1206,18,False,
too_few_families,mandatory_failure_region,71,250861071,a2f90540ff896b7cacf90fa521ce8481cfd0a026c7271c71113f13651228242d,60,120,190,1197,18,False,
too_few_families,mandatory_failure_region,72,250861072,49b957b29c25982637b5ee3b3cad52b992943c4d19ac341b359d7392be908d36,60,120,170,1080,18,False,
too_few_families,mandatory_failure_region,73,250861073,99804b606fa837ec874b89c57486bddbba362f892fe7683ba763acf26b081514,60,120,174,1233,18,False,
too_few_families,mandatory_failure_region,74,250861074,47b956c2a3491c43ccf06aaf0df7d5b7b6f16f7495308feafc6d4eadcf841097,60,120,165,1044,18,False,
too_few_families,mandatory_failure_region,75,250861075,5d1cfc61116d8eee6bb47245514bd6bb235b0012132079eac8fa822337966968,60,120,181,1170,18,False,
too_few_families,mandatory_failure_region,76,250861076,ce7686d84abee466255f61a99f50826a2e86d40a15b528358cbd97da5087f666,60,120,204,1341,18,False,
too_few_families,mandatory_failure_region,77,250861077,e3ed9ebc38dd9660ffc4d097dfd221ed6430b8e149f8bd94ac5ab5382b8ab1aa,60,120,188,1260,18,False,
too_few_families,mandatory_failure_region,78,250861078,d800b078ec82952c130f5e0f44c0b05b5069a552389cba0096a275a4e08513b3,60,120,202,1413,18,False,
too_few_families,mandatory_failure_region,79,250861079,026a2ad349e75d8edd6d577431eb4c1b396033655ce52fae0996db4686403b3c,60,120,177,1107,18,False,
too_few_families,mandatory_failure_region,80,250861080,b8e3e718c2001159fbc1a0f6ecaaaf2d3087a07e8d0885ce573ca9aee7b2298d,60,120,203,1206,18,False,
too_few_families,mandatory_failure_region,81,250861081,9628122acef151a3f933c275d88ac790253ee16ea226d097bd276645c361c053,60,120,175,1071,18,False,
too_few_families,mandatory_failure_region,82,250861082,606f21550697e00867707528b2dbf4b65108e7d6576f61f90e3fa090b03237f3,60,120,189,1242,18,False,
too_few_families,mandatory_failure_region,83,250861083,fd6103875026dcd8c59a8be88df256563a4ecd1658e992b6e3a895a2c590acb3,60,120,185,1188,18,False,
too_few_families,mandatory_failure_region,84,250861084,80ed170d97d4e481c3edaedb56b891f7c791bbd31c9c24d194a45e5e25bddb23,60,120,191,1188,18,False,
too_few_families,mandatory_failure_region,85,250861085,9cf053937d26b8ffdff39576baf5cfe7d3790248129c3e73e99f36fcc57b3ff1,60,120,198,1233,18,False,
too_few_families,mandatory_failure_region,86,250861086,c12bfbccec43e43b1a2720a2335e5dc0146e896d2bbd3cba46de625151bd8a87,60,120,207,1332,18,False,
too_few_families,mandatory_failure_region,87,250861087,7b9d67fc5c8a2e32bb5cc361e7c6073bf6311398603cbcd973c604e1bc4b833d,60,120,188,1215,18,False,
too_few_families,mandatory_failure_region,88,250861088,3c514b3ca84ec6727135841c80b06b3b7c262695810e83980aa286050f86a0d5,60,120,186,1152,18,False,
too_few_families,mandatory_failure_region,89,250861089,45584c154ece07ab8cb49e0ea7ac7773026df60d1f28153edc60f23f81f292f4,60,120,167,1107,18,False,
too_few_families,mandatory_failure_region,90,250861090,1b9be77921bd2ca61bc0fab58366ded4077c98551be7c19b34d4c5591203073f,60,120,192,1251,18,False,
too_few_families,mandatory_failure_region,91,250861091,33c416bdfc1b3dc81ed30bd98b38eca6bbf6d9848d4a4269354654d91c24ea7a,60,120,170,1089,18,False,
too_few_families,mandatory_failure_region,92,250861092,1d31b58e8644b566088f0253f13caef1b1bb2a9b558df8a3680380a8ce66ea86,60,120,197,1323,18,False,
too_few_families,mandatory_failure_region,93,250861093,b70a0f7327062cbdf27967b4c737301a53397e5f4ba1fb6627721a002bbfc902,60,120,174,1188,18,False,
too_few_families,mandatory_failure_region,94,250861094,f288c012f9b7dda1ea98741a1360d69387790460054fe8c7bd510dcd18f22f44,60,120,189,1296,18,False,
too_few_families,mandatory_failure_region,95,250861095,956da3e13b236f9b1bd72547a24e746625815a256bab5f5a280bd7e906130d75,60,120,173,1197,18,False,
too_few_families,mandatory_failure_region,96,250861096,3b229f6c39bc71423fff5bf23c27c1be727a839918b528493025cdfc6de6c614,60,120,203,1287,18,False,
too_few_families,mandatory_failure_region,97,250861097,9cd409e42e102ca0c120ba3c31972dc76440dde3a6a4fb78ce8e002a9b69e8a7,60,120,178,1197,18,False,
too_few_families,mandatory_failure_region,98,250861098,bedc3cd763c1882c3574e4bf1afdd48647c2e31773ffd733a9aff4ae30c24514,60,120,154,972,18,False,
too_few_families,mandatory_failure_region,99,250861099,f382fb859f3fd9703f0fb3b8d31f55327e420ad6068170771f0560ba33f40ba1,60,120,183,1242,18,False,
too_few_families,mandatory_failure_region,100,250861100,ba6005149e52210aba4a7d2b006958ecb67521ce8cd66085cb8587986403bed8,60,120,191,1179,18,False,
weak_effect_high_heterogeneity,mandatory_failure_region,1,250871001,91a2c04a1888b4629a8bfcde3f1fc49c83882ee4b26db3824f9f17999b35a303,60,480,869,2547,18,False,
weak_effect_high_heterogeneity,mandatory_failure_region,2,250871002,2dfb4190aece4937f22050d1b68e0e19b9b68caf6b00fd8ccc9a4f6354d08c15,60,480,784,2304,18,False,
weak_effect_high_heterogeneity,mandatory_failure_region,3,250871003,6d173e240b0a10a25128c8215d6d1c42ccf78f6eb771391dc0bae5d9655e6265,60,480,842,2502,18,False,
weak_effect_high_heterogeneity,mandatory_failure_region,4,250871004,2e9a94cfeb1936e5e74ec8dd5e7959209873a6ea6de27a21293a38b6f53d097c,60,480,875,2484,18,False,
weak_effect_high_heterogeneity,mandatory_failure_region,5,250871005,4adc2a0017e51ef64dd7033dfd8e9303e27fdb1e9abed0c0f6684ff101a39c27,60,480,822,2358,18,False,
weak_effect_high_heterogeneity,mandatory_failure_region,6,250871006,8dd7308cba938c1387cf4618579a8fe490d210850206b839f97155c61a8aeeec,60,480,778,2331,18,False,
weak_effect_high_heterogeneity,mandatory_failure_region,7,250871007,ea212c11621cb98551651e1924153bba2089f8a4dc08aeb5f45cfe491edbc41d,60,480,889,2619,18,False,
weak_effect_high_heterogeneity,mandatory_failure_region,8,250871008,bc0fc3e664aef8037f875340b06b2c622ef4aa61d7280d2a48a6a4890c944578,60,480,868,2439,18,False,
weak_effect_high_heterogeneity,mandatory_failure_region,9,250871009,823717831846f7dd1ae03d7adadb8067500c4dee2f8a09b8ab3f3d4ed85069ea,60,480,845,2484,18,False,
weak_effect_high_heterogeneity,mandatory_failure_region,10,250871010,def19c12911b1b3113e27718589aab1670a6c66ba61c5136c412bf55fa0ae8b7,60,480,912,2727,18,False,
weak_effect_high_heterogeneity,mandatory_failure_region,11,250871011,894d9c5f5e11022295388accf568dc06ebd758a9b55e236a089d0247f6bad971,60,480,858,2592,18,False,
weak_effect_high_heterogeneity,mandatory_failure_region,12,250871012,4cf97a8b00f757ecc069413ea7b6056626fce7530141931030eeeafb37eb2af3,60,480,845,2529,18,False,
weak_effect_high_heterogeneity,mandatory_failure_region,13,250871013,9daef36c0f27fe41fe30508c0b5d8c1971a738812b41f1d67119e675631751e8,60,480,872,2628,18,False,
weak_effect_high_heterogeneity,mandatory_failure_region,14,250871014,ae36ededb32c9cda8697586e287540387a34606b2ac28f8f346e8157454915d1,60,480,809,2313,18,False,
weak_effect_high_heterogeneity,mandatory_failure_region,15,250871015,ca45949b6419ded315ab5cbde4f17061394887c230c6cdb291236b631f243e00,60,480,891,2565,18,False,
weak_effect_high_heterogeneity,mandatory_failure_region,16,250871016,0ccfc6256985b6ea55b0086ebe683631db46e5b669f1f70224f0ef8b7089f8c5,60,480,827,2367,18,False,
weak_effect_high_heterogeneity,mandatory_failure_region,17,250871017,84567c9874230af587cadf6174605949c5b081fcd7089f505dea196090896478,60,480,875,2574,18,False,
weak_effect_high_heterogeneity,mandatory_failure_region,18,250871018,7e22d6f2ddb5e37670f47b2cc29f4205a4567d227cb9df2d3e6ddcf7dab160d7,60,480,877,2565,18,False,
weak_effect_high_heterogeneity,mandatory_failure_region,19,250871019,8e73b7fa9da01f0bce262d14d6c42dcae60a1e32c606e6bed0a49489889b1035,60,480,862,2529,18,False,
weak_effect_high_heterogeneity,mandatory_failure_region,20,250871020,dca44a0d6ca0028d32c16fe68fa7b04cf7b32c53c6929806737c01b93335717c,60,480,873,2556,18,False,
weak_effect_high_heterogeneity,mandatory_failure_region,21,250871021,fad02bb933036fa7f45dfc909d85a084d2db70fbf72a4961008955d3e8592d31,60,480,841,2520,18,False,
weak_effect_high_heterogeneity,mandatory_failure_region,22,250871022,86329371a4392153bed8f480f4b2f4c927ca0ae2da27072ea4b44794c0ee4387,60,480,916,2709,18,False,
weak_effect_high_heterogeneity,mandatory_failure_region,23,250871023,83f406281cfe392df4dfbb335a7234e5b11222eda5c75688ee1aff580b8c0d92,60,480,810,2358,18,False,
weak_effect_high_heterogeneity,mandatory_failure_region,24,250871024,9c38f46a891f71a6d72aba8d5edb30712d0e72666f274811c12f9caaf159bfa6,60,480,867,2439,18,False,
weak_effect_high_heterogeneity,mandatory_failure_region,25,250871025,3337eec3033899879974c11d602c755485ead582c8c08b9ab1ae024393b86343,60,480,874,2628,18,False,
weak_effect_high_heterogeneity,mandatory_failure_region,26,250871026,8556c55c29fe774c97b963cd249d4459fd2ad96728b44d4cf0cefcfbfa3fc472,60,480,819,2268,18,False,
weak_effect_high_heterogeneity,mandatory_failure_region,27,250871027,126666a5ee2041f785decbd35416f7251098c65134e5303cba872c59d52956ae,60,480,888,2475,18,False,
weak_effect_high_heterogeneity,mandatory_failure_region,28,250871028,7cf66feae7e35aaa1ec930dd383e3e9ef55624a250841100e2291390ef80a686,60,480,871,2592,18,False,
weak_effect_high_heterogeneity,mandatory_failure_region,29,250871029,644c77d41fdd1b707285cc51f621fc4a2d97849617b09443cd90e3e96566f5ce,60,480,841,2565,18,False,
weak_effect_high_heterogeneity,mandatory_failure_region,30,250871030,03ca246d36f7379428c80e0152b11a6bedd6324418ac94c38ac491303438ce62,60,480,823,2331,18,False,
weak_effect_high_heterogeneity,mandatory_failure_region,31,250871031,29d954fc16981a57e1011bb7f8d76750b057280ee656f1730728725e2e58ed60,60,480,881,2376,18,False,
weak_effect_high_heterogeneity,mandatory_failure_region,32,250871032,a0a988f9c69ddff8d84b680117011c3d8edbddc32b9dccac88bd336c2b67521b,60,480,878,2538,18,False,
weak_effect_high_heterogeneity,mandatory_failure_region,33,250871033,50fb4daf49400e0a61900daf977487f1cd9beb1495ee23dbdffc80aebb1b4142,60,480,860,2493,18,False,
weak_effect_high_heterogeneity,mandatory_failure_region,34,250871034,ab9b6149a0b3029a90bac35247d126b4ea482702a558c160adfea891972f3235,60,480,880,2556,18,False,
weak_effect_high_heterogeneity,mandatory_failure_region,35,250871035,3f0a7267cdefd5c035d31354af75ac05484501c58173e2a731acf7d75c09fe66,60,480,930,2682,18,False,
weak_effect_high_heterogeneity,mandatory_failure_region,36,250871036,b5fa1399380ec07ef4bfedd6b55fffd4b3896715a56d1fcfbeb5c905baa1e314,60,480,840,2439,18,False,
weak_effect_high_heterogeneity,mandatory_failure_region,37,250871037,b2d9a2202188523d7de90d74a3742e0bbcfec9f84b3ed7b619fefaa07d10608e,60,480,820,2493,18,False,
weak_effect_high_heterogeneity,mandatory_failure_region,38,250871038,6f75af874f43f52976f82ccb1fdc08391d4248912894d82ea607332b1f24252f,60,480,843,2430,18,False,
weak_effect_high_heterogeneity,mandatory_failure_region,39,250871039,8edecb00cd1e468564ed661e6cd8045b1d3299d5966314c553b7e10a289eb1a8,60,480,885,2484,18,False,
weak_effect_high_heterogeneity,mandatory_failure_region,40,250871040,358e362379920240c2af6fc7a605e4e2718181c0b06e7ff03f73ace8e3483249,60,480,873,2574,18,False,
weak_effect_high_heterogeneity,mandatory_failure_region,41,250871041,ba3c0dc320637e350cb774eaa12829e4b9a3bc6f6b3eff6ddaf428ab32c61571,60,480,752,2304,18,False,
weak_effect_high_heterogeneity,mandatory_failure_region,42,250871042,38face9232d9dd4f22e5ca6d0bc2f995e0c07ba3bebf50c4dd8bd9e4a521b325,60,480,835,2502,18,False,
weak_effect_high_heterogeneity,mandatory_failure_region,43,250871043,4784aef6d824a9b9ccf74f84471d5387ce213049e41a1bd84d366043d50936a6,60,480,885,2646,18,False,
weak_effect_high_heterogeneity,mandatory_failure_region,44,250871044,ab419b3c51959d54369f474229c2bfffc21e412b38bd686b851ff844a2b439ff,60,480,913,2655,18,False,
weak_effect_high_heterogeneity,mandatory_failure_region,45,250871045,d627242e4bf196666a73f2d68d167fd83657433b53f56494e58edf3358e1e13e,60,480,844,2502,18,False,
weak_effect_high_heterogeneity,mandatory_failure_region,46,250871046,96d4a2828b04cc16f444c6728e2f8e02131450e771b9e63b368ea56698565a7c,60,480,869,2502,18,False,
weak_effect_high_heterogeneity,mandatory_failure_region,47,250871047,6b6bf596c5180fad834823d0103da08386c24cd0b10acc2495216bb32f720b2a,60,480,866,2601,18,False,
weak_effect_high_heterogeneity,mandatory_failure_region,48,250871048,083b5017a86bade36331a01cda1d41aa3ee515f68b5a465a098825b0444b8d80,60,480,868,2502,18,False,
weak_effect_high_heterogeneity,mandatory_failure_region,49,250871049,8cc5de9435b758ac072b94ab80b49c1f0dd1e6b4b26ac1647b1fe358eb452745,60,480,919,2718,18,False,
weak_effect_high_heterogeneity,mandatory_failure_region,50,250871050,dedf7c22adb8241b7fd5865115d93ac473a7f3389b142f00ab5cff9e91975827,60,480,821,2421,18,False,
weak_effect_high_heterogeneity,mandatory_failure_region,51,250871051,e6975a0cc0a35d6e24a4107caf9a1dab34cc9e99418ee8d1f79214e164914fe0,60,480,884,2628,18,False,
weak_effect_high_heterogeneity,mandatory_failure_region,52,250871052,c775c472f6272e2a2cacf0d04814edf03be6ad5a2812db1479491d7f24844f62,60,480,865,2592,18,False,
weak_effect_high_heterogeneity,mandatory_failure_region,53,250871053,3db12ff8076cdf499cea247360241b735fdcd065b63ccdb58a34da81b4568fe8,60,480,839,2484,18,False,
weak_effect_high_heterogeneity,mandatory_failure_region,54,250871054,294b4ed5da84fe0c91632438972dd1410dd7b164395a45f37070a0106808d67b,60,480,822,2574,18,False,
weak_effect_high_heterogeneity,mandatory_failure_region,55,250871055,c37c0d521959b5d2167a741a7c8a4c356acad36b6668ac2968a27fdfd45cd405,60,480,831,2304,18,False,
weak_effect_high_heterogeneity,mandatory_failure_region,56,250871056,2b8d0e08b840766f6b856becb3f58d81fdd48b0c30675086d09814b77bc699ab,60,480,911,2673,18,False,
weak_effect_high_heterogeneity,mandatory_failure_region,57,250871057,aa193fd93dd970aead939f5ad29559e2c967f509b4c9a841b5e6656d5dcf21a6,60,480,896,2637,18,False,
weak_effect_high_heterogeneity,mandatory_failure_region,58,250871058,a9864bb87af0d82a8a242105fe05ca289a5af2d72a9179ce3c032c0e6a08f4b8,60,480,864,2448,18,False,
weak_effect_high_heterogeneity,mandatory_failure_region,59,250871059,691ebd43e635e38f08dce74e5738c335f3edb1b663ff80e367444184adf4b8a0,60,480,869,2511,18,False,
weak_effect_high_heterogeneity,mandatory_failure_region,60,250871060,21838703b083b89e4089043bc4ff17c0eadd66f02c08c60f7e07a4ab613be0a3,60,480,832,2304,18,False,
weak_effect_high_heterogeneity,mandatory_failure_region,61,250871061,240eed38887da7049ace3c913ed07d0f9ea27cec54bbf3ca2fda31d70ee3079e,60,480,812,2448,18,False,
weak_effect_high_heterogeneity,mandatory_failure_region,62,250871062,bed8001f9dbccb492919af01e20811b3f530e0f88b9c83230f5473da2ec15a35,60,480,883,2538,18,False,
weak_effect_high_heterogeneity,mandatory_failure_region,63,250871063,d1a9c812e6a863f5156a6604fd4e90ed7a2dcb00096b6f946d46f354ea7c594e,60,480,902,2583,18,False,
weak_effect_high_heterogeneity,mandatory_failure_region,64,250871064,b992f585e0f562e3fecaede560f10eae586b669cb36b507a14b3cc44ddff8826,60,480,856,2412,18,False,
weak_effect_high_heterogeneity,mandatory_failure_region,65,250871065,08dd5b4f2d20e517f6123edc7938773ffc9105bdd3630499388dbbd1701b743e,60,480,882,2547,18,False,
weak_effect_high_heterogeneity,mandatory_failure_region,66,250871066,83a79e9fd2404f01c0b9f1fa7a4257de84b751bd2cd90aa69b8f735304848959,60,480,910,2592,18,False,
weak_effect_high_heterogeneity,mandatory_failure_region,67,250871067,6631a92725c2d95ac40af45872265d763d8532ad0c98f0b503da52d77ed68995,60,480,879,2574,18,False,
weak_effect_high_heterogeneity,mandatory_failure_region,68,250871068,ed27c41303b3b567c293adf5384de9c659da2dbb0716916e875d1015faead9c7,60,480,889,2583,18,False,
weak_effect_high_heterogeneity,mandatory_failure_region,69,250871069,dd3c20aa90d1092eb76c00340daab185cfc327d4a0b2f8f6343234eaf75c210b,60,480,897,2664,18,False,
weak_effect_high_heterogeneity,mandatory_failure_region,70,250871070,31175c3e98b3bf81a23759f17178e804ca0b310a76bc8fcdc93a3e8fdbfff94d,60,480,841,2574,18,False,
weak_effect_high_heterogeneity,mandatory_failure_region,71,250871071,6de014b9d40ddd2693c6fc9831f8821d758cb3ec5e0a2e2bf81b72bd6f6f6cbb,60,480,885,2601,18,False,
weak_effect_high_heterogeneity,mandatory_failure_region,72,250871072,1f59d4365ff3773987ef01185f737a487e89b725ffd691ddbfdefd3e9d0f8fb7,60,480,822,2376,18,False,
weak_effect_high_heterogeneity,mandatory_failure_region,73,250871073,082cbc7e2e0e73561fe3a24afc3e2b9d0185b50f2694b34f99b04a4fe7b837c6,60,480,827,2349,18,False,
weak_effect_high_heterogeneity,mandatory_failure_region,74,250871074,f466131acb4e0fbf9499de3c3c6e0f5772376eb8df271dcfa064756d500dba19,60,480,792,2304,18,False,
weak_effect_high_heterogeneity,mandatory_failure_region,75,250871075,8ea1c5a38dca80ec23927080ae982735f1023b7d81675badd8e9974a7d9d87cf,60,480,863,2529,18,False,
weak_effect_high_heterogeneity,mandatory_failure_region,76,250871076,0cb41a3d1b314ea869a7216e119f0f94d109ed7fbfb78fc154bded5511766375,60,480,881,2745,18,False,
weak_effect_high_heterogeneity,mandatory_failure_region,77,250871077,889381332688eab3c50be87cf47de3be427a48033ec4a90a7ab9edb657df72ff,60,480,858,2610,18,False,
weak_effect_high_heterogeneity,mandatory_failure_region,78,250871078,272c7d0a712a3b2e661a579a4218370f8f7b27f8209d151621771e264decd8e2,60,480,861,2547,18,False,
weak_effect_high_heterogeneity,mandatory_failure_region,79,250871079,6bcb0cbd3e81a0d9343f03bbc5eec948e55ab10e8d5fc150268b86afe6456bcf,60,480,827,2520,18,False,
weak_effect_high_heterogeneity,mandatory_failure_region,80,250871080,33301de258f8428c1717afb279f5d137843ede39a520c0867ce263ac02778f9e,60,480,820,2484,18,False,
weak_effect_high_heterogeneity,mandatory_failure_region,81,250871081,06be1f12274f4450f0171cc2eac426c88bc2724a3817e4bd1cfa17aaac4cb3f1,60,480,822,2574,18,False,
weak_effect_high_heterogeneity,mandatory_failure_region,82,250871082,2f16cb6f8ff9c0e575da93453f8af5c807dce34847e43c6bf13a66085748c72b,60,480,862,2304,18,False,
weak_effect_high_heterogeneity,mandatory_failure_region,83,250871083,e7693c097df8ccc31001dcb8926432bb535ebc1ed3483a24f7907ddafec86674,60,480,848,2565,18,False,
weak_effect_high_heterogeneity,mandatory_failure_region,84,250871084,159242d0cd81d0fe60c04f4ef934e2874293bda2ff305a50a472dafcb97ae444,60,480,842,2439,18,False,
weak_effect_high_heterogeneity,mandatory_failure_region,85,250871085,88592f47d854523cb84f086bebfef77722cf9bf83cb9d4bafc13c1cb56aff0d1,60,480,880,2592,18,False,
weak_effect_high_heterogeneity,mandatory_failure_region,86,250871086,c20f64fedaad94f91178214b92e5036916565f10e887709110f7a02ec8b6e3be,60,480,911,2520,18,False,
weak_effect_high_heterogeneity,mandatory_failure_region,87,250871087,b9fbb4537dcd3f4818b20a98e0e8be8d14e7be7bcb6c352d594736c3eedbba0d,60,480,877,2538,18,False,
weak_effect_high_heterogeneity,mandatory_failure_region,88,250871088,a392e890323d059650f95179e736b7f62a58d60cf38e02d51026afd4d4bdba7e,60,480,875,2457,18,False,
weak_effect_high_heterogeneity,mandatory_failure_region,89,250871089,3378664a7170dd21326e23e4ce5e5fa1ab38dcf99117852e60b3dbf5897a1148,60,480,885,2538,18,False,
weak_effect_high_heterogeneity,mandatory_failure_region,90,250871090,a3f7d6587fc520b9f6997663236456780b60366487cd1608466b4b0b0c7c9700,60,480,858,2475,18,False,
weak_effect_high_heterogeneity,mandatory_failure_region,91,250871091,1bc6d2cd432b373645a5cbfccb1c9d0263bbb41f188ed299f0961127c10a5cb0,60,480,831,2466,18,False,
weak_effect_high_heterogeneity,mandatory_failure_region,92,250871092,a3995bd99cc149b8d6060d93f0e0a8074bacbb900934ac41ff949f6e8b0c28ec,60,480,843,2511,18,False,
weak_effect_high_heterogeneity,mandatory_failure_region,93,250871093,f352a8233f88553afdbd463a1205da6e9caec8ffb82915df722604f877bc8b65,60,480,879,2448,18,False,
weak_effect_high_heterogeneity,mandatory_failure_region,94,250871094,14742331c3583f2144e49caf9d1880abcf83f3e4746033ab70d76e4ebc0cff57,60,480,814,2520,18,False,
weak_effect_high_heterogeneity,mandatory_failure_region,95,250871095,5aaab64d9e9792ba023bb57cf619829c2206381605228726eeb75f043b6ceceb,60,480,810,2385,18,False,
weak_effect_high_heterogeneity,mandatory_failure_region,96,250871096,95a47c3de2f4298430d69acf0a44e7da1aed61ee5815da41aa1f61761e24e245,60,480,869,2502,18,False,
weak_effect_high_heterogeneity,mandatory_failure_region,97,250871097,ca25bf7348bc56045cc5c597daa8048d95b5b8851c796f81b1a2d42cd75c11c9,60,480,830,2304,18,False,
weak_effect_high_heterogeneity,mandatory_failure_region,98,250871098,a13fa4158a6e4c8d3d137cdb9e8aa022ee86a45b6b326670e26b904f0ee5a5e3,60,480,864,2502,18,False,
weak_effect_high_heterogeneity,mandatory_failure_region,99,250871099,ea212a311fa53ab30ab8da1ea9cfa768a1f61a4f13aac25e1ffab313e35cad9a,60,480,856,2520,18,False,
weak_effect_high_heterogeneity,mandatory_failure_region,100,250871100,d18242db92a16a4e334315c437e4ba6648eb3b2c4e782ae9085391d22e6f5982,60,480,878,2358,18,False,
