scenario_id,scenario_role,method,replicate_count,method_display_name,voting_unit,taxon_key_policy,comparison_policy,scope_policy,precision_defined_replicates,precision_undefined_replicates,precision_mean,precision_standard_deviation,precision_median,precision_p05,precision_p95,false_discovery_proportion_defined_replicates,false_discovery_proportion_undefined_replicates,false_discovery_proportion_mean,false_discovery_proportion_standard_deviation,false_discovery_proportion_median,false_discovery_proportion_p05,false_discovery_proportion_p95,recall_defined_replicates,recall_undefined_replicates,recall_mean,recall_standard_deviation,recall_median,recall_p05,recall_p95,specificity_defined_replicates,specificity_undefined_replicates,specificity_mean,specificity_standard_deviation,specificity_median,specificity_p05,specificity_p95,false_positive_rate_defined_replicates,false_positive_rate_undefined_replicates,false_positive_rate_mean,false_positive_rate_standard_deviation,false_positive_rate_median,false_positive_rate_p05,false_positive_rate_p95,f1_defined_replicates,f1_undefined_replicates,f1_mean,f1_standard_deviation,f1_median,f1_p05,f1_p95,false_recurrent_signal_rate_defined_replicates,false_recurrent_signal_rate_undefined_replicates,false_recurrent_signal_rate_mean,false_recurrent_signal_rate_standard_deviation,false_recurrent_signal_rate_median,false_recurrent_signal_rate_p05,false_recurrent_signal_rate_p95,heterogeneity_preservation_rate_defined_replicates,heterogeneity_preservation_rate_undefined_replicates,heterogeneity_preservation_rate_mean,heterogeneity_preservation_rate_standard_deviation,heterogeneity_preservation_rate_median,heterogeneity_preservation_rate_p05,heterogeneity_preservation_rate_p95,abstention_rate_defined_replicates,abstention_rate_undefined_replicates,abstention_rate_mean,abstention_rate_standard_deviation,abstention_rate_median,abstention_rate_p05,abstention_rate_p95,out_of_truth_selected_pair_count_defined_replicates,out_of_truth_selected_pair_count_undefined_replicates,out_of_truth_selected_pair_count_mean,out_of_truth_selected_pair_count_standard_deviation,out_of_truth_selected_pair_count_median,out_of_truth_selected_pair_count_p05,out_of_truth_selected_pair_count_p95
ambiguous_taxonomy,mandatory_failure_region,vu_family__taxon_resolved_target__comparison_family_state,100,family; resolved target taxon; family-state collapse,family,resolved_target,family_state,primary_comparisons_and_primary_evidence_tiers,100,0,0.50326915,0.08376782,0.5,0.375,0.64705882,100,0,0.49673085,0.08376782,0.5,0.35294118,0.625,100,0,0.82333333,0.09642894,0.83333333,0.66666667,0.91666667,100,0,0.90657408,0.02671605,0.90740741,0.86111111,0.94444444,100,0,0.09342592,0.02671605,0.09259259,0.05555556,0.13888889,100,0,0.62159956,0.08164169,0.61803714,0.49868421,0.75862069,100,0,0.09342592,0.02671605,0.09259259,0.05555556,0.13888889,100,0,0.79444445,0.14420251,0.77777778,0.55555556,1.0,100,0,0.08133333,0.03215772,0.08333333,0.03333333,0.13333333,100,0,0.0,0.0,0.0,0.0,0.0
ambiguous_taxonomy,mandatory_failure_region,vu_family__taxon_resolved_target__comparison_ignore,100,family; resolved target taxon; comparisons ignored,family,resolved_target,ignore,primary_comparisons_and_primary_evidence_tiers,100,0,0.50326915,0.08376782,0.5,0.375,0.64705882,100,0,0.49673085,0.08376782,0.5,0.35294118,0.625,100,0,0.82333333,0.09642894,0.83333333,0.66666667,0.91666667,100,0,0.90657408,0.02671605,0.90740741,0.86111111,0.94444444,100,0,0.09342592,0.02671605,0.09259259,0.05555556,0.13888889,100,0,0.62159956,0.08164169,0.61803714,0.49868421,0.75862069,100,0,0.09342592,0.02671605,0.09259259,0.05555556,0.13888889,100,0,0.79444445,0.14420251,0.77777778,0.55555556,1.0,100,0,0.08133333,0.03215772,0.08333333,0.03333333,0.13333333,100,0,0.0,0.0,0.0,0.0,0.0
ambiguous_taxonomy,mandatory_failure_region,vu_family__taxon_resolved_target__comparison_separate_votes,100,family; resolved target taxon; comparison-specific votes,family,resolved_target,separate_votes,primary_comparisons_and_primary_evidence_tiers,100,0,0.50326915,0.08376782,0.5,0.375,0.64705882,100,0,0.49673085,0.08376782,0.5,0.35294118,0.625,100,0,0.82333333,0.09642894,0.83333333,0.66666667,0.91666667,100,0,0.90657408,0.02671605,0.90740741,0.86111111,0.94444444,100,0,0.09342592,0.02671605,0.09259259,0.05555556,0.13888889,100,0,0.62159956,0.08164169,0.61803714,0.49868421,0.75862069,100,0,0.09342592,0.02671605,0.09259259,0.05555556,0.13888889,100,0,0.79444445,0.14420251,0.77777778,0.55555556,1.0,100,0,0.08133333,0.03215772,0.08333333,0.03333333,0.13333333,100,0,0.0,0.0,0.0,0.0,0.0
ambiguous_taxonomy,mandatory_failure_region,vu_family__taxon_source_label__comparison_family_state,100,family; source label; family-state collapse,family,source_label,family_state,primary_comparisons_and_primary_evidence_tiers,100,0,0.50326915,0.08376782,0.5,0.375,0.64705882,100,0,0.49673085,0.08376782,0.5,0.35294118,0.625,100,0,0.82333333,0.09642894,0.83333333,0.66666667,0.91666667,100,0,0.90657408,0.02671605,0.90740741,0.86111111,0.94444444,100,0,0.09342592,0.02671605,0.09259259,0.05555556,0.13888889,100,0,0.62159956,0.08164169,0.61803714,0.49868421,0.75862069,100,0,0.09342592,0.02671605,0.09259259,0.05555556,0.13888889,100,0,0.79444445,0.14420251,0.77777778,0.55555556,1.0,100,0,0.08133333,0.03215772,0.08333333,0.03333333,0.13333333,100,0,0.0,0.0,0.0,0.0,0.0
ambiguous_taxonomy,mandatory_failure_region,vu_family__taxon_source_label__comparison_ignore,100,family; source label; comparisons ignored,family,source_label,ignore,primary_comparisons_and_primary_evidence_tiers,100,0,0.50326915,0.08376782,0.5,0.375,0.64705882,100,0,0.49673085,0.08376782,0.5,0.35294118,0.625,100,0,0.82333333,0.09642894,0.83333333,0.66666667,0.91666667,100,0,0.90657408,0.02671605,0.90740741,0.86111111,0.94444444,100,0,0.09342592,0.02671605,0.09259259,0.05555556,0.13888889,100,0,0.62159956,0.08164169,0.61803714,0.49868421,0.75862069,100,0,0.09342592,0.02671605,0.09259259,0.05555556,0.13888889,100,0,0.79444445,0.14420251,0.77777778,0.55555556,1.0,100,0,0.08133333,0.03215772,0.08333333,0.03333333,0.13333333,100,0,0.0,0.0,0.0,0.0,0.0
ambiguous_taxonomy,mandatory_failure_region,vu_family__taxon_source_label__comparison_separate_votes,100,family; source label; comparison-specific votes,family,source_label,separate_votes,primary_comparisons_and_primary_evidence_tiers,100,0,0.50326915,0.08376782,0.5,0.375,0.64705882,100,0,0.49673085,0.08376782,0.5,0.35294118,0.625,100,0,0.82333333,0.09642894,0.83333333,0.66666667,0.91666667,100,0,0.90657408,0.02671605,0.90740741,0.86111111,0.94444444,100,0,0.09342592,0.02671605,0.09259259,0.05555556,0.13888889,100,0,0.62159956,0.08164169,0.61803714,0.49868421,0.75862069,100,0,0.09342592,0.02671605,0.09259259,0.05555556,0.13888889,100,0,0.79444445,0.14420251,0.77777778,0.55555556,1.0,100,0,0.08133333,0.03215772,0.08333333,0.03333333,0.13333333,100,0,0.0,0.0,0.0,0.0,0.0
ambiguous_taxonomy,mandatory_failure_region,vu_report__taxon_resolved_target__comparison_family_state,100,report; resolved target taxon; family-state collapse,report,resolved_target,family_state,primary_comparisons_and_primary_evidence_tiers,100,0,0.50326915,0.08376782,0.5,0.375,0.64705882,100,0,0.49673085,0.08376782,0.5,0.35294118,0.625,100,0,0.82333333,0.09642894,0.83333333,0.66666667,0.91666667,100,0,0.90657408,0.02671605,0.90740741,0.86111111,0.94444444,100,0,0.09342592,0.02671605,0.09259259,0.05555556,0.13888889,100,0,0.62159956,0.08164169,0.61803714,0.49868421,0.75862069,100,0,0.09342592,0.02671605,0.09259259,0.05555556,0.13888889,100,0,0.79444445,0.14420251,0.77777778,0.55555556,1.0,100,0,0.08133333,0.03215772,0.08333333,0.03333333,0.13333333,100,0,0.0,0.0,0.0,0.0,0.0
ambiguous_taxonomy,mandatory_failure_region,vu_report__taxon_resolved_target__comparison_ignore,100,report; resolved target taxon; comparisons ignored,report,resolved_target,ignore,primary_comparisons_and_primary_evidence_tiers,100,0,0.47026733,0.08512133,0.45454545,0.34774248,0.625,100,0,0.52973267,0.08512133,0.54545455,0.375,0.65225752,100,0,0.81416667,0.10517942,0.83333333,0.66666667,1.0,100,0,0.89444445,0.0288933,0.89814815,0.84259259,0.93564815,100,0,0.10555555,0.0288933,0.10185185,0.06435185,0.15740741,100,0,0.59265608,0.08402411,0.58823529,0.46131868,0.71523809,100,0,0.10555555,0.0288933,0.10185185,0.06435185,0.15740741,100,0,0.79666667,0.14130226,0.77777778,0.55555556,1.0,100,0,0.079,0.03270622,0.08333333,0.03333333,0.13333333,100,0,0.0,0.0,0.0,0.0,0.0
ambiguous_taxonomy,mandatory_failure_region,vu_report__taxon_resolved_target__comparison_separate_votes,100,report; resolved target taxon; comparison-specific votes,report,resolved_target,separate_votes,primary_comparisons_and_primary_evidence_tiers,100,0,0.47026733,0.08512133,0.45454545,0.34774248,0.625,100,0,0.52973267,0.08512133,0.54545455,0.375,0.65225752,100,0,0.81416667,0.10517942,0.83333333,0.66666667,1.0,100,0,0.89444445,0.0288933,0.89814815,0.84259259,0.93564815,100,0,0.10555555,0.0288933,0.10185185,0.06435185,0.15740741,100,0,0.59265608,0.08402411,0.58823529,0.46131868,0.71523809,100,0,0.10555555,0.0288933,0.10185185,0.06435185,0.15740741,100,0,0.79666667,0.14130226,0.77777778,0.55555556,1.0,100,0,0.079,0.03270622,0.08333333,0.03333333,0.13333333,100,0,0.0,0.0,0.0,0.0,0.0
ambiguous_taxonomy,mandatory_failure_region,vu_report__taxon_source_label__comparison_family_state,100,report; source label; family-state collapse,report,source_label,family_state,primary_comparisons_and_primary_evidence_tiers,100,0,0.50326915,0.08376782,0.5,0.375,0.64705882,100,0,0.49673085,0.08376782,0.5,0.35294118,0.625,100,0,0.82333333,0.09642894,0.83333333,0.66666667,0.91666667,100,0,0.90657408,0.02671605,0.90740741,0.86111111,0.94444444,100,0,0.09342592,0.02671605,0.09259259,0.05555556,0.13888889,100,0,0.62159956,0.08164169,0.61803714,0.49868421,0.75862069,100,0,0.09342592,0.02671605,0.09259259,0.05555556,0.13888889,100,0,0.79444445,0.14420251,0.77777778,0.55555556,1.0,100,0,0.08133333,0.03215772,0.08333333,0.03333333,0.13333333,100,0,0.0,0.0,0.0,0.0,0.0
ambiguous_taxonomy,mandatory_failure_region,vu_report__taxon_source_label__comparison_ignore,100,report; source label; comparisons ignored,report,source_label,ignore,primary_comparisons_and_primary_evidence_tiers,100,0,0.47026733,0.08512133,0.45454545,0.34774248,0.625,100,0,0.52973267,0.08512133,0.54545455,0.375,0.65225752,100,0,0.81416667,0.10517942,0.83333333,0.66666667,1.0,100,0,0.89444445,0.0288933,0.89814815,0.84259259,0.93564815,100,0,0.10555555,0.0288933,0.10185185,0.06435185,0.15740741,100,0,0.59265608,0.08402411,0.58823529,0.46131868,0.71523809,100,0,0.10555555,0.0288933,0.10185185,0.06435185,0.15740741,100,0,0.79666667,0.14130226,0.77777778,0.55555556,1.0,100,0,0.079,0.03270622,0.08333333,0.03333333,0.13333333,100,0,0.0,0.0,0.0,0.0,0.0
ambiguous_taxonomy,mandatory_failure_region,vu_report__taxon_source_label__comparison_separate_votes,100,report; source label; comparison-specific votes,report,source_label,separate_votes,primary_comparisons_and_primary_evidence_tiers,100,0,0.47026733,0.08512133,0.45454545,0.34774248,0.625,100,0,0.52973267,0.08512133,0.54545455,0.375,0.65225752,100,0,0.81416667,0.10517942,0.83333333,0.66666667,1.0,100,0,0.89444445,0.0288933,0.89814815,0.84259259,0.93564815,100,0,0.10555555,0.0288933,0.10185185,0.06435185,0.15740741,100,0,0.59265608,0.08402411,0.58823529,0.46131868,0.71523809,100,0,0.10555555,0.0288933,0.10185185,0.06435185,0.15740741,100,0,0.79666667,0.14130226,0.77777778,0.55555556,1.0,100,0,0.079,0.03270622,0.08333333,0.03333333,0.13333333,100,0,0.0,0.0,0.0,0.0,0.0
ambiguous_taxonomy,mandatory_failure_region,vu_row__taxon_resolved_target__comparison_family_state,100,row; resolved target taxon; family-state collapse,row,resolved_target,family_state,primary_comparisons_and_primary_evidence_tiers,100,0,0.50326915,0.08376782,0.5,0.375,0.64705882,100,0,0.49673085,0.08376782,0.5,0.35294118,0.625,100,0,0.82333333,0.09642894,0.83333333,0.66666667,0.91666667,100,0,0.90657408,0.02671605,0.90740741,0.86111111,0.94444444,100,0,0.09342592,0.02671605,0.09259259,0.05555556,0.13888889,100,0,0.62159956,0.08164169,0.61803714,0.49868421,0.75862069,100,0,0.09342592,0.02671605,0.09259259,0.05555556,0.13888889,100,0,0.79444445,0.14420251,0.77777778,0.55555556,1.0,100,0,0.08133333,0.03215772,0.08333333,0.03333333,0.13333333,100,0,0.0,0.0,0.0,0.0,0.0
ambiguous_taxonomy,mandatory_failure_region,vu_row__taxon_resolved_target__comparison_ignore,100,row; resolved target taxon; comparisons ignored,row,resolved_target,ignore,primary_comparisons_and_primary_evidence_tiers,100,0,0.41866692,0.0725277,0.40370371,0.32135714,0.52666667,100,0,0.58133308,0.0725277,0.59629629,0.47333333,0.67864286,100,0,0.83083333,0.10151421,0.83333333,0.66666667,1.0,100,0,0.86777778,0.03223875,0.87037037,0.81481481,0.91712963,100,0,0.13222222,0.03223875,0.12962963,0.08287037,0.18518519,100,0,0.55359102,0.07478594,0.55,0.44444444,0.66761905,100,0,0.13222222,0.03223875,0.12962963,0.08287037,0.18518519,100,0,0.78111111,0.13718256,0.77777778,0.55555556,1.0,100,0,0.079,0.03270622,0.08333333,0.03333333,0.13333333,100,0,0.0,0.0,0.0,0.0,0.0
ambiguous_taxonomy,mandatory_failure_region,vu_row__taxon_resolved_target__comparison_separate_votes,100,row; resolved target taxon; comparison-specific votes,row,resolved_target,separate_votes,primary_comparisons_and_primary_evidence_tiers,100,0,0.41866692,0.0725277,0.40370371,0.32135714,0.52666667,100,0,0.58133308,0.0725277,0.59629629,0.47333333,0.67864286,100,0,0.83083333,0.10151421,0.83333333,0.66666667,1.0,100,0,0.86777778,0.03223875,0.87037037,0.81481481,0.91712963,100,0,0.13222222,0.03223875,0.12962963,0.08287037,0.18518519,100,0,0.55359102,0.07478594,0.55,0.44444444,0.66761905,100,0,0.13222222,0.03223875,0.12962963,0.08287037,0.18518519,100,0,0.78111111,0.13718256,0.77777778,0.55555556,1.0,100,0,0.079,0.03270622,0.08333333,0.03333333,0.13333333,100,0,0.0,0.0,0.0,0.0,0.0
ambiguous_taxonomy,mandatory_failure_region,vu_row__taxon_source_label__comparison_family_state,100,row; source label; family-state collapse,row,source_label,family_state,primary_comparisons_and_primary_evidence_tiers,100,0,0.50326915,0.08376782,0.5,0.375,0.64705882,100,0,0.49673085,0.08376782,0.5,0.35294118,0.625,100,0,0.82333333,0.09642894,0.83333333,0.66666667,0.91666667,100,0,0.90657408,0.02671605,0.90740741,0.86111111,0.94444444,100,0,0.09342592,0.02671605,0.09259259,0.05555556,0.13888889,100,0,0.62159956,0.08164169,0.61803714,0.49868421,0.75862069,100,0,0.09342592,0.02671605,0.09259259,0.05555556,0.13888889,100,0,0.79444445,0.14420251,0.77777778,0.55555556,1.0,100,0,0.08133333,0.03215772,0.08333333,0.03333333,0.13333333,100,0,0.0,0.0,0.0,0.0,0.0
ambiguous_taxonomy,mandatory_failure_region,vu_row__taxon_source_label__comparison_ignore,100,row; source label; comparisons ignored,row,source_label,ignore,primary_comparisons_and_primary_evidence_tiers,100,0,0.47026733,0.08512133,0.45454545,0.34774248,0.625,100,0,0.52973267,0.08512133,0.54545455,0.375,0.65225752,100,0,0.81416667,0.10517942,0.83333333,0.66666667,1.0,100,0,0.89444445,0.0288933,0.89814815,0.84259259,0.93564815,100,0,0.10555555,0.0288933,0.10185185,0.06435185,0.15740741,100,0,0.59265608,0.08402411,0.58823529,0.46131868,0.71523809,100,0,0.10555555,0.0288933,0.10185185,0.06435185,0.15740741,100,0,0.79666667,0.14130226,0.77777778,0.55555556,1.0,100,0,0.079,0.03270622,0.08333333,0.03333333,0.13333333,100,0,0.0,0.0,0.0,0.0,0.0
ambiguous_taxonomy,mandatory_failure_region,vu_row__taxon_source_label__comparison_separate_votes,100,row; source label; comparison-specific votes,row,source_label,separate_votes,primary_comparisons_and_primary_evidence_tiers,100,0,0.47026733,0.08512133,0.45454545,0.34774248,0.625,100,0,0.52973267,0.08512133,0.54545455,0.375,0.65225752,100,0,0.81416667,0.10517942,0.83333333,0.66666667,1.0,100,0,0.89444445,0.0288933,0.89814815,0.84259259,0.93564815,100,0,0.10555555,0.0288933,0.10185185,0.06435185,0.15740741,100,0,0.59265608,0.08402411,0.58823529,0.46131868,0.71523809,100,0,0.10555555,0.0288933,0.10185185,0.06435185,0.15740741,100,0,0.79666667,0.14130226,0.77777778,0.55555556,1.0,100,0,0.079,0.03270622,0.08333333,0.03333333,0.13333333,100,0,0.0,0.0,0.0,0.0,0.0
case_control_imbalance,sampling_stress,vu_family__taxon_resolved_target__comparison_family_state,100,family; resolved target taxon; family-state collapse,family,resolved_target,family_state,primary_comparisons_and_primary_evidence_tiers,100,0,0.62499759,0.08185924,0.62828947,0.5,0.77005495,100,0,0.37500241,0.08185924,0.37171053,0.22994505,0.5,100,0,0.875,0.08981525,0.91666667,0.75,1.0,100,0,0.93953704,0.01949604,0.94444444,0.90740741,0.97222222,100,0,0.06046296,0.01949604,0.05555556,0.02777778,0.09259259,100,0,0.72525007,0.06839296,0.73333333,0.6,0.83333333,100,0,0.06046296,0.01949604,0.05555556,0.02777778,0.09259259,100,0,0.97333333,0.0526632,1.0,0.88888889,1.0,100,0,0.00383333,0.0074366,0.0,0.0,0.01666667,100,0,0.0,0.0,0.0,0.0,0.0
case_control_imbalance,sampling_stress,vu_family__taxon_resolved_target__comparison_ignore,100,family; resolved target taxon; comparisons ignored,family,resolved_target,ignore,primary_comparisons_and_primary_evidence_tiers,100,0,0.62499759,0.08185924,0.62828947,0.5,0.77005495,100,0,0.37500241,0.08185924,0.37171053,0.22994505,0.5,100,0,0.875,0.08981525,0.91666667,0.75,1.0,100,0,0.93953704,0.01949604,0.94444444,0.90740741,0.97222222,100,0,0.06046296,0.01949604,0.05555556,0.02777778,0.09259259,100,0,0.72525007,0.06839296,0.73333333,0.6,0.83333333,100,0,0.06046296,0.01949604,0.05555556,0.02777778,0.09259259,100,0,0.97333333,0.0526632,1.0,0.88888889,1.0,100,0,0.00383333,0.0074366,0.0,0.0,0.01666667,100,0,0.0,0.0,0.0,0.0,0.0
case_control_imbalance,sampling_stress,vu_family__taxon_resolved_target__comparison_separate_votes,100,family; resolved target taxon; comparison-specific votes,family,resolved_target,separate_votes,primary_comparisons_and_primary_evidence_tiers,100,0,0.62499759,0.08185924,0.62828947,0.5,0.77005495,100,0,0.37500241,0.08185924,0.37171053,0.22994505,0.5,100,0,0.875,0.08981525,0.91666667,0.75,1.0,100,0,0.93953704,0.01949604,0.94444444,0.90740741,0.97222222,100,0,0.06046296,0.01949604,0.05555556,0.02777778,0.09259259,100,0,0.72525007,0.06839296,0.73333333,0.6,0.83333333,100,0,0.06046296,0.01949604,0.05555556,0.02777778,0.09259259,100,0,0.97333333,0.0526632,1.0,0.88888889,1.0,100,0,0.00383333,0.0074366,0.0,0.0,0.01666667,100,0,0.0,0.0,0.0,0.0,0.0
case_control_imbalance,sampling_stress,vu_family__taxon_source_label__comparison_family_state,100,family; source label; family-state collapse,family,source_label,family_state,primary_comparisons_and_primary_evidence_tiers,100,0,0.62499759,0.08185924,0.62828947,0.5,0.77005495,100,0,0.37500241,0.08185924,0.37171053,0.22994505,0.5,100,0,0.875,0.08981525,0.91666667,0.75,1.0,100,0,0.93953704,0.01949604,0.94444444,0.90740741,0.97222222,100,0,0.06046296,0.01949604,0.05555556,0.02777778,0.09259259,100,0,0.72525007,0.06839296,0.73333333,0.6,0.83333333,100,0,0.06046296,0.01949604,0.05555556,0.02777778,0.09259259,100,0,0.97333333,0.0526632,1.0,0.88888889,1.0,100,0,0.00383333,0.0074366,0.0,0.0,0.01666667,100,0,0.0,0.0,0.0,0.0,0.0
case_control_imbalance,sampling_stress,vu_family__taxon_source_label__comparison_ignore,100,family; source label; comparisons ignored,family,source_label,ignore,primary_comparisons_and_primary_evidence_tiers,100,0,0.62499759,0.08185924,0.62828947,0.5,0.77005495,100,0,0.37500241,0.08185924,0.37171053,0.22994505,0.5,100,0,0.875,0.08981525,0.91666667,0.75,1.0,100,0,0.93953704,0.01949604,0.94444444,0.90740741,0.97222222,100,0,0.06046296,0.01949604,0.05555556,0.02777778,0.09259259,100,0,0.72525007,0.06839296,0.73333333,0.6,0.83333333,100,0,0.06046296,0.01949604,0.05555556,0.02777778,0.09259259,100,0,0.97333333,0.0526632,1.0,0.88888889,1.0,100,0,0.00383333,0.0074366,0.0,0.0,0.01666667,100,0,0.0,0.0,0.0,0.0,0.0
case_control_imbalance,sampling_stress,vu_family__taxon_source_label__comparison_separate_votes,100,family; source label; comparison-specific votes,family,source_label,separate_votes,primary_comparisons_and_primary_evidence_tiers,100,0,0.62499759,0.08185924,0.62828947,0.5,0.77005495,100,0,0.37500241,0.08185924,0.37171053,0.22994505,0.5,100,0,0.875,0.08981525,0.91666667,0.75,1.0,100,0,0.93953704,0.01949604,0.94444444,0.90740741,0.97222222,100,0,0.06046296,0.01949604,0.05555556,0.02777778,0.09259259,100,0,0.72525007,0.06839296,0.73333333,0.6,0.83333333,100,0,0.06046296,0.01949604,0.05555556,0.02777778,0.09259259,100,0,0.97333333,0.0526632,1.0,0.88888889,1.0,100,0,0.00383333,0.0074366,0.0,0.0,0.01666667,100,0,0.0,0.0,0.0,0.0,0.0
case_control_imbalance,sampling_stress,vu_report__taxon_resolved_target__comparison_family_state,100,report; resolved target taxon; family-state collapse,report,resolved_target,family_state,primary_comparisons_and_primary_evidence_tiers,100,0,0.62499759,0.08185924,0.62828947,0.5,0.77005495,100,0,0.37500241,0.08185924,0.37171053,0.22994505,0.5,100,0,0.875,0.08981525,0.91666667,0.75,1.0,100,0,0.93953704,0.01949604,0.94444444,0.90740741,0.97222222,100,0,0.06046296,0.01949604,0.05555556,0.02777778,0.09259259,100,0,0.72525007,0.06839296,0.73333333,0.6,0.83333333,100,0,0.06046296,0.01949604,0.05555556,0.02777778,0.09259259,100,0,0.97333333,0.0526632,1.0,0.88888889,1.0,100,0,0.00383333,0.0074366,0.0,0.0,0.01666667,100,0,0.0,0.0,0.0,0.0,0.0
case_control_imbalance,sampling_stress,vu_report__taxon_resolved_target__comparison_ignore,100,report; resolved target taxon; comparisons ignored,report,resolved_target,ignore,primary_comparisons_and_primary_evidence_tiers,100,0,0.57906044,0.10122631,0.5625,0.46118881,0.76965812,100,0,0.42093956,0.10122631,0.4375,0.23034188,0.53881119,100,0,0.69333333,0.12072081,0.66666667,0.5,0.91666667,100,0,0.94157407,0.02133042,0.94444444,0.90740741,0.97268518,100,0,0.05842593,0.02133042,0.05555556,0.02731482,0.09259259,100,0,0.62505992,0.09026765,0.61803714,0.499,0.78642858,100,0,0.05842593,0.02133042,0.05555556,0.02731482,0.09259259,100,0,0.98,0.04571691,1.0,0.88888889,1.0,100,0,0.00316667,0.00698523,0.0,0.0,0.01666667,100,0,0.0,0.0,0.0,0.0,0.0
case_control_imbalance,sampling_stress,vu_report__taxon_resolved_target__comparison_separate_votes,100,report; resolved target taxon; comparison-specific votes,report,resolved_target,separate_votes,primary_comparisons_and_primary_evidence_tiers,100,0,0.57906044,0.10122631,0.5625,0.46118881,0.76965812,100,0,0.42093956,0.10122631,0.4375,0.23034188,0.53881119,100,0,0.69333333,0.12072081,0.66666667,0.5,0.91666667,100,0,0.94157407,0.02133042,0.94444444,0.90740741,0.97268518,100,0,0.05842593,0.02133042,0.05555556,0.02731482,0.09259259,100,0,0.62505992,0.09026765,0.61803714,0.499,0.78642858,100,0,0.05842593,0.02133042,0.05555556,0.02731482,0.09259259,100,0,0.98,0.04571691,1.0,0.88888889,1.0,100,0,0.00316667,0.00698523,0.0,0.0,0.01666667,100,0,0.0,0.0,0.0,0.0,0.0
case_control_imbalance,sampling_stress,vu_report__taxon_source_label__comparison_family_state,100,report; source label; family-state collapse,report,source_label,family_state,primary_comparisons_and_primary_evidence_tiers,100,0,0.62499759,0.08185924,0.62828947,0.5,0.77005495,100,0,0.37500241,0.08185924,0.37171053,0.22994505,0.5,100,0,0.875,0.08981525,0.91666667,0.75,1.0,100,0,0.93953704,0.01949604,0.94444444,0.90740741,0.97222222,100,0,0.06046296,0.01949604,0.05555556,0.02777778,0.09259259,100,0,0.72525007,0.06839296,0.73333333,0.6,0.83333333,100,0,0.06046296,0.01949604,0.05555556,0.02777778,0.09259259,100,0,0.97333333,0.0526632,1.0,0.88888889,1.0,100,0,0.00383333,0.0074366,0.0,0.0,0.01666667,100,0,0.0,0.0,0.0,0.0,0.0
case_control_imbalance,sampling_stress,vu_report__taxon_source_label__comparison_ignore,100,report; source label; comparisons ignored,report,source_label,ignore,primary_comparisons_and_primary_evidence_tiers,100,0,0.57906044,0.10122631,0.5625,0.46118881,0.76965812,100,0,0.42093956,0.10122631,0.4375,0.23034188,0.53881119,100,0,0.69333333,0.12072081,0.66666667,0.5,0.91666667,100,0,0.94157407,0.02133042,0.94444444,0.90740741,0.97268518,100,0,0.05842593,0.02133042,0.05555556,0.02731482,0.09259259,100,0,0.62505992,0.09026765,0.61803714,0.499,0.78642858,100,0,0.05842593,0.02133042,0.05555556,0.02731482,0.09259259,100,0,0.98,0.04571691,1.0,0.88888889,1.0,100,0,0.00316667,0.00698523,0.0,0.0,0.01666667,100,0,0.0,0.0,0.0,0.0,0.0
case_control_imbalance,sampling_stress,vu_report__taxon_source_label__comparison_separate_votes,100,report; source label; comparison-specific votes,report,source_label,separate_votes,primary_comparisons_and_primary_evidence_tiers,100,0,0.57906044,0.10122631,0.5625,0.46118881,0.76965812,100,0,0.42093956,0.10122631,0.4375,0.23034188,0.53881119,100,0,0.69333333,0.12072081,0.66666667,0.5,0.91666667,100,0,0.94157407,0.02133042,0.94444444,0.90740741,0.97268518,100,0,0.05842593,0.02133042,0.05555556,0.02731482,0.09259259,100,0,0.62505992,0.09026765,0.61803714,0.499,0.78642858,100,0,0.05842593,0.02133042,0.05555556,0.02731482,0.09259259,100,0,0.98,0.04571691,1.0,0.88888889,1.0,100,0,0.00316667,0.00698523,0.0,0.0,0.01666667,100,0,0.0,0.0,0.0,0.0,0.0
case_control_imbalance,sampling_stress,vu_row__taxon_resolved_target__comparison_family_state,100,row; resolved target taxon; family-state collapse,row,resolved_target,family_state,primary_comparisons_and_primary_evidence_tiers,100,0,0.62499759,0.08185924,0.62828947,0.5,0.77005495,100,0,0.37500241,0.08185924,0.37171053,0.22994505,0.5,100,0,0.875,0.08981525,0.91666667,0.75,1.0,100,0,0.93953704,0.01949604,0.94444444,0.90740741,0.97222222,100,0,0.06046296,0.01949604,0.05555556,0.02777778,0.09259259,100,0,0.72525007,0.06839296,0.73333333,0.6,0.83333333,100,0,0.06046296,0.01949604,0.05555556,0.02777778,0.09259259,100,0,0.97333333,0.0526632,1.0,0.88888889,1.0,100,0,0.00383333,0.0074366,0.0,0.0,0.01666667,100,0,0.0,0.0,0.0,0.0,0.0
case_control_imbalance,sampling_stress,vu_row__taxon_resolved_target__comparison_ignore,100,row; resolved target taxon; comparisons ignored,row,resolved_target,ignore,primary_comparisons_and_primary_evidence_tiers,100,0,0.57161994,0.09751565,0.55902778,0.46118881,0.75096154,100,0,0.42838006,0.09751565,0.44097222,0.24903846,0.53881119,100,0,0.69333333,0.12072081,0.66666667,0.5,0.91666667,100,0,0.94009259,0.02091056,0.94444444,0.90740741,0.97222222,100,0,0.05990741,0.02091056,0.05555556,0.02777778,0.09259259,100,0,0.62119011,0.09021303,0.61204013,0.48,0.78642858,100,0,0.05990741,0.02091056,0.05555556,0.02777778,0.09259259,100,0,0.98,0.04571691,1.0,0.88888889,1.0,100,0,0.00316667,0.00698523,0.0,0.0,0.01666667,100,0,0.0,0.0,0.0,0.0,0.0
case_control_imbalance,sampling_stress,vu_row__taxon_resolved_target__comparison_separate_votes,100,row; resolved target taxon; comparison-specific votes,row,resolved_target,separate_votes,primary_comparisons_and_primary_evidence_tiers,100,0,0.57161994,0.09751565,0.55902778,0.46118881,0.75096154,100,0,0.42838006,0.09751565,0.44097222,0.24903846,0.53881119,100,0,0.69333333,0.12072081,0.66666667,0.5,0.91666667,100,0,0.94009259,0.02091056,0.94444444,0.90740741,0.97222222,100,0,0.05990741,0.02091056,0.05555556,0.02777778,0.09259259,100,0,0.62119011,0.09021303,0.61204013,0.48,0.78642858,100,0,0.05990741,0.02091056,0.05555556,0.02777778,0.09259259,100,0,0.98,0.04571691,1.0,0.88888889,1.0,100,0,0.00316667,0.00698523,0.0,0.0,0.01666667,100,0,0.0,0.0,0.0,0.0,0.0
case_control_imbalance,sampling_stress,vu_row__taxon_source_label__comparison_family_state,100,row; source label; family-state collapse,row,source_label,family_state,primary_comparisons_and_primary_evidence_tiers,100,0,0.62499759,0.08185924,0.62828947,0.5,0.77005495,100,0,0.37500241,0.08185924,0.37171053,0.22994505,0.5,100,0,0.875,0.08981525,0.91666667,0.75,1.0,100,0,0.93953704,0.01949604,0.94444444,0.90740741,0.97222222,100,0,0.06046296,0.01949604,0.05555556,0.02777778,0.09259259,100,0,0.72525007,0.06839296,0.73333333,0.6,0.83333333,100,0,0.06046296,0.01949604,0.05555556,0.02777778,0.09259259,100,0,0.97333333,0.0526632,1.0,0.88888889,1.0,100,0,0.00383333,0.0074366,0.0,0.0,0.01666667,100,0,0.0,0.0,0.0,0.0,0.0
case_control_imbalance,sampling_stress,vu_row__taxon_source_label__comparison_ignore,100,row; source label; comparisons ignored,row,source_label,ignore,primary_comparisons_and_primary_evidence_tiers,100,0,0.57906044,0.10122631,0.5625,0.46118881,0.76965812,100,0,0.42093956,0.10122631,0.4375,0.23034188,0.53881119,100,0,0.69333333,0.12072081,0.66666667,0.5,0.91666667,100,0,0.94157407,0.02133042,0.94444444,0.90740741,0.97268518,100,0,0.05842593,0.02133042,0.05555556,0.02731482,0.09259259,100,0,0.62505992,0.09026765,0.61803714,0.499,0.78642858,100,0,0.05842593,0.02133042,0.05555556,0.02731482,0.09259259,100,0,0.98,0.04571691,1.0,0.88888889,1.0,100,0,0.00316667,0.00698523,0.0,0.0,0.01666667,100,0,0.0,0.0,0.0,0.0,0.0
case_control_imbalance,sampling_stress,vu_row__taxon_source_label__comparison_separate_votes,100,row; source label; comparison-specific votes,row,source_label,separate_votes,primary_comparisons_and_primary_evidence_tiers,100,0,0.57906044,0.10122631,0.5625,0.46118881,0.76965812,100,0,0.42093956,0.10122631,0.4375,0.23034188,0.53881119,100,0,0.69333333,0.12072081,0.66666667,0.5,0.91666667,100,0,0.94157407,0.02133042,0.94444444,0.90740741,0.97268518,100,0,0.05842593,0.02133042,0.05555556,0.02731482,0.09259259,100,0,0.62505992,0.09026765,0.61803714,0.499,0.78642858,100,0,0.05842593,0.02133042,0.05555556,0.02731482,0.09259259,100,0,0.98,0.04571691,1.0,0.88888889,1.0,100,0,0.00316667,0.00698523,0.0,0.0,0.01666667,100,0,0.0,0.0,0.0,0.0,0.0
combined_stress,mandatory_failure_region,vu_family__taxon_resolved_target__comparison_family_state,100,family; resolved target taxon; family-state collapse,family,resolved_target,family_state,primary_comparisons_and_primary_evidence_tiers,100,0,0.26888252,0.09949695,0.25657895,0.125,0.42901786,100,0,0.73111748,0.09949695,0.74342105,0.57098214,0.875,100,0,0.29166667,0.12618685,0.25,0.16666667,0.5,100,0,0.91018519,0.02610634,0.90740741,0.87037037,0.9537037,100,0,0.08981481,0.02610634,0.09259259,0.0462963,0.12962963,100,0,0.27364073,0.09924523,0.27272727,0.14285714,0.45175953,100,0,0.08981481,0.02610634,0.09259259,0.0462963,0.12962963,100,0,0.79444445,0.14333512,0.77777778,0.55555556,1.0,100,0,0.15316667,0.05982086,0.15,0.06666667,0.26666667,100,0,0.0,0.0,0.0,0.0,0.0
combined_stress,mandatory_failure_region,vu_family__taxon_resolved_target__comparison_ignore,100,family; resolved target taxon; comparisons ignored,family,resolved_target,ignore,primary_comparisons_and_primary_evidence_tiers,100,0,0.26888252,0.09949695,0.25657895,0.125,0.42901786,100,0,0.73111748,0.09949695,0.74342105,0.57098214,0.875,100,0,0.29166667,0.12618685,0.25,0.16666667,0.5,100,0,0.91018519,0.02610634,0.90740741,0.87037037,0.9537037,100,0,0.08981481,0.02610634,0.09259259,0.0462963,0.12962963,100,0,0.27364073,0.09924523,0.27272727,0.14285714,0.45175953,100,0,0.08981481,0.02610634,0.09259259,0.0462963,0.12962963,100,0,0.79444445,0.14333512,0.77777778,0.55555556,1.0,100,0,0.15316667,0.05982086,0.15,0.06666667,0.26666667,100,0,0.0,0.0,0.0,0.0,0.0
combined_stress,mandatory_failure_region,vu_family__taxon_resolved_target__comparison_separate_votes,100,family; resolved target taxon; comparison-specific votes,family,resolved_target,separate_votes,primary_comparisons_and_primary_evidence_tiers,100,0,0.26888252,0.09949695,0.25657895,0.125,0.42901786,100,0,0.73111748,0.09949695,0.74342105,0.57098214,0.875,100,0,0.29166667,0.12618685,0.25,0.16666667,0.5,100,0,0.91018519,0.02610634,0.90740741,0.87037037,0.9537037,100,0,0.08981481,0.02610634,0.09259259,0.0462963,0.12962963,100,0,0.27364073,0.09924523,0.27272727,0.14285714,0.45175953,100,0,0.08981481,0.02610634,0.09259259,0.0462963,0.12962963,100,0,0.79444445,0.14333512,0.77777778,0.55555556,1.0,100,0,0.15316667,0.05982086,0.15,0.06666667,0.26666667,100,0,0.0,0.0,0.0,0.0,0.0
combined_stress,mandatory_failure_region,vu_family__taxon_source_label__comparison_family_state,100,family; source label; family-state collapse,family,source_label,family_state,primary_comparisons_and_primary_evidence_tiers,100,0,0.26888252,0.09949695,0.25657895,0.125,0.42901786,100,0,0.73111748,0.09949695,0.74342105,0.57098214,0.875,100,0,0.29166667,0.12618685,0.25,0.16666667,0.5,100,0,0.91018519,0.02610634,0.90740741,0.87037037,0.9537037,100,0,0.08981481,0.02610634,0.09259259,0.0462963,0.12962963,100,0,0.27364073,0.09924523,0.27272727,0.14285714,0.45175953,100,0,0.08981481,0.02610634,0.09259259,0.0462963,0.12962963,100,0,0.79444445,0.14333512,0.77777778,0.55555556,1.0,100,0,0.15316667,0.05982086,0.15,0.06666667,0.26666667,100,0,0.0,0.0,0.0,0.0,0.0
combined_stress,mandatory_failure_region,vu_family__taxon_source_label__comparison_ignore,100,family; source label; comparisons ignored,family,source_label,ignore,primary_comparisons_and_primary_evidence_tiers,100,0,0.26888252,0.09949695,0.25657895,0.125,0.42901786,100,0,0.73111748,0.09949695,0.74342105,0.57098214,0.875,100,0,0.29166667,0.12618685,0.25,0.16666667,0.5,100,0,0.91018519,0.02610634,0.90740741,0.87037037,0.9537037,100,0,0.08981481,0.02610634,0.09259259,0.0462963,0.12962963,100,0,0.27364073,0.09924523,0.27272727,0.14285714,0.45175953,100,0,0.08981481,0.02610634,0.09259259,0.0462963,0.12962963,100,0,0.79444445,0.14333512,0.77777778,0.55555556,1.0,100,0,0.15316667,0.05982086,0.15,0.06666667,0.26666667,100,0,0.0,0.0,0.0,0.0,0.0
combined_stress,mandatory_failure_region,vu_family__taxon_source_label__comparison_separate_votes,100,family; source label; comparison-specific votes,family,source_label,separate_votes,primary_comparisons_and_primary_evidence_tiers,100,0,0.26888252,0.09949695,0.25657895,0.125,0.42901786,100,0,0.73111748,0.09949695,0.74342105,0.57098214,0.875,100,0,0.29166667,0.12618685,0.25,0.16666667,0.5,100,0,0.91018519,0.02610634,0.90740741,0.87037037,0.9537037,100,0,0.08981481,0.02610634,0.09259259,0.0462963,0.12962963,100,0,0.27364073,0.09924523,0.27272727,0.14285714,0.45175953,100,0,0.08981481,0.02610634,0.09259259,0.0462963,0.12962963,100,0,0.79444445,0.14333512,0.77777778,0.55555556,1.0,100,0,0.15316667,0.05982086,0.15,0.06666667,0.26666667,100,0,0.0,0.0,0.0,0.0,0.0
combined_stress,mandatory_failure_region,vu_report__taxon_resolved_target__comparison_family_state,100,report; resolved target taxon; family-state collapse,report,resolved_target,family_state,primary_comparisons_and_primary_evidence_tiers,100,0,0.26888252,0.09949695,0.25657895,0.125,0.42901786,100,0,0.73111748,0.09949695,0.74342105,0.57098214,0.875,100,0,0.29166667,0.12618685,0.25,0.16666667,0.5,100,0,0.91018519,0.02610634,0.90740741,0.87037037,0.9537037,100,0,0.08981481,0.02610634,0.09259259,0.0462963,0.12962963,100,0,0.27364073,0.09924523,0.27272727,0.14285714,0.45175953,100,0,0.08981481,0.02610634,0.09259259,0.0462963,0.12962963,100,0,0.79444445,0.14333512,0.77777778,0.55555556,1.0,100,0,0.15316667,0.05982086,0.15,0.06666667,0.26666667,100,0,0.0,0.0,0.0,0.0,0.0
combined_stress,mandatory_failure_region,vu_report__taxon_resolved_target__comparison_ignore,100,report; resolved target taxon; comparisons ignored,report,resolved_target,ignore,primary_comparisons_and_primary_evidence_tiers,100,0,0.25766145,0.09449769,0.25,0.13291666,0.41666667,100,0,0.74233855,0.09449769,0.75,0.58333333,0.86708334,100,0,0.28916667,0.11930342,0.25,0.16666667,0.5,100,0,0.90509259,0.02678986,0.90740741,0.86111111,0.94444444,100,0,0.09490741,0.02678986,0.09259259,0.05555556,0.13888889,100,0,0.26717026,0.0942419,0.27272727,0.1478836,0.41726191,100,0,0.09490741,0.02678986,0.09259259,0.05555556,0.13888889,100,0,0.77888889,0.14430624,0.77777778,0.55555556,1.0,100,0,0.144,0.06,0.13333333,0.05,0.26666667,100,0,0.0,0.0,0.0,0.0,0.0
combined_stress,mandatory_failure_region,vu_report__taxon_resolved_target__comparison_separate_votes,100,report; resolved target taxon; comparison-specific votes,report,resolved_target,separate_votes,primary_comparisons_and_primary_evidence_tiers,100,0,0.25766145,0.09449769,0.25,0.13291666,0.41666667,100,0,0.74233855,0.09449769,0.75,0.58333333,0.86708334,100,0,0.28916667,0.11930342,0.25,0.16666667,0.5,100,0,0.90509259,0.02678986,0.90740741,0.86111111,0.94444444,100,0,0.09490741,0.02678986,0.09259259,0.05555556,0.13888889,100,0,0.26717026,0.0942419,0.27272727,0.1478836,0.41726191,100,0,0.09490741,0.02678986,0.09259259,0.05555556,0.13888889,100,0,0.77888889,0.14430624,0.77777778,0.55555556,1.0,100,0,0.144,0.06,0.13333333,0.05,0.26666667,100,0,0.0,0.0,0.0,0.0,0.0
combined_stress,mandatory_failure_region,vu_report__taxon_source_label__comparison_family_state,100,report; source label; family-state collapse,report,source_label,family_state,primary_comparisons_and_primary_evidence_tiers,100,0,0.26888252,0.09949695,0.25657895,0.125,0.42901786,100,0,0.73111748,0.09949695,0.74342105,0.57098214,0.875,100,0,0.29166667,0.12618685,0.25,0.16666667,0.5,100,0,0.91018519,0.02610634,0.90740741,0.87037037,0.9537037,100,0,0.08981481,0.02610634,0.09259259,0.0462963,0.12962963,100,0,0.27364073,0.09924523,0.27272727,0.14285714,0.45175953,100,0,0.08981481,0.02610634,0.09259259,0.0462963,0.12962963,100,0,0.79444445,0.14333512,0.77777778,0.55555556,1.0,100,0,0.15316667,0.05982086,0.15,0.06666667,0.26666667,100,0,0.0,0.0,0.0,0.0,0.0
combined_stress,mandatory_failure_region,vu_report__taxon_source_label__comparison_ignore,100,report; source label; comparisons ignored,report,source_label,ignore,primary_comparisons_and_primary_evidence_tiers,100,0,0.25766145,0.09449769,0.25,0.13291666,0.41666667,100,0,0.74233855,0.09449769,0.75,0.58333333,0.86708334,100,0,0.28916667,0.11930342,0.25,0.16666667,0.5,100,0,0.90509259,0.02678986,0.90740741,0.86111111,0.94444444,100,0,0.09490741,0.02678986,0.09259259,0.05555556,0.13888889,100,0,0.26717026,0.0942419,0.27272727,0.1478836,0.41726191,100,0,0.09490741,0.02678986,0.09259259,0.05555556,0.13888889,100,0,0.77888889,0.14430624,0.77777778,0.55555556,1.0,100,0,0.144,0.06,0.13333333,0.05,0.26666667,100,0,0.0,0.0,0.0,0.0,0.0
combined_stress,mandatory_failure_region,vu_report__taxon_source_label__comparison_separate_votes,100,report; source label; comparison-specific votes,report,source_label,separate_votes,primary_comparisons_and_primary_evidence_tiers,100,0,0.25766145,0.09449769,0.25,0.13291666,0.41666667,100,0,0.74233855,0.09449769,0.75,0.58333333,0.86708334,100,0,0.28916667,0.11930342,0.25,0.16666667,0.5,100,0,0.90509259,0.02678986,0.90740741,0.86111111,0.94444444,100,0,0.09490741,0.02678986,0.09259259,0.05555556,0.13888889,100,0,0.26717026,0.0942419,0.27272727,0.1478836,0.41726191,100,0,0.09490741,0.02678986,0.09259259,0.05555556,0.13888889,100,0,0.77888889,0.14430624,0.77777778,0.55555556,1.0,100,0,0.144,0.06,0.13333333,0.05,0.26666667,100,0,0.0,0.0,0.0,0.0,0.0
combined_stress,mandatory_failure_region,vu_row__taxon_resolved_target__comparison_family_state,100,row; resolved target taxon; family-state collapse,row,resolved_target,family_state,primary_comparisons_and_primary_evidence_tiers,100,0,0.26888252,0.09949695,0.25657895,0.125,0.42901786,100,0,0.73111748,0.09949695,0.74342105,0.57098214,0.875,100,0,0.29166667,0.12618685,0.25,0.16666667,0.5,100,0,0.91018519,0.02610634,0.90740741,0.87037037,0.9537037,100,0,0.08981481,0.02610634,0.09259259,0.0462963,0.12962963,100,0,0.27364073,0.09924523,0.27272727,0.14285714,0.45175953,100,0,0.08981481,0.02610634,0.09259259,0.0462963,0.12962963,100,0,0.79444445,0.14333512,0.77777778,0.55555556,1.0,100,0,0.15316667,0.05982086,0.15,0.06666667,0.26666667,100,0,0.0,0.0,0.0,0.0,0.0
combined_stress,mandatory_failure_region,vu_row__taxon_resolved_target__comparison_ignore,100,row; resolved target taxon; comparisons ignored,row,resolved_target,ignore,primary_comparisons_and_primary_evidence_tiers,100,0,0.20352095,0.06286743,0.20689655,0.11935714,0.30451505,100,0,0.79647905,0.06286743,0.79310345,0.69548495,0.88064286,100,0,0.42333333,0.14048577,0.41666667,0.24583333,0.66666667,100,0,0.81435185,0.03502719,0.81481481,0.75925926,0.87083333,100,0,0.18564815,0.03502719,0.18518519,0.12916667,0.24074074,100,0,0.27317895,0.08311298,0.27777778,0.14990741,0.41210671,100,0,0.18564815,0.03502719,0.18518519,0.12916667,0.24074074,100,0,0.60444445,0.17323028,0.55555556,0.33333333,0.88888889,100,0,0.144,0.06,0.13333333,0.05,0.26666667,100,0,0.0,0.0,0.0,0.0,0.0
combined_stress,mandatory_failure_region,vu_row__taxon_resolved_target__comparison_separate_votes,100,row; resolved target taxon; comparison-specific votes,row,resolved_target,separate_votes,primary_comparisons_and_primary_evidence_tiers,100,0,0.20352095,0.06286743,0.20689655,0.11935714,0.30451505,100,0,0.79647905,0.06286743,0.79310345,0.69548495,0.88064286,100,0,0.42333333,0.14048577,0.41666667,0.24583333,0.66666667,100,0,0.81435185,0.03502719,0.81481481,0.75925926,0.87083333,100,0,0.18564815,0.03502719,0.18518519,0.12916667,0.24074074,100,0,0.27317895,0.08311298,0.27777778,0.14990741,0.41210671,100,0,0.18564815,0.03502719,0.18518519,0.12916667,0.24074074,100,0,0.60444445,0.17323028,0.55555556,0.33333333,0.88888889,100,0,0.144,0.06,0.13333333,0.05,0.26666667,100,0,0.0,0.0,0.0,0.0,0.0
combined_stress,mandatory_failure_region,vu_row__taxon_source_label__comparison_family_state,100,row; source label; family-state collapse,row,source_label,family_state,primary_comparisons_and_primary_evidence_tiers,100,0,0.26888252,0.09949695,0.25657895,0.125,0.42901786,100,0,0.73111748,0.09949695,0.74342105,0.57098214,0.875,100,0,0.29166667,0.12618685,0.25,0.16666667,0.5,100,0,0.91018519,0.02610634,0.90740741,0.87037037,0.9537037,100,0,0.08981481,0.02610634,0.09259259,0.0462963,0.12962963,100,0,0.27364073,0.09924523,0.27272727,0.14285714,0.45175953,100,0,0.08981481,0.02610634,0.09259259,0.0462963,0.12962963,100,0,0.79444445,0.14333512,0.77777778,0.55555556,1.0,100,0,0.15316667,0.05982086,0.15,0.06666667,0.26666667,100,0,0.0,0.0,0.0,0.0,0.0
combined_stress,mandatory_failure_region,vu_row__taxon_source_label__comparison_ignore,100,row; source label; comparisons ignored,row,source_label,ignore,primary_comparisons_and_primary_evidence_tiers,100,0,0.25766145,0.09449769,0.25,0.13291666,0.41666667,100,0,0.74233855,0.09449769,0.75,0.58333333,0.86708334,100,0,0.28916667,0.11930342,0.25,0.16666667,0.5,100,0,0.90509259,0.02678986,0.90740741,0.86111111,0.94444444,100,0,0.09490741,0.02678986,0.09259259,0.05555556,0.13888889,100,0,0.26717026,0.0942419,0.27272727,0.1478836,0.41726191,100,0,0.09490741,0.02678986,0.09259259,0.05555556,0.13888889,100,0,0.77888889,0.14430624,0.77777778,0.55555556,1.0,100,0,0.144,0.06,0.13333333,0.05,0.26666667,100,0,0.0,0.0,0.0,0.0,0.0
combined_stress,mandatory_failure_region,vu_row__taxon_source_label__comparison_separate_votes,100,row; source label; comparison-specific votes,row,source_label,separate_votes,primary_comparisons_and_primary_evidence_tiers,100,0,0.25766145,0.09449769,0.25,0.13291666,0.41666667,100,0,0.74233855,0.09449769,0.75,0.58333333,0.86708334,100,0,0.28916667,0.11930342,0.25,0.16666667,0.5,100,0,0.90509259,0.02678986,0.90740741,0.86111111,0.94444444,100,0,0.09490741,0.02678986,0.09259259,0.05555556,0.13888889,100,0,0.26717026,0.0942419,0.27272727,0.1478836,0.41726191,100,0,0.09490741,0.02678986,0.09259259,0.05555556,0.13888889,100,0,0.77888889,0.14430624,0.77777778,0.55555556,1.0,100,0,0.144,0.06,0.13333333,0.05,0.26666667,100,0,0.0,0.0,0.0,0.0,0.0
comparator_leakage,scope_filter_regression,vu_family__taxon_resolved_target__comparison_family_state,100,family; resolved target taxon; family-state collapse,family,resolved_target,family_state,primary_comparisons_and_primary_evidence_tiers,100,0,0.62560912,0.09722635,0.6,0.5,0.83397436,100,0,0.37439088,0.09722635,0.4,0.16602564,0.5,100,0,0.87833333,0.09506628,0.91666667,0.75,1.0,100,0,0.93898148,0.02134666,0.93518519,0.90740741,0.98148148,100,0,0.06101852,0.02134666,0.06481481,0.01851852,0.09259259,100,0,0.72643158,0.08034283,0.71198156,0.61461539,0.85776398,100,0,0.06101852,0.02134666,0.06481481,0.01851852,0.09259259,100,0,0.97111111,0.06038493,1.0,0.88888889,1.0,100,0,0.00366667,0.00840207,0.0,0.0,0.01666667,100,0,0.0,0.0,0.0,0.0,0.0
comparator_leakage,scope_filter_regression,vu_family__taxon_resolved_target__comparison_ignore,100,family; resolved target taxon; comparisons ignored,family,resolved_target,ignore,primary_comparisons_and_primary_evidence_tiers,100,0,0.62560912,0.09722635,0.6,0.5,0.83397436,100,0,0.37439088,0.09722635,0.4,0.16602564,0.5,100,0,0.87833333,0.09506628,0.91666667,0.75,1.0,100,0,0.93898148,0.02134666,0.93518519,0.90740741,0.98148148,100,0,0.06101852,0.02134666,0.06481481,0.01851852,0.09259259,100,0,0.72643158,0.08034283,0.71198156,0.61461539,0.85776398,100,0,0.06101852,0.02134666,0.06481481,0.01851852,0.09259259,100,0,0.97111111,0.06038493,1.0,0.88888889,1.0,100,0,0.00366667,0.00840207,0.0,0.0,0.01666667,100,0,0.0,0.0,0.0,0.0,0.0
comparator_leakage,scope_filter_regression,vu_family__taxon_resolved_target__comparison_separate_votes,100,family; resolved target taxon; comparison-specific votes,family,resolved_target,separate_votes,primary_comparisons_and_primary_evidence_tiers,100,0,0.62560912,0.09722635,0.6,0.5,0.83397436,100,0,0.37439088,0.09722635,0.4,0.16602564,0.5,100,0,0.87833333,0.09506628,0.91666667,0.75,1.0,100,0,0.93898148,0.02134666,0.93518519,0.90740741,0.98148148,100,0,0.06101852,0.02134666,0.06481481,0.01851852,0.09259259,100,0,0.72643158,0.08034283,0.71198156,0.61461539,0.85776398,100,0,0.06101852,0.02134666,0.06481481,0.01851852,0.09259259,100,0,0.97111111,0.06038493,1.0,0.88888889,1.0,100,0,0.00366667,0.00840207,0.0,0.0,0.01666667,100,0,0.0,0.0,0.0,0.0,0.0
comparator_leakage,scope_filter_regression,vu_family__taxon_source_label__comparison_family_state,100,family; source label; family-state collapse,family,source_label,family_state,primary_comparisons_and_primary_evidence_tiers,100,0,0.62560912,0.09722635,0.6,0.5,0.83397436,100,0,0.37439088,0.09722635,0.4,0.16602564,0.5,100,0,0.87833333,0.09506628,0.91666667,0.75,1.0,100,0,0.93898148,0.02134666,0.93518519,0.90740741,0.98148148,100,0,0.06101852,0.02134666,0.06481481,0.01851852,0.09259259,100,0,0.72643158,0.08034283,0.71198156,0.61461539,0.85776398,100,0,0.06101852,0.02134666,0.06481481,0.01851852,0.09259259,100,0,0.97111111,0.06038493,1.0,0.88888889,1.0,100,0,0.00366667,0.00840207,0.0,0.0,0.01666667,100,0,0.0,0.0,0.0,0.0,0.0
comparator_leakage,scope_filter_regression,vu_family__taxon_source_label__comparison_ignore,100,family; source label; comparisons ignored,family,source_label,ignore,primary_comparisons_and_primary_evidence_tiers,100,0,0.62560912,0.09722635,0.6,0.5,0.83397436,100,0,0.37439088,0.09722635,0.4,0.16602564,0.5,100,0,0.87833333,0.09506628,0.91666667,0.75,1.0,100,0,0.93898148,0.02134666,0.93518519,0.90740741,0.98148148,100,0,0.06101852,0.02134666,0.06481481,0.01851852,0.09259259,100,0,0.72643158,0.08034283,0.71198156,0.61461539,0.85776398,100,0,0.06101852,0.02134666,0.06481481,0.01851852,0.09259259,100,0,0.97111111,0.06038493,1.0,0.88888889,1.0,100,0,0.00366667,0.00840207,0.0,0.0,0.01666667,100,0,0.0,0.0,0.0,0.0,0.0
comparator_leakage,scope_filter_regression,vu_family__taxon_source_label__comparison_separate_votes,100,family; source label; comparison-specific votes,family,source_label,separate_votes,primary_comparisons_and_primary_evidence_tiers,100,0,0.62560912,0.09722635,0.6,0.5,0.83397436,100,0,0.37439088,0.09722635,0.4,0.16602564,0.5,100,0,0.87833333,0.09506628,0.91666667,0.75,1.0,100,0,0.93898148,0.02134666,0.93518519,0.90740741,0.98148148,100,0,0.06101852,0.02134666,0.06481481,0.01851852,0.09259259,100,0,0.72643158,0.08034283,0.71198156,0.61461539,0.85776398,100,0,0.06101852,0.02134666,0.06481481,0.01851852,0.09259259,100,0,0.97111111,0.06038493,1.0,0.88888889,1.0,100,0,0.00366667,0.00840207,0.0,0.0,0.01666667,100,0,0.0,0.0,0.0,0.0,0.0
comparator_leakage,scope_filter_regression,vu_report__taxon_resolved_target__comparison_family_state,100,report; resolved target taxon; family-state collapse,report,resolved_target,family_state,primary_comparisons_and_primary_evidence_tiers,100,0,0.62560912,0.09722635,0.6,0.5,0.83397436,100,0,0.37439088,0.09722635,0.4,0.16602564,0.5,100,0,0.87833333,0.09506628,0.91666667,0.75,1.0,100,0,0.93898148,0.02134666,0.93518519,0.90740741,0.98148148,100,0,0.06101852,0.02134666,0.06481481,0.01851852,0.09259259,100,0,0.72643158,0.08034283,0.71198156,0.61461539,0.85776398,100,0,0.06101852,0.02134666,0.06481481,0.01851852,0.09259259,100,0,0.97111111,0.06038493,1.0,0.88888889,1.0,100,0,0.00366667,0.00840207,0.0,0.0,0.01666667,100,0,0.0,0.0,0.0,0.0,0.0
comparator_leakage,scope_filter_regression,vu_report__taxon_resolved_target__comparison_ignore,100,report; resolved target taxon; comparisons ignored,report,resolved_target,ignore,primary_comparisons_and_primary_evidence_tiers,100,0,0.58224641,0.10546671,0.5625,0.46068376,0.76923077,100,0,0.41775359,0.10546671,0.4375,0.23076923,0.53931624,100,0,0.715,0.13304894,0.66666667,0.5,0.91666667,100,0,0.94111111,0.01998149,0.93518519,0.91620371,0.97268518,100,0,0.05888889,0.01998149,0.06481481,0.02731482,0.08379629,100,0,0.63651285,0.10015504,0.62284483,0.499,0.80074074,100,0,0.05888889,0.01998149,0.06481481,0.02731482,0.08379629,100,0,0.97444444,0.0543758,1.0,0.88888889,1.0,100,0,0.00316667,0.00774705,0.0,0.0,0.01666667,100,0,0.0,0.0,0.0,0.0,0.0
comparator_leakage,scope_filter_regression,vu_report__taxon_resolved_target__comparison_separate_votes,100,report; resolved target taxon; comparison-specific votes,report,resolved_target,separate_votes,primary_comparisons_and_primary_evidence_tiers,100,0,0.58224641,0.10546671,0.5625,0.46068376,0.76923077,100,0,0.41775359,0.10546671,0.4375,0.23076923,0.53931624,100,0,0.715,0.13304894,0.66666667,0.5,0.91666667,100,0,0.94111111,0.01998149,0.93518519,0.91620371,0.97268518,100,0,0.05888889,0.01998149,0.06481481,0.02731482,0.08379629,100,0,0.63651285,0.10015504,0.62284483,0.499,0.80074074,100,0,0.05888889,0.01998149,0.06481481,0.02731482,0.08379629,100,0,0.97444444,0.0543758,1.0,0.88888889,1.0,100,0,0.00316667,0.00774705,0.0,0.0,0.01666667,100,0,0.0,0.0,0.0,0.0,0.0
comparator_leakage,scope_filter_regression,vu_report__taxon_source_label__comparison_family_state,100,report; source label; family-state collapse,report,source_label,family_state,primary_comparisons_and_primary_evidence_tiers,100,0,0.62560912,0.09722635,0.6,0.5,0.83397436,100,0,0.37439088,0.09722635,0.4,0.16602564,0.5,100,0,0.87833333,0.09506628,0.91666667,0.75,1.0,100,0,0.93898148,0.02134666,0.93518519,0.90740741,0.98148148,100,0,0.06101852,0.02134666,0.06481481,0.01851852,0.09259259,100,0,0.72643158,0.08034283,0.71198156,0.61461539,0.85776398,100,0,0.06101852,0.02134666,0.06481481,0.01851852,0.09259259,100,0,0.97111111,0.06038493,1.0,0.88888889,1.0,100,0,0.00366667,0.00840207,0.0,0.0,0.01666667,100,0,0.0,0.0,0.0,0.0,0.0
comparator_leakage,scope_filter_regression,vu_report__taxon_source_label__comparison_ignore,100,report; source label; comparisons ignored,report,source_label,ignore,primary_comparisons_and_primary_evidence_tiers,100,0,0.58224641,0.10546671,0.5625,0.46068376,0.76923077,100,0,0.41775359,0.10546671,0.4375,0.23076923,0.53931624,100,0,0.715,0.13304894,0.66666667,0.5,0.91666667,100,0,0.94111111,0.01998149,0.93518519,0.91620371,0.97268518,100,0,0.05888889,0.01998149,0.06481481,0.02731482,0.08379629,100,0,0.63651285,0.10015504,0.62284483,0.499,0.80074074,100,0,0.05888889,0.01998149,0.06481481,0.02731482,0.08379629,100,0,0.97444444,0.0543758,1.0,0.88888889,1.0,100,0,0.00316667,0.00774705,0.0,0.0,0.01666667,100,0,0.0,0.0,0.0,0.0,0.0
comparator_leakage,scope_filter_regression,vu_report__taxon_source_label__comparison_separate_votes,100,report; source label; comparison-specific votes,report,source_label,separate_votes,primary_comparisons_and_primary_evidence_tiers,100,0,0.58224641,0.10546671,0.5625,0.46068376,0.76923077,100,0,0.41775359,0.10546671,0.4375,0.23076923,0.53931624,100,0,0.715,0.13304894,0.66666667,0.5,0.91666667,100,0,0.94111111,0.01998149,0.93518519,0.91620371,0.97268518,100,0,0.05888889,0.01998149,0.06481481,0.02731482,0.08379629,100,0,0.63651285,0.10015504,0.62284483,0.499,0.80074074,100,0,0.05888889,0.01998149,0.06481481,0.02731482,0.08379629,100,0,0.97444444,0.0543758,1.0,0.88888889,1.0,100,0,0.00316667,0.00774705,0.0,0.0,0.01666667,100,0,0.0,0.0,0.0,0.0,0.0
comparator_leakage,scope_filter_regression,vu_row__taxon_resolved_target__comparison_family_state,100,row; resolved target taxon; family-state collapse,row,resolved_target,family_state,primary_comparisons_and_primary_evidence_tiers,100,0,0.62560912,0.09722635,0.6,0.5,0.83397436,100,0,0.37439088,0.09722635,0.4,0.16602564,0.5,100,0,0.87833333,0.09506628,0.91666667,0.75,1.0,100,0,0.93898148,0.02134666,0.93518519,0.90740741,0.98148148,100,0,0.06101852,0.02134666,0.06481481,0.01851852,0.09259259,100,0,0.72643158,0.08034283,0.71198156,0.61461539,0.85776398,100,0,0.06101852,0.02134666,0.06481481,0.01851852,0.09259259,100,0,0.97111111,0.06038493,1.0,0.88888889,1.0,100,0,0.00366667,0.00840207,0.0,0.0,0.01666667,100,0,0.0,0.0,0.0,0.0,0.0
comparator_leakage,scope_filter_regression,vu_row__taxon_resolved_target__comparison_ignore,100,row; resolved target taxon; comparisons ignored,row,resolved_target,ignore,primary_comparisons_and_primary_evidence_tiers,100,0,0.57468925,0.10339108,0.55555556,0.44409722,0.76923077,100,0,0.42531075,0.10339108,0.44444444,0.23076923,0.55590278,100,0,0.715,0.13304894,0.66666667,0.5,0.91666667,100,0,0.93925926,0.02052875,0.93518519,0.90740741,0.97222222,100,0,0.06074074,0.02052875,0.06481481,0.02777778,0.09259259,100,0,0.63186496,0.09868595,0.62284483,0.499,0.8,100,0,0.06074074,0.02052875,0.06481481,0.02777778,0.09259259,100,0,0.97444444,0.0543758,1.0,0.88888889,1.0,100,0,0.00316667,0.00774705,0.0,0.0,0.01666667,100,0,0.0,0.0,0.0,0.0,0.0
comparator_leakage,scope_filter_regression,vu_row__taxon_resolved_target__comparison_separate_votes,100,row; resolved target taxon; comparison-specific votes,row,resolved_target,separate_votes,primary_comparisons_and_primary_evidence_tiers,100,0,0.57468925,0.10339108,0.55555556,0.44409722,0.76923077,100,0,0.42531075,0.10339108,0.44444444,0.23076923,0.55590278,100,0,0.715,0.13304894,0.66666667,0.5,0.91666667,100,0,0.93925926,0.02052875,0.93518519,0.90740741,0.97222222,100,0,0.06074074,0.02052875,0.06481481,0.02777778,0.09259259,100,0,0.63186496,0.09868595,0.62284483,0.499,0.8,100,0,0.06074074,0.02052875,0.06481481,0.02777778,0.09259259,100,0,0.97444444,0.0543758,1.0,0.88888889,1.0,100,0,0.00316667,0.00774705,0.0,0.0,0.01666667,100,0,0.0,0.0,0.0,0.0,0.0
comparator_leakage,scope_filter_regression,vu_row__taxon_source_label__comparison_family_state,100,row; source label; family-state collapse,row,source_label,family_state,primary_comparisons_and_primary_evidence_tiers,100,0,0.62560912,0.09722635,0.6,0.5,0.83397436,100,0,0.37439088,0.09722635,0.4,0.16602564,0.5,100,0,0.87833333,0.09506628,0.91666667,0.75,1.0,100,0,0.93898148,0.02134666,0.93518519,0.90740741,0.98148148,100,0,0.06101852,0.02134666,0.06481481,0.01851852,0.09259259,100,0,0.72643158,0.08034283,0.71198156,0.61461539,0.85776398,100,0,0.06101852,0.02134666,0.06481481,0.01851852,0.09259259,100,0,0.97111111,0.06038493,1.0,0.88888889,1.0,100,0,0.00366667,0.00840207,0.0,0.0,0.01666667,100,0,0.0,0.0,0.0,0.0,0.0
comparator_leakage,scope_filter_regression,vu_row__taxon_source_label__comparison_ignore,100,row; source label; comparisons ignored,row,source_label,ignore,primary_comparisons_and_primary_evidence_tiers,100,0,0.58224641,0.10546671,0.5625,0.46068376,0.76923077,100,0,0.41775359,0.10546671,0.4375,0.23076923,0.53931624,100,0,0.715,0.13304894,0.66666667,0.5,0.91666667,100,0,0.94111111,0.01998149,0.93518519,0.91620371,0.97268518,100,0,0.05888889,0.01998149,0.06481481,0.02731482,0.08379629,100,0,0.63651285,0.10015504,0.62284483,0.499,0.80074074,100,0,0.05888889,0.01998149,0.06481481,0.02731482,0.08379629,100,0,0.97444444,0.0543758,1.0,0.88888889,1.0,100,0,0.00316667,0.00774705,0.0,0.0,0.01666667,100,0,0.0,0.0,0.0,0.0,0.0
comparator_leakage,scope_filter_regression,vu_row__taxon_source_label__comparison_separate_votes,100,row; source label; comparison-specific votes,row,source_label,separate_votes,primary_comparisons_and_primary_evidence_tiers,100,0,0.58224641,0.10546671,0.5625,0.46068376,0.76923077,100,0,0.41775359,0.10546671,0.4375,0.23076923,0.53931624,100,0,0.715,0.13304894,0.66666667,0.5,0.91666667,100,0,0.94111111,0.01998149,0.93518519,0.91620371,0.97268518,100,0,0.05888889,0.01998149,0.06481481,0.02731482,0.08379629,100,0,0.63651285,0.10015504,0.62284483,0.499,0.80074074,100,0,0.05888889,0.01998149,0.06481481,0.02731482,0.08379629,100,0,0.97444444,0.0543758,1.0,0.88888889,1.0,100,0,0.00316667,0.00774705,0.0,0.0,0.01666667,100,0,0.0,0.0,0.0,0.0,0.0
duplicate_nested_reports,duplication_stress,vu_family__taxon_resolved_target__comparison_family_state,100,family; resolved target taxon; family-state collapse,family,resolved_target,family_state,primary_comparisons_and_primary_evidence_tiers,100,0,0.77188118,0.10139869,0.76923077,0.6,0.92692307,100,0,0.22811882,0.10139869,0.23076923,0.07307693,0.4,100,0,0.90166667,0.08572331,0.91666667,0.75,1.0,100,0,0.96833333,0.01751786,0.97222222,0.93518519,0.9912037,100,0,0.03166667,0.01751786,0.02777778,0.0087963,0.06481481,100,0,0.82691659,0.07359981,0.83045977,0.71305418,0.92307692,100,0,0.03166667,0.01751786,0.02777778,0.0087963,0.06481481,100,0,0.98666667,0.03628874,1.0,0.88888889,1.0,100,0,0.00016667,0.00166667,0.0,0.0,0.0,100,0,0.0,0.0,0.0,0.0,0.0
duplicate_nested_reports,duplication_stress,vu_family__taxon_resolved_target__comparison_ignore,100,family; resolved target taxon; comparisons ignored,family,resolved_target,ignore,primary_comparisons_and_primary_evidence_tiers,100,0,0.77188118,0.10139869,0.76923077,0.6,0.92692307,100,0,0.22811882,0.10139869,0.23076923,0.07307693,0.4,100,0,0.90166667,0.08572331,0.91666667,0.75,1.0,100,0,0.96833333,0.01751786,0.97222222,0.93518519,0.9912037,100,0,0.03166667,0.01751786,0.02777778,0.0087963,0.06481481,100,0,0.82691659,0.07359981,0.83045977,0.71305418,0.92307692,100,0,0.03166667,0.01751786,0.02777778,0.0087963,0.06481481,100,0,0.98666667,0.03628874,1.0,0.88888889,1.0,100,0,0.00016667,0.00166667,0.0,0.0,0.0,100,0,0.0,0.0,0.0,0.0,0.0
duplicate_nested_reports,duplication_stress,vu_family__taxon_resolved_target__comparison_separate_votes,100,family; resolved target taxon; comparison-specific votes,family,resolved_target,separate_votes,primary_comparisons_and_primary_evidence_tiers,100,0,0.77188118,0.10139869,0.76923077,0.6,0.92692307,100,0,0.22811882,0.10139869,0.23076923,0.07307693,0.4,100,0,0.90166667,0.08572331,0.91666667,0.75,1.0,100,0,0.96833333,0.01751786,0.97222222,0.93518519,0.9912037,100,0,0.03166667,0.01751786,0.02777778,0.0087963,0.06481481,100,0,0.82691659,0.07359981,0.83045977,0.71305418,0.92307692,100,0,0.03166667,0.01751786,0.02777778,0.0087963,0.06481481,100,0,0.98666667,0.03628874,1.0,0.88888889,1.0,100,0,0.00016667,0.00166667,0.0,0.0,0.0,100,0,0.0,0.0,0.0,0.0,0.0
duplicate_nested_reports,duplication_stress,vu_family__taxon_source_label__comparison_family_state,100,family; source label; family-state collapse,family,source_label,family_state,primary_comparisons_and_primary_evidence_tiers,100,0,0.77188118,0.10139869,0.76923077,0.6,0.92692307,100,0,0.22811882,0.10139869,0.23076923,0.07307693,0.4,100,0,0.90166667,0.08572331,0.91666667,0.75,1.0,100,0,0.96833333,0.01751786,0.97222222,0.93518519,0.9912037,100,0,0.03166667,0.01751786,0.02777778,0.0087963,0.06481481,100,0,0.82691659,0.07359981,0.83045977,0.71305418,0.92307692,100,0,0.03166667,0.01751786,0.02777778,0.0087963,0.06481481,100,0,0.98666667,0.03628874,1.0,0.88888889,1.0,100,0,0.00016667,0.00166667,0.0,0.0,0.0,100,0,0.0,0.0,0.0,0.0,0.0
duplicate_nested_reports,duplication_stress,vu_family__taxon_source_label__comparison_ignore,100,family; source label; comparisons ignored,family,source_label,ignore,primary_comparisons_and_primary_evidence_tiers,100,0,0.77188118,0.10139869,0.76923077,0.6,0.92692307,100,0,0.22811882,0.10139869,0.23076923,0.07307693,0.4,100,0,0.90166667,0.08572331,0.91666667,0.75,1.0,100,0,0.96833333,0.01751786,0.97222222,0.93518519,0.9912037,100,0,0.03166667,0.01751786,0.02777778,0.0087963,0.06481481,100,0,0.82691659,0.07359981,0.83045977,0.71305418,0.92307692,100,0,0.03166667,0.01751786,0.02777778,0.0087963,0.06481481,100,0,0.98666667,0.03628874,1.0,0.88888889,1.0,100,0,0.00016667,0.00166667,0.0,0.0,0.0,100,0,0.0,0.0,0.0,0.0,0.0
duplicate_nested_reports,duplication_stress,vu_family__taxon_source_label__comparison_separate_votes,100,family; source label; comparison-specific votes,family,source_label,separate_votes,primary_comparisons_and_primary_evidence_tiers,100,0,0.77188118,0.10139869,0.76923077,0.6,0.92692307,100,0,0.22811882,0.10139869,0.23076923,0.07307693,0.4,100,0,0.90166667,0.08572331,0.91666667,0.75,1.0,100,0,0.96833333,0.01751786,0.97222222,0.93518519,0.9912037,100,0,0.03166667,0.01751786,0.02777778,0.0087963,0.06481481,100,0,0.82691659,0.07359981,0.83045977,0.71305418,0.92307692,100,0,0.03166667,0.01751786,0.02777778,0.0087963,0.06481481,100,0,0.98666667,0.03628874,1.0,0.88888889,1.0,100,0,0.00016667,0.00166667,0.0,0.0,0.0,100,0,0.0,0.0,0.0,0.0,0.0
duplicate_nested_reports,duplication_stress,vu_report__taxon_resolved_target__comparison_family_state,100,report; resolved target taxon; family-state collapse,report,resolved_target,family_state,primary_comparisons_and_primary_evidence_tiers,100,0,0.77188118,0.10139869,0.76923077,0.6,0.92692307,100,0,0.22811882,0.10139869,0.23076923,0.07307693,0.4,100,0,0.90166667,0.08572331,0.91666667,0.75,1.0,100,0,0.96833333,0.01751786,0.97222222,0.93518519,0.9912037,100,0,0.03166667,0.01751786,0.02777778,0.0087963,0.06481481,100,0,0.82691659,0.07359981,0.83045977,0.71305418,0.92307692,100,0,0.03166667,0.01751786,0.02777778,0.0087963,0.06481481,100,0,0.98666667,0.03628874,1.0,0.88888889,1.0,100,0,0.00016667,0.00166667,0.0,0.0,0.0,100,0,0.0,0.0,0.0,0.0,0.0
duplicate_nested_reports,duplication_stress,vu_report__taxon_resolved_target__comparison_ignore,100,report; resolved target taxon; comparisons ignored,report,resolved_target,ignore,primary_comparisons_and_primary_evidence_tiers,100,0,0.72535642,0.14988355,0.75,0.49642857,1.0,100,0,0.27464358,0.14988355,0.25,0.0,0.50357143,100,0,0.46,0.16087583,0.41666667,0.16666667,0.75,100,0,0.98046296,0.01226792,0.98148148,0.9537037,1.0,100,0,0.01953704,0.01226792,0.01851852,0.0,0.0462963,100,0,0.5503023,0.15083267,0.55555556,0.26583334,0.7826087,100,0,0.01953704,0.01226792,0.01851852,0.0,0.0462963,100,0,0.99888889,0.01111111,1.0,1.0,1.0,100,0,0.00016667,0.00166667,0.0,0.0,0.0,100,0,0.0,0.0,0.0,0.0,0.0
duplicate_nested_reports,duplication_stress,vu_report__taxon_resolved_target__comparison_separate_votes,100,report; resolved target taxon; comparison-specific votes,report,resolved_target,separate_votes,primary_comparisons_and_primary_evidence_tiers,100,0,0.72535642,0.14988355,0.75,0.49642857,1.0,100,0,0.27464358,0.14988355,0.25,0.0,0.50357143,100,0,0.46,0.16087583,0.41666667,0.16666667,0.75,100,0,0.98046296,0.01226792,0.98148148,0.9537037,1.0,100,0,0.01953704,0.01226792,0.01851852,0.0,0.0462963,100,0,0.5503023,0.15083267,0.55555556,0.26583334,0.7826087,100,0,0.01953704,0.01226792,0.01851852,0.0,0.0462963,100,0,0.99888889,0.01111111,1.0,1.0,1.0,100,0,0.00016667,0.00166667,0.0,0.0,0.0,100,0,0.0,0.0,0.0,0.0,0.0
duplicate_nested_reports,duplication_stress,vu_report__taxon_source_label__comparison_family_state,100,report; source label; family-state collapse,report,source_label,family_state,primary_comparisons_and_primary_evidence_tiers,100,0,0.77188118,0.10139869,0.76923077,0.6,0.92692307,100,0,0.22811882,0.10139869,0.23076923,0.07307693,0.4,100,0,0.90166667,0.08572331,0.91666667,0.75,1.0,100,0,0.96833333,0.01751786,0.97222222,0.93518519,0.9912037,100,0,0.03166667,0.01751786,0.02777778,0.0087963,0.06481481,100,0,0.82691659,0.07359981,0.83045977,0.71305418,0.92307692,100,0,0.03166667,0.01751786,0.02777778,0.0087963,0.06481481,100,0,0.98666667,0.03628874,1.0,0.88888889,1.0,100,0,0.00016667,0.00166667,0.0,0.0,0.0,100,0,0.0,0.0,0.0,0.0,0.0
duplicate_nested_reports,duplication_stress,vu_report__taxon_source_label__comparison_ignore,100,report; source label; comparisons ignored,report,source_label,ignore,primary_comparisons_and_primary_evidence_tiers,100,0,0.72535642,0.14988355,0.75,0.49642857,1.0,100,0,0.27464358,0.14988355,0.25,0.0,0.50357143,100,0,0.46,0.16087583,0.41666667,0.16666667,0.75,100,0,0.98046296,0.01226792,0.98148148,0.9537037,1.0,100,0,0.01953704,0.01226792,0.01851852,0.0,0.0462963,100,0,0.5503023,0.15083267,0.55555556,0.26583334,0.7826087,100,0,0.01953704,0.01226792,0.01851852,0.0,0.0462963,100,0,0.99888889,0.01111111,1.0,1.0,1.0,100,0,0.00016667,0.00166667,0.0,0.0,0.0,100,0,0.0,0.0,0.0,0.0,0.0
duplicate_nested_reports,duplication_stress,vu_report__taxon_source_label__comparison_separate_votes,100,report; source label; comparison-specific votes,report,source_label,separate_votes,primary_comparisons_and_primary_evidence_tiers,100,0,0.72535642,0.14988355,0.75,0.49642857,1.0,100,0,0.27464358,0.14988355,0.25,0.0,0.50357143,100,0,0.46,0.16087583,0.41666667,0.16666667,0.75,100,0,0.98046296,0.01226792,0.98148148,0.9537037,1.0,100,0,0.01953704,0.01226792,0.01851852,0.0,0.0462963,100,0,0.5503023,0.15083267,0.55555556,0.26583334,0.7826087,100,0,0.01953704,0.01226792,0.01851852,0.0,0.0462963,100,0,0.99888889,0.01111111,1.0,1.0,1.0,100,0,0.00016667,0.00166667,0.0,0.0,0.0,100,0,0.0,0.0,0.0,0.0,0.0
duplicate_nested_reports,duplication_stress,vu_row__taxon_resolved_target__comparison_family_state,100,row; resolved target taxon; family-state collapse,row,resolved_target,family_state,primary_comparisons_and_primary_evidence_tiers,100,0,0.77188118,0.10139869,0.76923077,0.6,0.92692307,100,0,0.22811882,0.10139869,0.23076923,0.07307693,0.4,100,0,0.90166667,0.08572331,0.91666667,0.75,1.0,100,0,0.96833333,0.01751786,0.97222222,0.93518519,0.9912037,100,0,0.03166667,0.01751786,0.02777778,0.0087963,0.06481481,100,0,0.82691659,0.07359981,0.83045977,0.71305418,0.92307692,100,0,0.03166667,0.01751786,0.02777778,0.0087963,0.06481481,100,0,0.98666667,0.03628874,1.0,0.88888889,1.0,100,0,0.00016667,0.00166667,0.0,0.0,0.0,100,0,0.0,0.0,0.0,0.0,0.0
duplicate_nested_reports,duplication_stress,vu_row__taxon_resolved_target__comparison_ignore,100,row; resolved target taxon; comparisons ignored,row,resolved_target,ignore,primary_comparisons_and_primary_evidence_tiers,100,0,0.72464214,0.15079197,0.75,0.49642857,1.0,100,0,0.27535786,0.15079197,0.25,0.0,0.50357143,100,0,0.46,0.16087583,0.41666667,0.16666667,0.75,100,0,0.98037037,0.0123653,0.98148148,0.9537037,1.0,100,0,0.01962963,0.0123653,0.01851852,0.0,0.0462963,100,0,0.55009177,0.15102946,0.55555556,0.26583334,0.7826087,100,0,0.01962963,0.0123653,0.01851852,0.0,0.0462963,100,0,0.99888889,0.01111111,1.0,1.0,1.0,100,0,0.00016667,0.00166667,0.0,0.0,0.0,100,0,0.0,0.0,0.0,0.0,0.0
duplicate_nested_reports,duplication_stress,vu_row__taxon_resolved_target__comparison_separate_votes,100,row; resolved target taxon; comparison-specific votes,row,resolved_target,separate_votes,primary_comparisons_and_primary_evidence_tiers,100,0,0.72464214,0.15079197,0.75,0.49642857,1.0,100,0,0.27535786,0.15079197,0.25,0.0,0.50357143,100,0,0.46,0.16087583,0.41666667,0.16666667,0.75,100,0,0.98037037,0.0123653,0.98148148,0.9537037,1.0,100,0,0.01962963,0.0123653,0.01851852,0.0,0.0462963,100,0,0.55009177,0.15102946,0.55555556,0.26583334,0.7826087,100,0,0.01962963,0.0123653,0.01851852,0.0,0.0462963,100,0,0.99888889,0.01111111,1.0,1.0,1.0,100,0,0.00016667,0.00166667,0.0,0.0,0.0,100,0,0.0,0.0,0.0,0.0,0.0
duplicate_nested_reports,duplication_stress,vu_row__taxon_source_label__comparison_family_state,100,row; source label; family-state collapse,row,source_label,family_state,primary_comparisons_and_primary_evidence_tiers,100,0,0.77188118,0.10139869,0.76923077,0.6,0.92692307,100,0,0.22811882,0.10139869,0.23076923,0.07307693,0.4,100,0,0.90166667,0.08572331,0.91666667,0.75,1.0,100,0,0.96833333,0.01751786,0.97222222,0.93518519,0.9912037,100,0,0.03166667,0.01751786,0.02777778,0.0087963,0.06481481,100,0,0.82691659,0.07359981,0.83045977,0.71305418,0.92307692,100,0,0.03166667,0.01751786,0.02777778,0.0087963,0.06481481,100,0,0.98666667,0.03628874,1.0,0.88888889,1.0,100,0,0.00016667,0.00166667,0.0,0.0,0.0,100,0,0.0,0.0,0.0,0.0,0.0
duplicate_nested_reports,duplication_stress,vu_row__taxon_source_label__comparison_ignore,100,row; source label; comparisons ignored,row,source_label,ignore,primary_comparisons_and_primary_evidence_tiers,100,0,0.72535642,0.14988355,0.75,0.49642857,1.0,100,0,0.27464358,0.14988355,0.25,0.0,0.50357143,100,0,0.46,0.16087583,0.41666667,0.16666667,0.75,100,0,0.98046296,0.01226792,0.98148148,0.9537037,1.0,100,0,0.01953704,0.01226792,0.01851852,0.0,0.0462963,100,0,0.5503023,0.15083267,0.55555556,0.26583334,0.7826087,100,0,0.01953704,0.01226792,0.01851852,0.0,0.0462963,100,0,0.99888889,0.01111111,1.0,1.0,1.0,100,0,0.00016667,0.00166667,0.0,0.0,0.0,100,0,0.0,0.0,0.0,0.0,0.0
duplicate_nested_reports,duplication_stress,vu_row__taxon_source_label__comparison_separate_votes,100,row; source label; comparison-specific votes,row,source_label,separate_votes,primary_comparisons_and_primary_evidence_tiers,100,0,0.72535642,0.14988355,0.75,0.49642857,1.0,100,0,0.27464358,0.14988355,0.25,0.0,0.50357143,100,0,0.46,0.16087583,0.41666667,0.16666667,0.75,100,0,0.98046296,0.01226792,0.98148148,0.9537037,1.0,100,0,0.01953704,0.01226792,0.01851852,0.0,0.0462963,100,0,0.5503023,0.15083267,0.55555556,0.26583334,0.7826087,100,0,0.01953704,0.01226792,0.01851852,0.0,0.0462963,100,0,0.99888889,0.01111111,1.0,1.0,1.0,100,0,0.00016667,0.00166667,0.0,0.0,0.0,100,0,0.0,0.0,0.0,0.0,0.0
high_zero_inflation,measurement_stress,vu_family__taxon_resolved_target__comparison_family_state,100,family; resolved target taxon; family-state collapse,family,resolved_target,family_state,primary_comparisons_and_primary_evidence_tiers,100,0,0.55604719,0.08690417,0.55,0.43478261,0.71428571,100,0,0.44395281,0.08690417,0.45,0.28571429,0.56521739,100,0,0.89666667,0.09107168,0.91666667,0.75,1.0,100,0,0.91703704,0.02661294,0.91666667,0.87037037,0.96296296,100,0,0.08296296,0.02661294,0.08333333,0.03703704,0.12962963,100,0,0.68228463,0.07715926,0.68571429,0.55536399,0.8,100,0,0.08296296,0.02661294,0.08333333,0.03703704,0.12962963,100,0,0.87777778,0.11765256,0.88888889,0.66666667,1.0,100,0,0.08116667,0.03470697,0.08333333,0.03333333,0.15,100,0,0.0,0.0,0.0,0.0,0.0
high_zero_inflation,measurement_stress,vu_family__taxon_resolved_target__comparison_ignore,100,family; resolved target taxon; comparisons ignored,family,resolved_target,ignore,primary_comparisons_and_primary_evidence_tiers,100,0,0.55604719,0.08690417,0.55,0.43478261,0.71428571,100,0,0.44395281,0.08690417,0.45,0.28571429,0.56521739,100,0,0.89666667,0.09107168,0.91666667,0.75,1.0,100,0,0.91703704,0.02661294,0.91666667,0.87037037,0.96296296,100,0,0.08296296,0.02661294,0.08333333,0.03703704,0.12962963,100,0,0.68228463,0.07715926,0.68571429,0.55536399,0.8,100,0,0.08296296,0.02661294,0.08333333,0.03703704,0.12962963,100,0,0.87777778,0.11765256,0.88888889,0.66666667,1.0,100,0,0.08116667,0.03470697,0.08333333,0.03333333,0.15,100,0,0.0,0.0,0.0,0.0,0.0
high_zero_inflation,measurement_stress,vu_family__taxon_resolved_target__comparison_separate_votes,100,family; resolved target taxon; comparison-specific votes,family,resolved_target,separate_votes,primary_comparisons_and_primary_evidence_tiers,100,0,0.55604719,0.08690417,0.55,0.43478261,0.71428571,100,0,0.44395281,0.08690417,0.45,0.28571429,0.56521739,100,0,0.89666667,0.09107168,0.91666667,0.75,1.0,100,0,0.91703704,0.02661294,0.91666667,0.87037037,0.96296296,100,0,0.08296296,0.02661294,0.08333333,0.03703704,0.12962963,100,0,0.68228463,0.07715926,0.68571429,0.55536399,0.8,100,0,0.08296296,0.02661294,0.08333333,0.03703704,0.12962963,100,0,0.87777778,0.11765256,0.88888889,0.66666667,1.0,100,0,0.08116667,0.03470697,0.08333333,0.03333333,0.15,100,0,0.0,0.0,0.0,0.0,0.0
high_zero_inflation,measurement_stress,vu_family__taxon_source_label__comparison_family_state,100,family; source label; family-state collapse,family,source_label,family_state,primary_comparisons_and_primary_evidence_tiers,100,0,0.55604719,0.08690417,0.55,0.43478261,0.71428571,100,0,0.44395281,0.08690417,0.45,0.28571429,0.56521739,100,0,0.89666667,0.09107168,0.91666667,0.75,1.0,100,0,0.91703704,0.02661294,0.91666667,0.87037037,0.96296296,100,0,0.08296296,0.02661294,0.08333333,0.03703704,0.12962963,100,0,0.68228463,0.07715926,0.68571429,0.55536399,0.8,100,0,0.08296296,0.02661294,0.08333333,0.03703704,0.12962963,100,0,0.87777778,0.11765256,0.88888889,0.66666667,1.0,100,0,0.08116667,0.03470697,0.08333333,0.03333333,0.15,100,0,0.0,0.0,0.0,0.0,0.0
high_zero_inflation,measurement_stress,vu_family__taxon_source_label__comparison_ignore,100,family; source label; comparisons ignored,family,source_label,ignore,primary_comparisons_and_primary_evidence_tiers,100,0,0.55604719,0.08690417,0.55,0.43478261,0.71428571,100,0,0.44395281,0.08690417,0.45,0.28571429,0.56521739,100,0,0.89666667,0.09107168,0.91666667,0.75,1.0,100,0,0.91703704,0.02661294,0.91666667,0.87037037,0.96296296,100,0,0.08296296,0.02661294,0.08333333,0.03703704,0.12962963,100,0,0.68228463,0.07715926,0.68571429,0.55536399,0.8,100,0,0.08296296,0.02661294,0.08333333,0.03703704,0.12962963,100,0,0.87777778,0.11765256,0.88888889,0.66666667,1.0,100,0,0.08116667,0.03470697,0.08333333,0.03333333,0.15,100,0,0.0,0.0,0.0,0.0,0.0
high_zero_inflation,measurement_stress,vu_family__taxon_source_label__comparison_separate_votes,100,family; source label; comparison-specific votes,family,source_label,separate_votes,primary_comparisons_and_primary_evidence_tiers,100,0,0.55604719,0.08690417,0.55,0.43478261,0.71428571,100,0,0.44395281,0.08690417,0.45,0.28571429,0.56521739,100,0,0.89666667,0.09107168,0.91666667,0.75,1.0,100,0,0.91703704,0.02661294,0.91666667,0.87037037,0.96296296,100,0,0.08296296,0.02661294,0.08333333,0.03703704,0.12962963,100,0,0.68228463,0.07715926,0.68571429,0.55536399,0.8,100,0,0.08296296,0.02661294,0.08333333,0.03703704,0.12962963,100,0,0.87777778,0.11765256,0.88888889,0.66666667,1.0,100,0,0.08116667,0.03470697,0.08333333,0.03333333,0.15,100,0,0.0,0.0,0.0,0.0,0.0
high_zero_inflation,measurement_stress,vu_report__taxon_resolved_target__comparison_family_state,100,report; resolved target taxon; family-state collapse,report,resolved_target,family_state,primary_comparisons_and_primary_evidence_tiers,100,0,0.55604719,0.08690417,0.55,0.43478261,0.71428571,100,0,0.44395281,0.08690417,0.45,0.28571429,0.56521739,100,0,0.89666667,0.09107168,0.91666667,0.75,1.0,100,0,0.91703704,0.02661294,0.91666667,0.87037037,0.96296296,100,0,0.08296296,0.02661294,0.08333333,0.03703704,0.12962963,100,0,0.68228463,0.07715926,0.68571429,0.55536399,0.8,100,0,0.08296296,0.02661294,0.08333333,0.03703704,0.12962963,100,0,0.87777778,0.11765256,0.88888889,0.66666667,1.0,100,0,0.08116667,0.03470697,0.08333333,0.03333333,0.15,100,0,0.0,0.0,0.0,0.0,0.0
high_zero_inflation,measurement_stress,vu_report__taxon_resolved_target__comparison_ignore,100,report; resolved target taxon; comparisons ignored,report,resolved_target,ignore,primary_comparisons_and_primary_evidence_tiers,100,0,0.42484587,0.07160335,0.42206478,0.3180622,0.54568182,100,0,0.57515413,0.07160335,0.57793523,0.45431818,0.6819378,100,0,0.7725,0.12526907,0.75,0.58333333,0.91666667,100,0,0.8812037,0.02801232,0.87962963,0.84212963,0.91712963,100,0,0.1187963,0.02801232,0.12037037,0.08287037,0.15787037,100,0,0.54488926,0.07916439,0.55172414,0.41117647,0.64954955,100,0,0.1187963,0.02801232,0.12037037,0.08287037,0.15787037,100,0,0.90666667,0.09305608,0.88888889,0.77777778,1.0,100,0,0.0745,0.03269206,0.06666667,0.03333333,0.13416666,100,0,0.0,0.0,0.0,0.0,0.0
high_zero_inflation,measurement_stress,vu_report__taxon_resolved_target__comparison_separate_votes,100,report; resolved target taxon; comparison-specific votes,report,resolved_target,separate_votes,primary_comparisons_and_primary_evidence_tiers,100,0,0.42484587,0.07160335,0.42206478,0.3180622,0.54568182,100,0,0.57515413,0.07160335,0.57793523,0.45431818,0.6819378,100,0,0.7725,0.12526907,0.75,0.58333333,0.91666667,100,0,0.8812037,0.02801232,0.87962963,0.84212963,0.91712963,100,0,0.1187963,0.02801232,0.12037037,0.08287037,0.15787037,100,0,0.54488926,0.07916439,0.55172414,0.41117647,0.64954955,100,0,0.1187963,0.02801232,0.12037037,0.08287037,0.15787037,100,0,0.90666667,0.09305608,0.88888889,0.77777778,1.0,100,0,0.0745,0.03269206,0.06666667,0.03333333,0.13416666,100,0,0.0,0.0,0.0,0.0,0.0
high_zero_inflation,measurement_stress,vu_report__taxon_source_label__comparison_family_state,100,report; source label; family-state collapse,report,source_label,family_state,primary_comparisons_and_primary_evidence_tiers,100,0,0.55604719,0.08690417,0.55,0.43478261,0.71428571,100,0,0.44395281,0.08690417,0.45,0.28571429,0.56521739,100,0,0.89666667,0.09107168,0.91666667,0.75,1.0,100,0,0.91703704,0.02661294,0.91666667,0.87037037,0.96296296,100,0,0.08296296,0.02661294,0.08333333,0.03703704,0.12962963,100,0,0.68228463,0.07715926,0.68571429,0.55536399,0.8,100,0,0.08296296,0.02661294,0.08333333,0.03703704,0.12962963,100,0,0.87777778,0.11765256,0.88888889,0.66666667,1.0,100,0,0.08116667,0.03470697,0.08333333,0.03333333,0.15,100,0,0.0,0.0,0.0,0.0,0.0
high_zero_inflation,measurement_stress,vu_report__taxon_source_label__comparison_ignore,100,report; source label; comparisons ignored,report,source_label,ignore,primary_comparisons_and_primary_evidence_tiers,100,0,0.42484587,0.07160335,0.42206478,0.3180622,0.54568182,100,0,0.57515413,0.07160335,0.57793523,0.45431818,0.6819378,100,0,0.7725,0.12526907,0.75,0.58333333,0.91666667,100,0,0.8812037,0.02801232,0.87962963,0.84212963,0.91712963,100,0,0.1187963,0.02801232,0.12037037,0.08287037,0.15787037,100,0,0.54488926,0.07916439,0.55172414,0.41117647,0.64954955,100,0,0.1187963,0.02801232,0.12037037,0.08287037,0.15787037,100,0,0.90666667,0.09305608,0.88888889,0.77777778,1.0,100,0,0.0745,0.03269206,0.06666667,0.03333333,0.13416666,100,0,0.0,0.0,0.0,0.0,0.0
high_zero_inflation,measurement_stress,vu_report__taxon_source_label__comparison_separate_votes,100,report; source label; comparison-specific votes,report,source_label,separate_votes,primary_comparisons_and_primary_evidence_tiers,100,0,0.42484587,0.07160335,0.42206478,0.3180622,0.54568182,100,0,0.57515413,0.07160335,0.57793523,0.45431818,0.6819378,100,0,0.7725,0.12526907,0.75,0.58333333,0.91666667,100,0,0.8812037,0.02801232,0.87962963,0.84212963,0.91712963,100,0,0.1187963,0.02801232,0.12037037,0.08287037,0.15787037,100,0,0.54488926,0.07916439,0.55172414,0.41117647,0.64954955,100,0,0.1187963,0.02801232,0.12037037,0.08287037,0.15787037,100,0,0.90666667,0.09305608,0.88888889,0.77777778,1.0,100,0,0.0745,0.03269206,0.06666667,0.03333333,0.13416666,100,0,0.0,0.0,0.0,0.0,0.0
high_zero_inflation,measurement_stress,vu_row__taxon_resolved_target__comparison_family_state,100,row; resolved target taxon; family-state collapse,row,resolved_target,family_state,primary_comparisons_and_primary_evidence_tiers,100,0,0.55604719,0.08690417,0.55,0.43478261,0.71428571,100,0,0.44395281,0.08690417,0.45,0.28571429,0.56521739,100,0,0.89666667,0.09107168,0.91666667,0.75,1.0,100,0,0.91703704,0.02661294,0.91666667,0.87037037,0.96296296,100,0,0.08296296,0.02661294,0.08333333,0.03703704,0.12962963,100,0,0.68228463,0.07715926,0.68571429,0.55536399,0.8,100,0,0.08296296,0.02661294,0.08333333,0.03703704,0.12962963,100,0,0.87777778,0.11765256,0.88888889,0.66666667,1.0,100,0,0.08116667,0.03470697,0.08333333,0.03333333,0.15,100,0,0.0,0.0,0.0,0.0,0.0
high_zero_inflation,measurement_stress,vu_row__taxon_resolved_target__comparison_ignore,100,row; resolved target taxon; comparisons ignored,row,resolved_target,ignore,primary_comparisons_and_primary_evidence_tiers,100,0,0.39280657,0.06834385,0.38795987,0.29928571,0.52666667,100,0,0.60719343,0.06834385,0.61204013,0.47333333,0.70071429,100,0,0.77333333,0.12427116,0.75,0.58333333,0.91666667,100,0,0.86416667,0.0309498,0.86111111,0.81481481,0.91666667,100,0,0.13583333,0.0309498,0.13888889,0.08333333,0.18518519,100,0,0.51787667,0.07715707,0.51612903,0.37467105,0.64623656,100,0,0.13583333,0.0309498,0.13888889,0.08333333,0.18518519,100,0,0.90666667,0.09305608,0.88888889,0.77777778,1.0,100,0,0.0745,0.03269206,0.06666667,0.03333333,0.13416666,100,0,0.0,0.0,0.0,0.0,0.0
high_zero_inflation,measurement_stress,vu_row__taxon_resolved_target__comparison_separate_votes,100,row; resolved target taxon; comparison-specific votes,row,resolved_target,separate_votes,primary_comparisons_and_primary_evidence_tiers,100,0,0.39280657,0.06834385,0.38795987,0.29928571,0.52666667,100,0,0.60719343,0.06834385,0.61204013,0.47333333,0.70071429,100,0,0.77333333,0.12427116,0.75,0.58333333,0.91666667,100,0,0.86416667,0.0309498,0.86111111,0.81481481,0.91666667,100,0,0.13583333,0.0309498,0.13888889,0.08333333,0.18518519,100,0,0.51787667,0.07715707,0.51612903,0.37467105,0.64623656,100,0,0.13583333,0.0309498,0.13888889,0.08333333,0.18518519,100,0,0.90666667,0.09305608,0.88888889,0.77777778,1.0,100,0,0.0745,0.03269206,0.06666667,0.03333333,0.13416666,100,0,0.0,0.0,0.0,0.0,0.0
high_zero_inflation,measurement_stress,vu_row__taxon_source_label__comparison_family_state,100,row; source label; family-state collapse,row,source_label,family_state,primary_comparisons_and_primary_evidence_tiers,100,0,0.55604719,0.08690417,0.55,0.43478261,0.71428571,100,0,0.44395281,0.08690417,0.45,0.28571429,0.56521739,100,0,0.89666667,0.09107168,0.91666667,0.75,1.0,100,0,0.91703704,0.02661294,0.91666667,0.87037037,0.96296296,100,0,0.08296296,0.02661294,0.08333333,0.03703704,0.12962963,100,0,0.68228463,0.07715926,0.68571429,0.55536399,0.8,100,0,0.08296296,0.02661294,0.08333333,0.03703704,0.12962963,100,0,0.87777778,0.11765256,0.88888889,0.66666667,1.0,100,0,0.08116667,0.03470697,0.08333333,0.03333333,0.15,100,0,0.0,0.0,0.0,0.0,0.0
high_zero_inflation,measurement_stress,vu_row__taxon_source_label__comparison_ignore,100,row; source label; comparisons ignored,row,source_label,ignore,primary_comparisons_and_primary_evidence_tiers,100,0,0.42484587,0.07160335,0.42206478,0.3180622,0.54568182,100,0,0.57515413,0.07160335,0.57793523,0.45431818,0.6819378,100,0,0.7725,0.12526907,0.75,0.58333333,0.91666667,100,0,0.8812037,0.02801232,0.87962963,0.84212963,0.91712963,100,0,0.1187963,0.02801232,0.12037037,0.08287037,0.15787037,100,0,0.54488926,0.07916439,0.55172414,0.41117647,0.64954955,100,0,0.1187963,0.02801232,0.12037037,0.08287037,0.15787037,100,0,0.90666667,0.09305608,0.88888889,0.77777778,1.0,100,0,0.0745,0.03269206,0.06666667,0.03333333,0.13416666,100,0,0.0,0.0,0.0,0.0,0.0
high_zero_inflation,measurement_stress,vu_row__taxon_source_label__comparison_separate_votes,100,row; source label; comparison-specific votes,row,source_label,separate_votes,primary_comparisons_and_primary_evidence_tiers,100,0,0.42484587,0.07160335,0.42206478,0.3180622,0.54568182,100,0,0.57515413,0.07160335,0.57793523,0.45431818,0.6819378,100,0,0.7725,0.12526907,0.75,0.58333333,0.91666667,100,0,0.8812037,0.02801232,0.87962963,0.84212963,0.91712963,100,0,0.1187963,0.02801232,0.12037037,0.08287037,0.15787037,100,0,0.54488926,0.07916439,0.55172414,0.41117647,0.64954955,100,0,0.1187963,0.02801232,0.12037037,0.08287037,0.15787037,100,0,0.90666667,0.09305608,0.88888889,0.77777778,1.0,100,0,0.0745,0.03269206,0.06666667,0.03333333,0.13416666,100,0,0.0,0.0,0.0,0.0,0.0
incorrect_family_merge,mandatory_failure_region,vu_family__taxon_resolved_target__comparison_family_state,100,family; resolved target taxon; family-state collapse,family,resolved_target,family_state,primary_comparisons_and_primary_evidence_tiers,98,2,0.53937396,0.11301278,0.52173913,0.4062963,0.75416667,98,2,0.46062604,0.11301278,0.47826087,0.24583333,0.5937037,100,0,0.8575,0.17579984,0.91666667,0.58333333,1.0,100,0,0.90981482,0.0409591,0.90740741,0.85185185,0.98194444,100,0,0.09018518,0.0409591,0.09259259,0.01805556,0.14814815,100,0,0.63964667,0.11396884,0.64785373,0.54545455,0.76227106,100,0,0.09018518,0.0409591,0.09259259,0.01805556,0.14814815,100,0,0.80222222,0.17269675,0.77777778,0.44444444,1.0,100,0,0.09766667,0.13240459,0.05,0.0,0.33333333,100,0,0.0,0.0,0.0,0.0,0.0
incorrect_family_merge,mandatory_failure_region,vu_family__taxon_resolved_target__comparison_ignore,100,family; resolved target taxon; comparisons ignored,family,resolved_target,ignore,primary_comparisons_and_primary_evidence_tiers,98,2,0.53937396,0.11301278,0.52173913,0.4062963,0.75416667,98,2,0.46062604,0.11301278,0.47826087,0.24583333,0.5937037,100,0,0.8575,0.17579984,0.91666667,0.58333333,1.0,100,0,0.90981482,0.0409591,0.90740741,0.85185185,0.98194444,100,0,0.09018518,0.0409591,0.09259259,0.01805556,0.14814815,100,0,0.63964667,0.11396884,0.64785373,0.54545455,0.76227106,100,0,0.09018518,0.0409591,0.09259259,0.01805556,0.14814815,100,0,0.80222222,0.17269675,0.77777778,0.44444444,1.0,100,0,0.09766667,0.13240459,0.05,0.0,0.33333333,100,0,0.0,0.0,0.0,0.0,0.0
incorrect_family_merge,mandatory_failure_region,vu_family__taxon_resolved_target__comparison_separate_votes,100,family; resolved target taxon; comparison-specific votes,family,resolved_target,separate_votes,primary_comparisons_and_primary_evidence_tiers,98,2,0.53937396,0.11301278,0.52173913,0.4062963,0.75416667,98,2,0.46062604,0.11301278,0.47826087,0.24583333,0.5937037,100,0,0.8575,0.17579984,0.91666667,0.58333333,1.0,100,0,0.90981482,0.0409591,0.90740741,0.85185185,0.98194444,100,0,0.09018518,0.0409591,0.09259259,0.01805556,0.14814815,100,0,0.63964667,0.11396884,0.64785373,0.54545455,0.76227106,100,0,0.09018518,0.0409591,0.09259259,0.01805556,0.14814815,100,0,0.80222222,0.17269675,0.77777778,0.44444444,1.0,100,0,0.09766667,0.13240459,0.05,0.0,0.33333333,100,0,0.0,0.0,0.0,0.0,0.0
incorrect_family_merge,mandatory_failure_region,vu_family__taxon_source_label__comparison_family_state,100,family; source label; family-state collapse,family,source_label,family_state,primary_comparisons_and_primary_evidence_tiers,98,2,0.53937396,0.11301278,0.52173913,0.4062963,0.75416667,98,2,0.46062604,0.11301278,0.47826087,0.24583333,0.5937037,100,0,0.8575,0.17579984,0.91666667,0.58333333,1.0,100,0,0.90981482,0.0409591,0.90740741,0.85185185,0.98194444,100,0,0.09018518,0.0409591,0.09259259,0.01805556,0.14814815,100,0,0.63964667,0.11396884,0.64785373,0.54545455,0.76227106,100,0,0.09018518,0.0409591,0.09259259,0.01805556,0.14814815,100,0,0.80222222,0.17269675,0.77777778,0.44444444,1.0,100,0,0.09766667,0.13240459,0.05,0.0,0.33333333,100,0,0.0,0.0,0.0,0.0,0.0
incorrect_family_merge,mandatory_failure_region,vu_family__taxon_source_label__comparison_ignore,100,family; source label; comparisons ignored,family,source_label,ignore,primary_comparisons_and_primary_evidence_tiers,98,2,0.53937396,0.11301278,0.52173913,0.4062963,0.75416667,98,2,0.46062604,0.11301278,0.47826087,0.24583333,0.5937037,100,0,0.8575,0.17579984,0.91666667,0.58333333,1.0,100,0,0.90981482,0.0409591,0.90740741,0.85185185,0.98194444,100,0,0.09018518,0.0409591,0.09259259,0.01805556,0.14814815,100,0,0.63964667,0.11396884,0.64785373,0.54545455,0.76227106,100,0,0.09018518,0.0409591,0.09259259,0.01805556,0.14814815,100,0,0.80222222,0.17269675,0.77777778,0.44444444,1.0,100,0,0.09766667,0.13240459,0.05,0.0,0.33333333,100,0,0.0,0.0,0.0,0.0,0.0
incorrect_family_merge,mandatory_failure_region,vu_family__taxon_source_label__comparison_separate_votes,100,family; source label; comparison-specific votes,family,source_label,separate_votes,primary_comparisons_and_primary_evidence_tiers,98,2,0.53937396,0.11301278,0.52173913,0.4062963,0.75416667,98,2,0.46062604,0.11301278,0.47826087,0.24583333,0.5937037,100,0,0.8575,0.17579984,0.91666667,0.58333333,1.0,100,0,0.90981482,0.0409591,0.90740741,0.85185185,0.98194444,100,0,0.09018518,0.0409591,0.09259259,0.01805556,0.14814815,100,0,0.63964667,0.11396884,0.64785373,0.54545455,0.76227106,100,0,0.09018518,0.0409591,0.09259259,0.01805556,0.14814815,100,0,0.80222222,0.17269675,0.77777778,0.44444444,1.0,100,0,0.09766667,0.13240459,0.05,0.0,0.33333333,100,0,0.0,0.0,0.0,0.0,0.0
incorrect_family_merge,mandatory_failure_region,vu_report__taxon_resolved_target__comparison_family_state,100,report; resolved target taxon; family-state collapse,report,resolved_target,family_state,primary_comparisons_and_primary_evidence_tiers,98,2,0.53937396,0.11301278,0.52173913,0.4062963,0.75416667,98,2,0.46062604,0.11301278,0.47826087,0.24583333,0.5937037,100,0,0.8575,0.17579984,0.91666667,0.58333333,1.0,100,0,0.90981482,0.0409591,0.90740741,0.85185185,0.98194444,100,0,0.09018518,0.0409591,0.09259259,0.01805556,0.14814815,100,0,0.63964667,0.11396884,0.64785373,0.54545455,0.76227106,100,0,0.09018518,0.0409591,0.09259259,0.01805556,0.14814815,100,0,0.80222222,0.17269675,0.77777778,0.44444444,1.0,100,0,0.09766667,0.13240459,0.05,0.0,0.33333333,100,0,0.0,0.0,0.0,0.0,0.0
incorrect_family_merge,mandatory_failure_region,vu_report__taxon_resolved_target__comparison_ignore,100,report; resolved target taxon; comparisons ignored,report,resolved_target,ignore,primary_comparisons_and_primary_evidence_tiers,100,0,0.5832401,0.10875861,0.57518797,0.41176471,0.75178571,100,0,0.4167599,0.10875861,0.42481203,0.24821429,0.58823529,100,0,0.70166667,0.12600884,0.66666667,0.5,0.91666667,100,0,0.94185185,0.02198558,0.94444444,0.90740741,0.97268518,100,0,0.05814815,0.02198558,0.05555556,0.02731482,0.09259259,100,0,0.63134966,0.10019597,0.64,0.48262069,0.78716932,100,0,0.05814815,0.02198558,0.05555556,0.02731482,0.09259259,100,0,0.97333333,0.05934337,1.0,0.88333333,1.0,100,0,0.003,0.00643538,0.0,0.0,0.01666667,100,0,0.0,0.0,0.0,0.0,0.0
incorrect_family_merge,mandatory_failure_region,vu_report__taxon_resolved_target__comparison_separate_votes,100,report; resolved target taxon; comparison-specific votes,report,resolved_target,separate_votes,primary_comparisons_and_primary_evidence_tiers,100,0,0.5832401,0.10875861,0.57518797,0.41176471,0.75178571,100,0,0.4167599,0.10875861,0.42481203,0.24821429,0.58823529,100,0,0.70166667,0.12600884,0.66666667,0.5,0.91666667,100,0,0.94185185,0.02198558,0.94444444,0.90740741,0.97268518,100,0,0.05814815,0.02198558,0.05555556,0.02731482,0.09259259,100,0,0.63134966,0.10019597,0.64,0.48262069,0.78716932,100,0,0.05814815,0.02198558,0.05555556,0.02731482,0.09259259,100,0,0.97333333,0.05934337,1.0,0.88333333,1.0,100,0,0.003,0.00643538,0.0,0.0,0.01666667,100,0,0.0,0.0,0.0,0.0,0.0
incorrect_family_merge,mandatory_failure_region,vu_report__taxon_source_label__comparison_family_state,100,report; source label; family-state collapse,report,source_label,family_state,primary_comparisons_and_primary_evidence_tiers,98,2,0.53937396,0.11301278,0.52173913,0.4062963,0.75416667,98,2,0.46062604,0.11301278,0.47826087,0.24583333,0.5937037,100,0,0.8575,0.17579984,0.91666667,0.58333333,1.0,100,0,0.90981482,0.0409591,0.90740741,0.85185185,0.98194444,100,0,0.09018518,0.0409591,0.09259259,0.01805556,0.14814815,100,0,0.63964667,0.11396884,0.64785373,0.54545455,0.76227106,100,0,0.09018518,0.0409591,0.09259259,0.01805556,0.14814815,100,0,0.80222222,0.17269675,0.77777778,0.44444444,1.0,100,0,0.09766667,0.13240459,0.05,0.0,0.33333333,100,0,0.0,0.0,0.0,0.0,0.0
incorrect_family_merge,mandatory_failure_region,vu_report__taxon_source_label__comparison_ignore,100,report; source label; comparisons ignored,report,source_label,ignore,primary_comparisons_and_primary_evidence_tiers,100,0,0.5832401,0.10875861,0.57518797,0.41176471,0.75178571,100,0,0.4167599,0.10875861,0.42481203,0.24821429,0.58823529,100,0,0.70166667,0.12600884,0.66666667,0.5,0.91666667,100,0,0.94185185,0.02198558,0.94444444,0.90740741,0.97268518,100,0,0.05814815,0.02198558,0.05555556,0.02731482,0.09259259,100,0,0.63134966,0.10019597,0.64,0.48262069,0.78716932,100,0,0.05814815,0.02198558,0.05555556,0.02731482,0.09259259,100,0,0.97333333,0.05934337,1.0,0.88333333,1.0,100,0,0.003,0.00643538,0.0,0.0,0.01666667,100,0,0.0,0.0,0.0,0.0,0.0
incorrect_family_merge,mandatory_failure_region,vu_report__taxon_source_label__comparison_separate_votes,100,report; source label; comparison-specific votes,report,source_label,separate_votes,primary_comparisons_and_primary_evidence_tiers,100,0,0.5832401,0.10875861,0.57518797,0.41176471,0.75178571,100,0,0.4167599,0.10875861,0.42481203,0.24821429,0.58823529,100,0,0.70166667,0.12600884,0.66666667,0.5,0.91666667,100,0,0.94185185,0.02198558,0.94444444,0.90740741,0.97268518,100,0,0.05814815,0.02198558,0.05555556,0.02731482,0.09259259,100,0,0.63134966,0.10019597,0.64,0.48262069,0.78716932,100,0,0.05814815,0.02198558,0.05555556,0.02731482,0.09259259,100,0,0.97333333,0.05934337,1.0,0.88333333,1.0,100,0,0.003,0.00643538,0.0,0.0,0.01666667,100,0,0.0,0.0,0.0,0.0,0.0
incorrect_family_merge,mandatory_failure_region,vu_row__taxon_resolved_target__comparison_family_state,100,row; resolved target taxon; family-state collapse,row,resolved_target,family_state,primary_comparisons_and_primary_evidence_tiers,98,2,0.53937396,0.11301278,0.52173913,0.4062963,0.75416667,98,2,0.46062604,0.11301278,0.47826087,0.24583333,0.5937037,100,0,0.8575,0.17579984,0.91666667,0.58333333,1.0,100,0,0.90981482,0.0409591,0.90740741,0.85185185,0.98194444,100,0,0.09018518,0.0409591,0.09259259,0.01805556,0.14814815,100,0,0.63964667,0.11396884,0.64785373,0.54545455,0.76227106,100,0,0.09018518,0.0409591,0.09259259,0.01805556,0.14814815,100,0,0.80222222,0.17269675,0.77777778,0.44444444,1.0,100,0,0.09766667,0.13240459,0.05,0.0,0.33333333,100,0,0.0,0.0,0.0,0.0,0.0
incorrect_family_merge,mandatory_failure_region,vu_row__taxon_resolved_target__comparison_ignore,100,row; resolved target taxon; comparisons ignored,row,resolved_target,ignore,primary_comparisons_and_primary_evidence_tiers,100,0,0.57394854,0.10871691,0.57142857,0.41117647,0.73595238,100,0,0.42605146,0.10871691,0.42857143,0.26404762,0.58882353,100,0,0.70166667,0.12600884,0.66666667,0.5,0.91666667,100,0,0.93953704,0.02254469,0.93981482,0.90740741,0.97268518,100,0,0.06046296,0.02254469,0.06018519,0.02731482,0.09259259,100,0,0.6256884,0.09972273,0.64,0.48,0.78276398,100,0,0.06046296,0.02254469,0.06018519,0.02731482,0.09259259,100,0,0.97333333,0.05934337,1.0,0.88333333,1.0,100,0,0.003,0.00643538,0.0,0.0,0.01666667,100,0,0.0,0.0,0.0,0.0,0.0
incorrect_family_merge,mandatory_failure_region,vu_row__taxon_resolved_target__comparison_separate_votes,100,row; resolved target taxon; comparison-specific votes,row,resolved_target,separate_votes,primary_comparisons_and_primary_evidence_tiers,100,0,0.57394854,0.10871691,0.57142857,0.41117647,0.73595238,100,0,0.42605146,0.10871691,0.42857143,0.26404762,0.58882353,100,0,0.70166667,0.12600884,0.66666667,0.5,0.91666667,100,0,0.93953704,0.02254469,0.93981482,0.90740741,0.97268518,100,0,0.06046296,0.02254469,0.06018519,0.02731482,0.09259259,100,0,0.6256884,0.09972273,0.64,0.48,0.78276398,100,0,0.06046296,0.02254469,0.06018519,0.02731482,0.09259259,100,0,0.97333333,0.05934337,1.0,0.88333333,1.0,100,0,0.003,0.00643538,0.0,0.0,0.01666667,100,0,0.0,0.0,0.0,0.0,0.0
incorrect_family_merge,mandatory_failure_region,vu_row__taxon_source_label__comparison_family_state,100,row; source label; family-state collapse,row,source_label,family_state,primary_comparisons_and_primary_evidence_tiers,98,2,0.53937396,0.11301278,0.52173913,0.4062963,0.75416667,98,2,0.46062604,0.11301278,0.47826087,0.24583333,0.5937037,100,0,0.8575,0.17579984,0.91666667,0.58333333,1.0,100,0,0.90981482,0.0409591,0.90740741,0.85185185,0.98194444,100,0,0.09018518,0.0409591,0.09259259,0.01805556,0.14814815,100,0,0.63964667,0.11396884,0.64785373,0.54545455,0.76227106,100,0,0.09018518,0.0409591,0.09259259,0.01805556,0.14814815,100,0,0.80222222,0.17269675,0.77777778,0.44444444,1.0,100,0,0.09766667,0.13240459,0.05,0.0,0.33333333,100,0,0.0,0.0,0.0,0.0,0.0
incorrect_family_merge,mandatory_failure_region,vu_row__taxon_source_label__comparison_ignore,100,row; source label; comparisons ignored,row,source_label,ignore,primary_comparisons_and_primary_evidence_tiers,100,0,0.5832401,0.10875861,0.57518797,0.41176471,0.75178571,100,0,0.4167599,0.10875861,0.42481203,0.24821429,0.58823529,100,0,0.70166667,0.12600884,0.66666667,0.5,0.91666667,100,0,0.94185185,0.02198558,0.94444444,0.90740741,0.97268518,100,0,0.05814815,0.02198558,0.05555556,0.02731482,0.09259259,100,0,0.63134966,0.10019597,0.64,0.48262069,0.78716932,100,0,0.05814815,0.02198558,0.05555556,0.02731482,0.09259259,100,0,0.97333333,0.05934337,1.0,0.88333333,1.0,100,0,0.003,0.00643538,0.0,0.0,0.01666667,100,0,0.0,0.0,0.0,0.0,0.0
incorrect_family_merge,mandatory_failure_region,vu_row__taxon_source_label__comparison_separate_votes,100,row; source label; comparison-specific votes,row,source_label,separate_votes,primary_comparisons_and_primary_evidence_tiers,100,0,0.5832401,0.10875861,0.57518797,0.41176471,0.75178571,100,0,0.4167599,0.10875861,0.42481203,0.24821429,0.58823529,100,0,0.70166667,0.12600884,0.66666667,0.5,0.91666667,100,0,0.94185185,0.02198558,0.94444444,0.90740741,0.97268518,100,0,0.05814815,0.02198558,0.05555556,0.02731482,0.09259259,100,0,0.63134966,0.10019597,0.64,0.48262069,0.78716932,100,0,0.05814815,0.02198558,0.05555556,0.02731482,0.09259259,100,0,0.97333333,0.05934337,1.0,0.88333333,1.0,100,0,0.003,0.00643538,0.0,0.0,0.01666667,100,0,0.0,0.0,0.0,0.0,0.0
incorrect_family_split,mandatory_failure_region,vu_family__taxon_resolved_target__comparison_family_state,100,family; resolved target taxon; family-state collapse,family,resolved_target,family_state,primary_comparisons_and_primary_evidence_tiers,100,0,0.62973959,0.10678493,0.63961039,0.46153846,0.8,100,0,0.37026041,0.10678493,0.36038961,0.2,0.53846154,100,0,0.64833333,0.14388977,0.66666667,0.41666667,0.91666667,100,0,0.95648148,0.01693061,0.95833333,0.92592593,0.98148148,100,0,0.04351852,0.01693061,0.04166667,0.01851852,0.07407407,100,0,0.63172674,0.10931458,0.64285714,0.4540404,0.8,100,0,0.04351852,0.01693061,0.04166667,0.01851852,0.07407407,100,0,0.99111111,0.03029555,1.0,0.88888889,1.0,100,0,0.00083333,0.00365072,0.0,0.0,0.00083333,100,0,0.0,0.0,0.0,0.0,0.0
incorrect_family_split,mandatory_failure_region,vu_family__taxon_resolved_target__comparison_ignore,100,family; resolved target taxon; comparisons ignored,family,resolved_target,ignore,primary_comparisons_and_primary_evidence_tiers,100,0,0.62973959,0.10678493,0.63961039,0.46153846,0.8,100,0,0.37026041,0.10678493,0.36038961,0.2,0.53846154,100,0,0.64833333,0.14388977,0.66666667,0.41666667,0.91666667,100,0,0.95648148,0.01693061,0.95833333,0.92592593,0.98148148,100,0,0.04351852,0.01693061,0.04166667,0.01851852,0.07407407,100,0,0.63172674,0.10931458,0.64285714,0.4540404,0.8,100,0,0.04351852,0.01693061,0.04166667,0.01851852,0.07407407,100,0,0.99111111,0.03029555,1.0,0.88888889,1.0,100,0,0.00083333,0.00365072,0.0,0.0,0.00083333,100,0,0.0,0.0,0.0,0.0,0.0
incorrect_family_split,mandatory_failure_region,vu_family__taxon_resolved_target__comparison_separate_votes,100,family; resolved target taxon; comparison-specific votes,family,resolved_target,separate_votes,primary_comparisons_and_primary_evidence_tiers,100,0,0.62973959,0.10678493,0.63961039,0.46153846,0.8,100,0,0.37026041,0.10678493,0.36038961,0.2,0.53846154,100,0,0.64833333,0.14388977,0.66666667,0.41666667,0.91666667,100,0,0.95648148,0.01693061,0.95833333,0.92592593,0.98148148,100,0,0.04351852,0.01693061,0.04166667,0.01851852,0.07407407,100,0,0.63172674,0.10931458,0.64285714,0.4540404,0.8,100,0,0.04351852,0.01693061,0.04166667,0.01851852,0.07407407,100,0,0.99111111,0.03029555,1.0,0.88888889,1.0,100,0,0.00083333,0.00365072,0.0,0.0,0.00083333,100,0,0.0,0.0,0.0,0.0,0.0
incorrect_family_split,mandatory_failure_region,vu_family__taxon_source_label__comparison_family_state,100,family; source label; family-state collapse,family,source_label,family_state,primary_comparisons_and_primary_evidence_tiers,100,0,0.62973959,0.10678493,0.63961039,0.46153846,0.8,100,0,0.37026041,0.10678493,0.36038961,0.2,0.53846154,100,0,0.64833333,0.14388977,0.66666667,0.41666667,0.91666667,100,0,0.95648148,0.01693061,0.95833333,0.92592593,0.98148148,100,0,0.04351852,0.01693061,0.04166667,0.01851852,0.07407407,100,0,0.63172674,0.10931458,0.64285714,0.4540404,0.8,100,0,0.04351852,0.01693061,0.04166667,0.01851852,0.07407407,100,0,0.99111111,0.03029555,1.0,0.88888889,1.0,100,0,0.00083333,0.00365072,0.0,0.0,0.00083333,100,0,0.0,0.0,0.0,0.0,0.0
incorrect_family_split,mandatory_failure_region,vu_family__taxon_source_label__comparison_ignore,100,family; source label; comparisons ignored,family,source_label,ignore,primary_comparisons_and_primary_evidence_tiers,100,0,0.62973959,0.10678493,0.63961039,0.46153846,0.8,100,0,0.37026041,0.10678493,0.36038961,0.2,0.53846154,100,0,0.64833333,0.14388977,0.66666667,0.41666667,0.91666667,100,0,0.95648148,0.01693061,0.95833333,0.92592593,0.98148148,100,0,0.04351852,0.01693061,0.04166667,0.01851852,0.07407407,100,0,0.63172674,0.10931458,0.64285714,0.4540404,0.8,100,0,0.04351852,0.01693061,0.04166667,0.01851852,0.07407407,100,0,0.99111111,0.03029555,1.0,0.88888889,1.0,100,0,0.00083333,0.00365072,0.0,0.0,0.00083333,100,0,0.0,0.0,0.0,0.0,0.0
incorrect_family_split,mandatory_failure_region,vu_family__taxon_source_label__comparison_separate_votes,100,family; source label; comparison-specific votes,family,source_label,separate_votes,primary_comparisons_and_primary_evidence_tiers,100,0,0.62973959,0.10678493,0.63961039,0.46153846,0.8,100,0,0.37026041,0.10678493,0.36038961,0.2,0.53846154,100,0,0.64833333,0.14388977,0.66666667,0.41666667,0.91666667,100,0,0.95648148,0.01693061,0.95833333,0.92592593,0.98148148,100,0,0.04351852,0.01693061,0.04166667,0.01851852,0.07407407,100,0,0.63172674,0.10931458,0.64285714,0.4540404,0.8,100,0,0.04351852,0.01693061,0.04166667,0.01851852,0.07407407,100,0,0.99111111,0.03029555,1.0,0.88888889,1.0,100,0,0.00083333,0.00365072,0.0,0.0,0.00083333,100,0,0.0,0.0,0.0,0.0,0.0
incorrect_family_split,mandatory_failure_region,vu_report__taxon_resolved_target__comparison_family_state,100,report; resolved target taxon; family-state collapse,report,resolved_target,family_state,primary_comparisons_and_primary_evidence_tiers,100,0,0.62973959,0.10678493,0.63961039,0.46153846,0.8,100,0,0.37026041,0.10678493,0.36038961,0.2,0.53846154,100,0,0.64833333,0.14388977,0.66666667,0.41666667,0.91666667,100,0,0.95648148,0.01693061,0.95833333,0.92592593,0.98148148,100,0,0.04351852,0.01693061,0.04166667,0.01851852,0.07407407,100,0,0.63172674,0.10931458,0.64285714,0.4540404,0.8,100,0,0.04351852,0.01693061,0.04166667,0.01851852,0.07407407,100,0,0.99111111,0.03029555,1.0,0.88888889,1.0,100,0,0.00083333,0.00365072,0.0,0.0,0.00083333,100,0,0.0,0.0,0.0,0.0,0.0
incorrect_family_split,mandatory_failure_region,vu_report__taxon_resolved_target__comparison_ignore,100,report; resolved target taxon; comparisons ignored,report,resolved_target,ignore,primary_comparisons_and_primary_evidence_tiers,100,0,0.61873492,0.11721044,0.61538462,0.42797619,0.8,100,0,0.38126508,0.11721044,0.38461538,0.2,0.57202381,100,0,0.6,0.14262648,0.58333333,0.33333333,0.83333333,100,0,0.95787037,0.01702625,0.96296296,0.92592593,0.98148148,100,0,0.04212963,0.01702625,0.03703704,0.01851852,0.07407407,100,0,0.60243282,0.11662126,0.60869565,0.38443223,0.77076923,100,0,0.04212963,0.01702625,0.03703704,0.01851852,0.07407407,100,0,0.99111111,0.03029555,1.0,0.88888889,1.0,100,0,0.00083333,0.00365072,0.0,0.0,0.00083333,100,0,0.0,0.0,0.0,0.0,0.0
incorrect_family_split,mandatory_failure_region,vu_report__taxon_resolved_target__comparison_separate_votes,100,report; resolved target taxon; comparison-specific votes,report,resolved_target,separate_votes,primary_comparisons_and_primary_evidence_tiers,100,0,0.61873492,0.11721044,0.61538462,0.42797619,0.8,100,0,0.38126508,0.11721044,0.38461538,0.2,0.57202381,100,0,0.6,0.14262648,0.58333333,0.33333333,0.83333333,100,0,0.95787037,0.01702625,0.96296296,0.92592593,0.98148148,100,0,0.04212963,0.01702625,0.03703704,0.01851852,0.07407407,100,0,0.60243282,0.11662126,0.60869565,0.38443223,0.77076923,100,0,0.04212963,0.01702625,0.03703704,0.01851852,0.07407407,100,0,0.99111111,0.03029555,1.0,0.88888889,1.0,100,0,0.00083333,0.00365072,0.0,0.0,0.00083333,100,0,0.0,0.0,0.0,0.0,0.0
incorrect_family_split,mandatory_failure_region,vu_report__taxon_source_label__comparison_family_state,100,report; source label; family-state collapse,report,source_label,family_state,primary_comparisons_and_primary_evidence_tiers,100,0,0.62973959,0.10678493,0.63961039,0.46153846,0.8,100,0,0.37026041,0.10678493,0.36038961,0.2,0.53846154,100,0,0.64833333,0.14388977,0.66666667,0.41666667,0.91666667,100,0,0.95648148,0.01693061,0.95833333,0.92592593,0.98148148,100,0,0.04351852,0.01693061,0.04166667,0.01851852,0.07407407,100,0,0.63172674,0.10931458,0.64285714,0.4540404,0.8,100,0,0.04351852,0.01693061,0.04166667,0.01851852,0.07407407,100,0,0.99111111,0.03029555,1.0,0.88888889,1.0,100,0,0.00083333,0.00365072,0.0,0.0,0.00083333,100,0,0.0,0.0,0.0,0.0,0.0
incorrect_family_split,mandatory_failure_region,vu_report__taxon_source_label__comparison_ignore,100,report; source label; comparisons ignored,report,source_label,ignore,primary_comparisons_and_primary_evidence_tiers,100,0,0.61873492,0.11721044,0.61538462,0.42797619,0.8,100,0,0.38126508,0.11721044,0.38461538,0.2,0.57202381,100,0,0.6,0.14262648,0.58333333,0.33333333,0.83333333,100,0,0.95787037,0.01702625,0.96296296,0.92592593,0.98148148,100,0,0.04212963,0.01702625,0.03703704,0.01851852,0.07407407,100,0,0.60243282,0.11662126,0.60869565,0.38443223,0.77076923,100,0,0.04212963,0.01702625,0.03703704,0.01851852,0.07407407,100,0,0.99111111,0.03029555,1.0,0.88888889,1.0,100,0,0.00083333,0.00365072,0.0,0.0,0.00083333,100,0,0.0,0.0,0.0,0.0,0.0
incorrect_family_split,mandatory_failure_region,vu_report__taxon_source_label__comparison_separate_votes,100,report; source label; comparison-specific votes,report,source_label,separate_votes,primary_comparisons_and_primary_evidence_tiers,100,0,0.61873492,0.11721044,0.61538462,0.42797619,0.8,100,0,0.38126508,0.11721044,0.38461538,0.2,0.57202381,100,0,0.6,0.14262648,0.58333333,0.33333333,0.83333333,100,0,0.95787037,0.01702625,0.96296296,0.92592593,0.98148148,100,0,0.04212963,0.01702625,0.03703704,0.01851852,0.07407407,100,0,0.60243282,0.11662126,0.60869565,0.38443223,0.77076923,100,0,0.04212963,0.01702625,0.03703704,0.01851852,0.07407407,100,0,0.99111111,0.03029555,1.0,0.88888889,1.0,100,0,0.00083333,0.00365072,0.0,0.0,0.00083333,100,0,0.0,0.0,0.0,0.0,0.0
incorrect_family_split,mandatory_failure_region,vu_row__taxon_resolved_target__comparison_family_state,100,row; resolved target taxon; family-state collapse,row,resolved_target,family_state,primary_comparisons_and_primary_evidence_tiers,100,0,0.62973959,0.10678493,0.63961039,0.46153846,0.8,100,0,0.37026041,0.10678493,0.36038961,0.2,0.53846154,100,0,0.64833333,0.14388977,0.66666667,0.41666667,0.91666667,100,0,0.95648148,0.01693061,0.95833333,0.92592593,0.98148148,100,0,0.04351852,0.01693061,0.04166667,0.01851852,0.07407407,100,0,0.63172674,0.10931458,0.64285714,0.4540404,0.8,100,0,0.04351852,0.01693061,0.04166667,0.01851852,0.07407407,100,0,0.99111111,0.03029555,1.0,0.88888889,1.0,100,0,0.00083333,0.00365072,0.0,0.0,0.00083333,100,0,0.0,0.0,0.0,0.0,0.0
incorrect_family_split,mandatory_failure_region,vu_row__taxon_resolved_target__comparison_ignore,100,row; resolved target taxon; comparisons ignored,row,resolved_target,ignore,primary_comparisons_and_primary_evidence_tiers,100,0,0.61500606,0.11814739,0.61538462,0.42797619,0.8,100,0,0.38499394,0.11814739,0.38461538,0.2,0.57202381,100,0,0.6,0.14262648,0.58333333,0.33333333,0.83333333,100,0,0.95722222,0.01704683,0.96296296,0.92592593,0.98148148,100,0,0.04277778,0.01704683,0.03703704,0.01851852,0.07407407,100,0,0.60076161,0.11683307,0.60869565,0.38443223,0.77076923,100,0,0.04277778,0.01704683,0.03703704,0.01851852,0.07407407,100,0,0.99111111,0.03029555,1.0,0.88888889,1.0,100,0,0.00083333,0.00365072,0.0,0.0,0.00083333,100,0,0.0,0.0,0.0,0.0,0.0
incorrect_family_split,mandatory_failure_region,vu_row__taxon_resolved_target__comparison_separate_votes,100,row; resolved target taxon; comparison-specific votes,row,resolved_target,separate_votes,primary_comparisons_and_primary_evidence_tiers,100,0,0.61500606,0.11814739,0.61538462,0.42797619,0.8,100,0,0.38499394,0.11814739,0.38461538,0.2,0.57202381,100,0,0.6,0.14262648,0.58333333,0.33333333,0.83333333,100,0,0.95722222,0.01704683,0.96296296,0.92592593,0.98148148,100,0,0.04277778,0.01704683,0.03703704,0.01851852,0.07407407,100,0,0.60076161,0.11683307,0.60869565,0.38443223,0.77076923,100,0,0.04277778,0.01704683,0.03703704,0.01851852,0.07407407,100,0,0.99111111,0.03029555,1.0,0.88888889,1.0,100,0,0.00083333,0.00365072,0.0,0.0,0.00083333,100,0,0.0,0.0,0.0,0.0,0.0
incorrect_family_split,mandatory_failure_region,vu_row__taxon_source_label__comparison_family_state,100,row; source label; family-state collapse,row,source_label,family_state,primary_comparisons_and_primary_evidence_tiers,100,0,0.62973959,0.10678493,0.63961039,0.46153846,0.8,100,0,0.37026041,0.10678493,0.36038961,0.2,0.53846154,100,0,0.64833333,0.14388977,0.66666667,0.41666667,0.91666667,100,0,0.95648148,0.01693061,0.95833333,0.92592593,0.98148148,100,0,0.04351852,0.01693061,0.04166667,0.01851852,0.07407407,100,0,0.63172674,0.10931458,0.64285714,0.4540404,0.8,100,0,0.04351852,0.01693061,0.04166667,0.01851852,0.07407407,100,0,0.99111111,0.03029555,1.0,0.88888889,1.0,100,0,0.00083333,0.00365072,0.0,0.0,0.00083333,100,0,0.0,0.0,0.0,0.0,0.0
incorrect_family_split,mandatory_failure_region,vu_row__taxon_source_label__comparison_ignore,100,row; source label; comparisons ignored,row,source_label,ignore,primary_comparisons_and_primary_evidence_tiers,100,0,0.61873492,0.11721044,0.61538462,0.42797619,0.8,100,0,0.38126508,0.11721044,0.38461538,0.2,0.57202381,100,0,0.6,0.14262648,0.58333333,0.33333333,0.83333333,100,0,0.95787037,0.01702625,0.96296296,0.92592593,0.98148148,100,0,0.04212963,0.01702625,0.03703704,0.01851852,0.07407407,100,0,0.60243282,0.11662126,0.60869565,0.38443223,0.77076923,100,0,0.04212963,0.01702625,0.03703704,0.01851852,0.07407407,100,0,0.99111111,0.03029555,1.0,0.88888889,1.0,100,0,0.00083333,0.00365072,0.0,0.0,0.00083333,100,0,0.0,0.0,0.0,0.0,0.0
incorrect_family_split,mandatory_failure_region,vu_row__taxon_source_label__comparison_separate_votes,100,row; source label; comparison-specific votes,row,source_label,separate_votes,primary_comparisons_and_primary_evidence_tiers,100,0,0.61873492,0.11721044,0.61538462,0.42797619,0.8,100,0,0.38126508,0.11721044,0.38461538,0.2,0.57202381,100,0,0.6,0.14262648,0.58333333,0.33333333,0.83333333,100,0,0.95787037,0.01702625,0.96296296,0.92592593,0.98148148,100,0,0.04212963,0.01702625,0.03703704,0.01851852,0.07407407,100,0,0.60243282,0.11662126,0.60869565,0.38443223,0.77076923,100,0,0.04212963,0.01702625,0.03703704,0.01851852,0.07407407,100,0,0.99111111,0.03029555,1.0,0.88888889,1.0,100,0,0.00083333,0.00365072,0.0,0.0,0.00083333,100,0,0.0,0.0,0.0,0.0,0.0
large_scale,runtime_memory,vu_family__taxon_resolved_target__comparison_family_state,20,family; resolved target taxon; family-state collapse,family,resolved_target,family_state,primary_comparisons_and_primary_evidence_tiers,20,0,0.97739688,0.02444542,0.97752525,0.93510638,1.0,20,0,0.02260312,0.02444542,0.02247475,0.0,0.06489362,20,0,0.84,0.04984186,0.84,0.74,0.903,20,0,0.99777778,0.00249756,0.99777778,0.99322222,1.0,20,0,0.00222222,0.00249756,0.00222222,0.0,0.00677778,20,0,0.90259315,0.03047054,0.9010989,0.84090909,0.94848485,20,0,0.00222222,0.00249756,0.00222222,0.0,0.00677778,20,0,1.0,0.0,1.0,1.0,1.0,20,0,0.0,0.0,0.0,0.0,0.0,20,0,0.0,0.0,0.0,0.0,0.0
large_scale,runtime_memory,vu_family__taxon_resolved_target__comparison_ignore,20,family; resolved target taxon; comparisons ignored,family,resolved_target,ignore,primary_comparisons_and_primary_evidence_tiers,20,0,0.97739688,0.02444542,0.97752525,0.93510638,1.0,20,0,0.02260312,0.02444542,0.02247475,0.0,0.06489362,20,0,0.84,0.04984186,0.84,0.74,0.903,20,0,0.99777778,0.00249756,0.99777778,0.99322222,1.0,20,0,0.00222222,0.00249756,0.00222222,0.0,0.00677778,20,0,0.90259315,0.03047054,0.9010989,0.84090909,0.94848485,20,0,0.00222222,0.00249756,0.00222222,0.0,0.00677778,20,0,1.0,0.0,1.0,1.0,1.0,20,0,0.0,0.0,0.0,0.0,0.0,20,0,0.0,0.0,0.0,0.0,0.0
large_scale,runtime_memory,vu_family__taxon_resolved_target__comparison_separate_votes,20,family; resolved target taxon; comparison-specific votes,family,resolved_target,separate_votes,primary_comparisons_and_primary_evidence_tiers,20,0,0.97739688,0.02444542,0.97752525,0.93510638,1.0,20,0,0.02260312,0.02444542,0.02247475,0.0,0.06489362,20,0,0.84,0.04984186,0.84,0.74,0.903,20,0,0.99777778,0.00249756,0.99777778,0.99322222,1.0,20,0,0.00222222,0.00249756,0.00222222,0.0,0.00677778,20,0,0.90259315,0.03047054,0.9010989,0.84090909,0.94848485,20,0,0.00222222,0.00249756,0.00222222,0.0,0.00677778,20,0,1.0,0.0,1.0,1.0,1.0,20,0,0.0,0.0,0.0,0.0,0.0,20,0,0.0,0.0,0.0,0.0,0.0
large_scale,runtime_memory,vu_family__taxon_source_label__comparison_family_state,20,family; source label; family-state collapse,family,source_label,family_state,primary_comparisons_and_primary_evidence_tiers,20,0,0.97739688,0.02444542,0.97752525,0.93510638,1.0,20,0,0.02260312,0.02444542,0.02247475,0.0,0.06489362,20,0,0.84,0.04984186,0.84,0.74,0.903,20,0,0.99777778,0.00249756,0.99777778,0.99322222,1.0,20,0,0.00222222,0.00249756,0.00222222,0.0,0.00677778,20,0,0.90259315,0.03047054,0.9010989,0.84090909,0.94848485,20,0,0.00222222,0.00249756,0.00222222,0.0,0.00677778,20,0,1.0,0.0,1.0,1.0,1.0,20,0,0.0,0.0,0.0,0.0,0.0,20,0,0.0,0.0,0.0,0.0,0.0
large_scale,runtime_memory,vu_family__taxon_source_label__comparison_ignore,20,family; source label; comparisons ignored,family,source_label,ignore,primary_comparisons_and_primary_evidence_tiers,20,0,0.97739688,0.02444542,0.97752525,0.93510638,1.0,20,0,0.02260312,0.02444542,0.02247475,0.0,0.06489362,20,0,0.84,0.04984186,0.84,0.74,0.903,20,0,0.99777778,0.00249756,0.99777778,0.99322222,1.0,20,0,0.00222222,0.00249756,0.00222222,0.0,0.00677778,20,0,0.90259315,0.03047054,0.9010989,0.84090909,0.94848485,20,0,0.00222222,0.00249756,0.00222222,0.0,0.00677778,20,0,1.0,0.0,1.0,1.0,1.0,20,0,0.0,0.0,0.0,0.0,0.0,20,0,0.0,0.0,0.0,0.0,0.0
large_scale,runtime_memory,vu_family__taxon_source_label__comparison_separate_votes,20,family; source label; comparison-specific votes,family,source_label,separate_votes,primary_comparisons_and_primary_evidence_tiers,20,0,0.97739688,0.02444542,0.97752525,0.93510638,1.0,20,0,0.02260312,0.02444542,0.02247475,0.0,0.06489362,20,0,0.84,0.04984186,0.84,0.74,0.903,20,0,0.99777778,0.00249756,0.99777778,0.99322222,1.0,20,0,0.00222222,0.00249756,0.00222222,0.0,0.00677778,20,0,0.90259315,0.03047054,0.9010989,0.84090909,0.94848485,20,0,0.00222222,0.00249756,0.00222222,0.0,0.00677778,20,0,1.0,0.0,1.0,1.0,1.0,20,0,0.0,0.0,0.0,0.0,0.0,20,0,0.0,0.0,0.0,0.0,0.0
large_scale,runtime_memory,vu_report__taxon_resolved_target__comparison_family_state,20,report; resolved target taxon; family-state collapse,report,resolved_target,family_state,primary_comparisons_and_primary_evidence_tiers,20,0,0.97739688,0.02444542,0.97752525,0.93510638,1.0,20,0,0.02260312,0.02444542,0.02247475,0.0,0.06489362,20,0,0.84,0.04984186,0.84,0.74,0.903,20,0,0.99777778,0.00249756,0.99777778,0.99322222,1.0,20,0,0.00222222,0.00249756,0.00222222,0.0,0.00677778,20,0,0.90259315,0.03047054,0.9010989,0.84090909,0.94848485,20,0,0.00222222,0.00249756,0.00222222,0.0,0.00677778,20,0,1.0,0.0,1.0,1.0,1.0,20,0,0.0,0.0,0.0,0.0,0.0,20,0,0.0,0.0,0.0,0.0,0.0
large_scale,runtime_memory,vu_report__taxon_resolved_target__comparison_ignore,20,report; resolved target taxon; comparisons ignored,report,resolved_target,ignore,primary_comparisons_and_primary_evidence_tiers,20,0,0.96546627,0.04313546,1.0,0.89785714,1.0,20,0,0.03453373,0.04313546,0.0,0.0,0.10214286,20,0,0.257,0.05956862,0.27,0.178,0.341,20,0,0.99877778,0.00152518,1.0,0.99555556,1.0,20,0,0.00122222,0.00152518,0.0,0.0,0.00444444,20,0,0.40168242,0.07400833,0.41850962,0.30211121,0.50071429,20,0,0.00122222,0.00152518,0.0,0.0,0.00444444,20,0,1.0,0.0,1.0,1.0,1.0,20,0,0.0,0.0,0.0,0.0,0.0,20,0,0.0,0.0,0.0,0.0,0.0
large_scale,runtime_memory,vu_report__taxon_resolved_target__comparison_separate_votes,20,report; resolved target taxon; comparison-specific votes,report,resolved_target,separate_votes,primary_comparisons_and_primary_evidence_tiers,20,0,0.96546627,0.04313546,1.0,0.89785714,1.0,20,0,0.03453373,0.04313546,0.0,0.0,0.10214286,20,0,0.257,0.05956862,0.27,0.178,0.341,20,0,0.99877778,0.00152518,1.0,0.99555556,1.0,20,0,0.00122222,0.00152518,0.0,0.0,0.00444444,20,0,0.40168242,0.07400833,0.41850962,0.30211121,0.50071429,20,0,0.00122222,0.00152518,0.0,0.0,0.00444444,20,0,1.0,0.0,1.0,1.0,1.0,20,0,0.0,0.0,0.0,0.0,0.0,20,0,0.0,0.0,0.0,0.0,0.0
large_scale,runtime_memory,vu_report__taxon_source_label__comparison_family_state,20,report; source label; family-state collapse,report,source_label,family_state,primary_comparisons_and_primary_evidence_tiers,20,0,0.97739688,0.02444542,0.97752525,0.93510638,1.0,20,0,0.02260312,0.02444542,0.02247475,0.0,0.06489362,20,0,0.84,0.04984186,0.84,0.74,0.903,20,0,0.99777778,0.00249756,0.99777778,0.99322222,1.0,20,0,0.00222222,0.00249756,0.00222222,0.0,0.00677778,20,0,0.90259315,0.03047054,0.9010989,0.84090909,0.94848485,20,0,0.00222222,0.00249756,0.00222222,0.0,0.00677778,20,0,1.0,0.0,1.0,1.0,1.0,20,0,0.0,0.0,0.0,0.0,0.0,20,0,0.0,0.0,0.0,0.0,0.0
large_scale,runtime_memory,vu_report__taxon_source_label__comparison_ignore,20,report; source label; comparisons ignored,report,source_label,ignore,primary_comparisons_and_primary_evidence_tiers,20,0,0.96546627,0.04313546,1.0,0.89785714,1.0,20,0,0.03453373,0.04313546,0.0,0.0,0.10214286,20,0,0.257,0.05956862,0.27,0.178,0.341,20,0,0.99877778,0.00152518,1.0,0.99555556,1.0,20,0,0.00122222,0.00152518,0.0,0.0,0.00444444,20,0,0.40168242,0.07400833,0.41850962,0.30211121,0.50071429,20,0,0.00122222,0.00152518,0.0,0.0,0.00444444,20,0,1.0,0.0,1.0,1.0,1.0,20,0,0.0,0.0,0.0,0.0,0.0,20,0,0.0,0.0,0.0,0.0,0.0
large_scale,runtime_memory,vu_report__taxon_source_label__comparison_separate_votes,20,report; source label; comparison-specific votes,report,source_label,separate_votes,primary_comparisons_and_primary_evidence_tiers,20,0,0.96546627,0.04313546,1.0,0.89785714,1.0,20,0,0.03453373,0.04313546,0.0,0.0,0.10214286,20,0,0.257,0.05956862,0.27,0.178,0.341,20,0,0.99877778,0.00152518,1.0,0.99555556,1.0,20,0,0.00122222,0.00152518,0.0,0.0,0.00444444,20,0,0.40168242,0.07400833,0.41850962,0.30211121,0.50071429,20,0,0.00122222,0.00152518,0.0,0.0,0.00444444,20,0,1.0,0.0,1.0,1.0,1.0,20,0,0.0,0.0,0.0,0.0,0.0,20,0,0.0,0.0,0.0,0.0,0.0
large_scale,runtime_memory,vu_row__taxon_resolved_target__comparison_family_state,20,row; resolved target taxon; family-state collapse,row,resolved_target,family_state,primary_comparisons_and_primary_evidence_tiers,20,0,0.97739688,0.02444542,0.97752525,0.93510638,1.0,20,0,0.02260312,0.02444542,0.02247475,0.0,0.06489362,20,0,0.84,0.04984186,0.84,0.74,0.903,20,0,0.99777778,0.00249756,0.99777778,0.99322222,1.0,20,0,0.00222222,0.00249756,0.00222222,0.0,0.00677778,20,0,0.90259315,0.03047054,0.9010989,0.84090909,0.94848485,20,0,0.00222222,0.00249756,0.00222222,0.0,0.00677778,20,0,1.0,0.0,1.0,1.0,1.0,20,0,0.0,0.0,0.0,0.0,0.0,20,0,0.0,0.0,0.0,0.0,0.0
large_scale,runtime_memory,vu_row__taxon_resolved_target__comparison_ignore,20,row; resolved target taxon; comparisons ignored,row,resolved_target,ignore,primary_comparisons_and_primary_evidence_tiers,20,0,0.96546627,0.04313546,1.0,0.89785714,1.0,20,0,0.03453373,0.04313546,0.0,0.0,0.10214286,20,0,0.257,0.05956862,0.27,0.178,0.341,20,0,0.99877778,0.00152518,1.0,0.99555556,1.0,20,0,0.00122222,0.00152518,0.0,0.0,0.00444444,20,0,0.40168242,0.07400833,0.41850962,0.30211121,0.50071429,20,0,0.00122222,0.00152518,0.0,0.0,0.00444444,20,0,1.0,0.0,1.0,1.0,1.0,20,0,0.0,0.0,0.0,0.0,0.0,20,0,0.0,0.0,0.0,0.0,0.0
large_scale,runtime_memory,vu_row__taxon_resolved_target__comparison_separate_votes,20,row; resolved target taxon; comparison-specific votes,row,resolved_target,separate_votes,primary_comparisons_and_primary_evidence_tiers,20,0,0.96546627,0.04313546,1.0,0.89785714,1.0,20,0,0.03453373,0.04313546,0.0,0.0,0.10214286,20,0,0.257,0.05956862,0.27,0.178,0.341,20,0,0.99877778,0.00152518,1.0,0.99555556,1.0,20,0,0.00122222,0.00152518,0.0,0.0,0.00444444,20,0,0.40168242,0.07400833,0.41850962,0.30211121,0.50071429,20,0,0.00122222,0.00152518,0.0,0.0,0.00444444,20,0,1.0,0.0,1.0,1.0,1.0,20,0,0.0,0.0,0.0,0.0,0.0,20,0,0.0,0.0,0.0,0.0,0.0
large_scale,runtime_memory,vu_row__taxon_source_label__comparison_family_state,20,row; source label; family-state collapse,row,source_label,family_state,primary_comparisons_and_primary_evidence_tiers,20,0,0.97739688,0.02444542,0.97752525,0.93510638,1.0,20,0,0.02260312,0.02444542,0.02247475,0.0,0.06489362,20,0,0.84,0.04984186,0.84,0.74,0.903,20,0,0.99777778,0.00249756,0.99777778,0.99322222,1.0,20,0,0.00222222,0.00249756,0.00222222,0.0,0.00677778,20,0,0.90259315,0.03047054,0.9010989,0.84090909,0.94848485,20,0,0.00222222,0.00249756,0.00222222,0.0,0.00677778,20,0,1.0,0.0,1.0,1.0,1.0,20,0,0.0,0.0,0.0,0.0,0.0,20,0,0.0,0.0,0.0,0.0,0.0
large_scale,runtime_memory,vu_row__taxon_source_label__comparison_ignore,20,row; source label; comparisons ignored,row,source_label,ignore,primary_comparisons_and_primary_evidence_tiers,20,0,0.96546627,0.04313546,1.0,0.89785714,1.0,20,0,0.03453373,0.04313546,0.0,0.0,0.10214286,20,0,0.257,0.05956862,0.27,0.178,0.341,20,0,0.99877778,0.00152518,1.0,0.99555556,1.0,20,0,0.00122222,0.00152518,0.0,0.0,0.00444444,20,0,0.40168242,0.07400833,0.41850962,0.30211121,0.50071429,20,0,0.00122222,0.00152518,0.0,0.0,0.00444444,20,0,1.0,0.0,1.0,1.0,1.0,20,0,0.0,0.0,0.0,0.0,0.0,20,0,0.0,0.0,0.0,0.0,0.0
large_scale,runtime_memory,vu_row__taxon_source_label__comparison_separate_votes,20,row; source label; comparison-specific votes,row,source_label,separate_votes,primary_comparisons_and_primary_evidence_tiers,20,0,0.96546627,0.04313546,1.0,0.89785714,1.0,20,0,0.03453373,0.04313546,0.0,0.0,0.10214286,20,0,0.257,0.05956862,0.27,0.178,0.341,20,0,0.99877778,0.00152518,1.0,0.99555556,1.0,20,0,0.00122222,0.00152518,0.0,0.0,0.00444444,20,0,0.40168242,0.07400833,0.41850962,0.30211121,0.50071429,20,0,0.00122222,0.00152518,0.0,0.0,0.00444444,20,0,1.0,0.0,1.0,1.0,1.0,20,0,0.0,0.0,0.0,0.0,0.0,20,0,0.0,0.0,0.0,0.0,0.0
missing_family_metadata,mandatory_failure_region,vu_family__taxon_resolved_target__comparison_family_state,100,family; resolved target taxon; family-state collapse,family,resolved_target,family_state,primary_comparisons_and_primary_evidence_tiers,99,1,0.49050729,0.07897561,0.47826087,0.36842105,0.61363636,99,1,0.50949271,0.07897561,0.52173913,0.38636364,0.63157895,100,0,0.8075,0.18976882,0.83333333,0.33333333,1.0,100,0,0.90546296,0.02805063,0.89814815,0.87037037,0.9449074,100,0,0.09453704,0.02805063,0.10185185,0.0550926,0.12962963,100,0,0.59937973,0.11654688,0.61803714,0.396,0.72757576,100,0,0.09453704,0.02805063,0.10185185,0.0550926,0.12962963,100,0,0.79555556,0.1577052,0.77777778,0.44444444,1.0,100,0,0.08866667,0.09159026,0.05,0.0,0.25166667,100,0,0.0,0.0,0.0,0.0,0.0
missing_family_metadata,mandatory_failure_region,vu_family__taxon_resolved_target__comparison_ignore,100,family; resolved target taxon; comparisons ignored,family,resolved_target,ignore,primary_comparisons_and_primary_evidence_tiers,99,1,0.49050729,0.07897561,0.47826087,0.36842105,0.61363636,99,1,0.50949271,0.07897561,0.52173913,0.38636364,0.63157895,100,0,0.8075,0.18976882,0.83333333,0.33333333,1.0,100,0,0.90546296,0.02805063,0.89814815,0.87037037,0.9449074,100,0,0.09453704,0.02805063,0.10185185,0.0550926,0.12962963,100,0,0.59937973,0.11654688,0.61803714,0.396,0.72757576,100,0,0.09453704,0.02805063,0.10185185,0.0550926,0.12962963,100,0,0.79555556,0.1577052,0.77777778,0.44444444,1.0,100,0,0.08866667,0.09159026,0.05,0.0,0.25166667,100,0,0.0,0.0,0.0,0.0,0.0
missing_family_metadata,mandatory_failure_region,vu_family__taxon_resolved_target__comparison_separate_votes,100,family; resolved target taxon; comparison-specific votes,family,resolved_target,separate_votes,primary_comparisons_and_primary_evidence_tiers,99,1,0.49050729,0.07897561,0.47826087,0.36842105,0.61363636,99,1,0.50949271,0.07897561,0.52173913,0.38636364,0.63157895,100,0,0.8075,0.18976882,0.83333333,0.33333333,1.0,100,0,0.90546296,0.02805063,0.89814815,0.87037037,0.9449074,100,0,0.09453704,0.02805063,0.10185185,0.0550926,0.12962963,100,0,0.59937973,0.11654688,0.61803714,0.396,0.72757576,100,0,0.09453704,0.02805063,0.10185185,0.0550926,0.12962963,100,0,0.79555556,0.1577052,0.77777778,0.44444444,1.0,100,0,0.08866667,0.09159026,0.05,0.0,0.25166667,100,0,0.0,0.0,0.0,0.0,0.0
missing_family_metadata,mandatory_failure_region,vu_family__taxon_source_label__comparison_family_state,100,family; source label; family-state collapse,family,source_label,family_state,primary_comparisons_and_primary_evidence_tiers,99,1,0.49050729,0.07897561,0.47826087,0.36842105,0.61363636,99,1,0.50949271,0.07897561,0.52173913,0.38636364,0.63157895,100,0,0.8075,0.18976882,0.83333333,0.33333333,1.0,100,0,0.90546296,0.02805063,0.89814815,0.87037037,0.9449074,100,0,0.09453704,0.02805063,0.10185185,0.0550926,0.12962963,100,0,0.59937973,0.11654688,0.61803714,0.396,0.72757576,100,0,0.09453704,0.02805063,0.10185185,0.0550926,0.12962963,100,0,0.79555556,0.1577052,0.77777778,0.44444444,1.0,100,0,0.08866667,0.09159026,0.05,0.0,0.25166667,100,0,0.0,0.0,0.0,0.0,0.0
missing_family_metadata,mandatory_failure_region,vu_family__taxon_source_label__comparison_ignore,100,family; source label; comparisons ignored,family,source_label,ignore,primary_comparisons_and_primary_evidence_tiers,99,1,0.49050729,0.07897561,0.47826087,0.36842105,0.61363636,99,1,0.50949271,0.07897561,0.52173913,0.38636364,0.63157895,100,0,0.8075,0.18976882,0.83333333,0.33333333,1.0,100,0,0.90546296,0.02805063,0.89814815,0.87037037,0.9449074,100,0,0.09453704,0.02805063,0.10185185,0.0550926,0.12962963,100,0,0.59937973,0.11654688,0.61803714,0.396,0.72757576,100,0,0.09453704,0.02805063,0.10185185,0.0550926,0.12962963,100,0,0.79555556,0.1577052,0.77777778,0.44444444,1.0,100,0,0.08866667,0.09159026,0.05,0.0,0.25166667,100,0,0.0,0.0,0.0,0.0,0.0
missing_family_metadata,mandatory_failure_region,vu_family__taxon_source_label__comparison_separate_votes,100,family; source label; comparison-specific votes,family,source_label,separate_votes,primary_comparisons_and_primary_evidence_tiers,99,1,0.49050729,0.07897561,0.47826087,0.36842105,0.61363636,99,1,0.50949271,0.07897561,0.52173913,0.38636364,0.63157895,100,0,0.8075,0.18976882,0.83333333,0.33333333,1.0,100,0,0.90546296,0.02805063,0.89814815,0.87037037,0.9449074,100,0,0.09453704,0.02805063,0.10185185,0.0550926,0.12962963,100,0,0.59937973,0.11654688,0.61803714,0.396,0.72757576,100,0,0.09453704,0.02805063,0.10185185,0.0550926,0.12962963,100,0,0.79555556,0.1577052,0.77777778,0.44444444,1.0,100,0,0.08866667,0.09159026,0.05,0.0,0.25166667,100,0,0.0,0.0,0.0,0.0,0.0
missing_family_metadata,mandatory_failure_region,vu_report__taxon_resolved_target__comparison_family_state,100,report; resolved target taxon; family-state collapse,report,resolved_target,family_state,primary_comparisons_and_primary_evidence_tiers,99,1,0.49050729,0.07897561,0.47826087,0.36842105,0.61363636,99,1,0.50949271,0.07897561,0.52173913,0.38636364,0.63157895,100,0,0.8075,0.18976882,0.83333333,0.33333333,1.0,100,0,0.90546296,0.02805063,0.89814815,0.87037037,0.9449074,100,0,0.09453704,0.02805063,0.10185185,0.0550926,0.12962963,100,0,0.59937973,0.11654688,0.61803714,0.396,0.72757576,100,0,0.09453704,0.02805063,0.10185185,0.0550926,0.12962963,100,0,0.79555556,0.1577052,0.77777778,0.44444444,1.0,100,0,0.08866667,0.09159026,0.05,0.0,0.25166667,100,0,0.0,0.0,0.0,0.0,0.0
missing_family_metadata,mandatory_failure_region,vu_report__taxon_resolved_target__comparison_ignore,100,report; resolved target taxon; comparisons ignored,report,resolved_target,ignore,primary_comparisons_and_primary_evidence_tiers,99,1,0.46427588,0.07803508,0.45833333,0.3448718,0.58823529,99,1,0.53572412,0.07803508,0.54166667,0.41176471,0.6551282,100,0,0.79833333,0.17615261,0.83333333,0.4125,1.0,100,0,0.895,0.03153645,0.88888889,0.84259259,0.9449074,100,0,0.105,0.03153645,0.11111111,0.0550926,0.15740741,100,0,0.576268,0.10837635,0.60606061,0.39875,0.7060721,100,0,0.105,0.03153645,0.11111111,0.0550926,0.15740741,100,0,0.78888889,0.16676017,0.77777778,0.44444444,1.0,100,0,0.0865,0.09219529,0.05,0.0,0.25166667,100,0,0.0,0.0,0.0,0.0,0.0
missing_family_metadata,mandatory_failure_region,vu_report__taxon_resolved_target__comparison_separate_votes,100,report; resolved target taxon; comparison-specific votes,report,resolved_target,separate_votes,primary_comparisons_and_primary_evidence_tiers,99,1,0.46427588,0.07803508,0.45833333,0.3448718,0.58823529,99,1,0.53572412,0.07803508,0.54166667,0.41176471,0.6551282,100,0,0.79833333,0.17615261,0.83333333,0.4125,1.0,100,0,0.895,0.03153645,0.88888889,0.84259259,0.9449074,100,0,0.105,0.03153645,0.11111111,0.0550926,0.15740741,100,0,0.576268,0.10837635,0.60606061,0.39875,0.7060721,100,0,0.105,0.03153645,0.11111111,0.0550926,0.15740741,100,0,0.78888889,0.16676017,0.77777778,0.44444444,1.0,100,0,0.0865,0.09219529,0.05,0.0,0.25166667,100,0,0.0,0.0,0.0,0.0,0.0
missing_family_metadata,mandatory_failure_region,vu_report__taxon_source_label__comparison_family_state,100,report; source label; family-state collapse,report,source_label,family_state,primary_comparisons_and_primary_evidence_tiers,99,1,0.49050729,0.07897561,0.47826087,0.36842105,0.61363636,99,1,0.50949271,0.07897561,0.52173913,0.38636364,0.63157895,100,0,0.8075,0.18976882,0.83333333,0.33333333,1.0,100,0,0.90546296,0.02805063,0.89814815,0.87037037,0.9449074,100,0,0.09453704,0.02805063,0.10185185,0.0550926,0.12962963,100,0,0.59937973,0.11654688,0.61803714,0.396,0.72757576,100,0,0.09453704,0.02805063,0.10185185,0.0550926,0.12962963,100,0,0.79555556,0.1577052,0.77777778,0.44444444,1.0,100,0,0.08866667,0.09159026,0.05,0.0,0.25166667,100,0,0.0,0.0,0.0,0.0,0.0
missing_family_metadata,mandatory_failure_region,vu_report__taxon_source_label__comparison_ignore,100,report; source label; comparisons ignored,report,source_label,ignore,primary_comparisons_and_primary_evidence_tiers,99,1,0.46427588,0.07803508,0.45833333,0.3448718,0.58823529,99,1,0.53572412,0.07803508,0.54166667,0.41176471,0.6551282,100,0,0.79833333,0.17615261,0.83333333,0.4125,1.0,100,0,0.895,0.03153645,0.88888889,0.84259259,0.9449074,100,0,0.105,0.03153645,0.11111111,0.0550926,0.15740741,100,0,0.576268,0.10837635,0.60606061,0.39875,0.7060721,100,0,0.105,0.03153645,0.11111111,0.0550926,0.15740741,100,0,0.78888889,0.16676017,0.77777778,0.44444444,1.0,100,0,0.0865,0.09219529,0.05,0.0,0.25166667,100,0,0.0,0.0,0.0,0.0,0.0
missing_family_metadata,mandatory_failure_region,vu_report__taxon_source_label__comparison_separate_votes,100,report; source label; comparison-specific votes,report,source_label,separate_votes,primary_comparisons_and_primary_evidence_tiers,99,1,0.46427588,0.07803508,0.45833333,0.3448718,0.58823529,99,1,0.53572412,0.07803508,0.54166667,0.41176471,0.6551282,100,0,0.79833333,0.17615261,0.83333333,0.4125,1.0,100,0,0.895,0.03153645,0.88888889,0.84259259,0.9449074,100,0,0.105,0.03153645,0.11111111,0.0550926,0.15740741,100,0,0.576268,0.10837635,0.60606061,0.39875,0.7060721,100,0,0.105,0.03153645,0.11111111,0.0550926,0.15740741,100,0,0.78888889,0.16676017,0.77777778,0.44444444,1.0,100,0,0.0865,0.09219529,0.05,0.0,0.25166667,100,0,0.0,0.0,0.0,0.0,0.0
missing_family_metadata,mandatory_failure_region,vu_row__taxon_resolved_target__comparison_family_state,100,row; resolved target taxon; family-state collapse,row,resolved_target,family_state,primary_comparisons_and_primary_evidence_tiers,99,1,0.49050729,0.07897561,0.47826087,0.36842105,0.61363636,99,1,0.50949271,0.07897561,0.52173913,0.38636364,0.63157895,100,0,0.8075,0.18976882,0.83333333,0.33333333,1.0,100,0,0.90546296,0.02805063,0.89814815,0.87037037,0.9449074,100,0,0.09453704,0.02805063,0.10185185,0.0550926,0.12962963,100,0,0.59937973,0.11654688,0.61803714,0.396,0.72757576,100,0,0.09453704,0.02805063,0.10185185,0.0550926,0.12962963,100,0,0.79555556,0.1577052,0.77777778,0.44444444,1.0,100,0,0.08866667,0.09159026,0.05,0.0,0.25166667,100,0,0.0,0.0,0.0,0.0,0.0
missing_family_metadata,mandatory_failure_region,vu_row__taxon_resolved_target__comparison_ignore,100,row; resolved target taxon; comparisons ignored,row,resolved_target,ignore,primary_comparisons_and_primary_evidence_tiers,100,0,0.40996294,0.06861327,0.41666667,0.2957672,0.52380952,100,0,0.59003706,0.06861327,0.58333333,0.47619048,0.7042328,100,0,0.82,0.14875088,0.83333333,0.5,1.0,100,0,0.86657407,0.03334827,0.87037037,0.81435185,0.91666667,100,0,0.13342593,0.03334827,0.12962963,0.08333333,0.18564815,100,0,0.54255909,0.08626426,0.55555556,0.40863636,0.66666667,100,0,0.13342593,0.03334827,0.12962963,0.08333333,0.18564815,100,0,0.76777778,0.18355851,0.77777778,0.43888888,1.0,100,0,0.0865,0.09219529,0.05,0.0,0.25166667,100,0,0.0,0.0,0.0,0.0,0.0
missing_family_metadata,mandatory_failure_region,vu_row__taxon_resolved_target__comparison_separate_votes,100,row; resolved target taxon; comparison-specific votes,row,resolved_target,separate_votes,primary_comparisons_and_primary_evidence_tiers,100,0,0.40996294,0.06861327,0.41666667,0.2957672,0.52380952,100,0,0.59003706,0.06861327,0.58333333,0.47619048,0.7042328,100,0,0.82,0.14875088,0.83333333,0.5,1.0,100,0,0.86657407,0.03334827,0.87037037,0.81435185,0.91666667,100,0,0.13342593,0.03334827,0.12962963,0.08333333,0.18564815,100,0,0.54255909,0.08626426,0.55555556,0.40863636,0.66666667,100,0,0.13342593,0.03334827,0.12962963,0.08333333,0.18564815,100,0,0.76777778,0.18355851,0.77777778,0.43888888,1.0,100,0,0.0865,0.09219529,0.05,0.0,0.25166667,100,0,0.0,0.0,0.0,0.0,0.0
missing_family_metadata,mandatory_failure_region,vu_row__taxon_source_label__comparison_family_state,100,row; source label; family-state collapse,row,source_label,family_state,primary_comparisons_and_primary_evidence_tiers,99,1,0.49050729,0.07897561,0.47826087,0.36842105,0.61363636,99,1,0.50949271,0.07897561,0.52173913,0.38636364,0.63157895,100,0,0.8075,0.18976882,0.83333333,0.33333333,1.0,100,0,0.90546296,0.02805063,0.89814815,0.87037037,0.9449074,100,0,0.09453704,0.02805063,0.10185185,0.0550926,0.12962963,100,0,0.59937973,0.11654688,0.61803714,0.396,0.72757576,100,0,0.09453704,0.02805063,0.10185185,0.0550926,0.12962963,100,0,0.79555556,0.1577052,0.77777778,0.44444444,1.0,100,0,0.08866667,0.09159026,0.05,0.0,0.25166667,100,0,0.0,0.0,0.0,0.0,0.0
missing_family_metadata,mandatory_failure_region,vu_row__taxon_source_label__comparison_ignore,100,row; source label; comparisons ignored,row,source_label,ignore,primary_comparisons_and_primary_evidence_tiers,99,1,0.46427588,0.07803508,0.45833333,0.3448718,0.58823529,99,1,0.53572412,0.07803508,0.54166667,0.41176471,0.6551282,100,0,0.79833333,0.17615261,0.83333333,0.4125,1.0,100,0,0.895,0.03153645,0.88888889,0.84259259,0.9449074,100,0,0.105,0.03153645,0.11111111,0.0550926,0.15740741,100,0,0.576268,0.10837635,0.60606061,0.39875,0.7060721,100,0,0.105,0.03153645,0.11111111,0.0550926,0.15740741,100,0,0.78888889,0.16676017,0.77777778,0.44444444,1.0,100,0,0.0865,0.09219529,0.05,0.0,0.25166667,100,0,0.0,0.0,0.0,0.0,0.0
missing_family_metadata,mandatory_failure_region,vu_row__taxon_source_label__comparison_separate_votes,100,row; source label; comparison-specific votes,row,source_label,separate_votes,primary_comparisons_and_primary_evidence_tiers,99,1,0.46427588,0.07803508,0.45833333,0.3448718,0.58823529,99,1,0.53572412,0.07803508,0.54166667,0.41176471,0.6551282,100,0,0.79833333,0.17615261,0.83333333,0.4125,1.0,100,0,0.895,0.03153645,0.88888889,0.84259259,0.9449074,100,0,0.105,0.03153645,0.11111111,0.0550926,0.15740741,100,0,0.576268,0.10837635,0.60606061,0.39875,0.7060721,100,0,0.105,0.03153645,0.11111111,0.0550926,0.15740741,100,0,0.78888889,0.16676017,0.77777778,0.44444444,1.0,100,0,0.0865,0.09219529,0.05,0.0,0.25166667,100,0,0.0,0.0,0.0,0.0,0.0
multiple_primary_comparisons,comparison_structure_stress,vu_family__taxon_resolved_target__comparison_family_state,100,family; resolved target taxon; family-state collapse,family,resolved_target,family_state,primary_comparisons_and_primary_evidence_tiers,100,0,0.8523027,0.08936346,0.84615385,0.71428571,1.0,100,0,0.1476973,0.08936346,0.15384615,0.0,0.28571429,100,0,0.86416667,0.09742403,0.875,0.66666667,1.0,100,0,0.98240741,0.01180787,0.98148148,0.96296296,1.0,100,0,0.01759259,0.01180787,0.01851852,0.0,0.03703704,100,0,0.85418131,0.07367272,0.85714286,0.72727273,0.96,100,0,0.01759259,0.01180787,0.01851852,0.0,0.03703704,100,0,0.97333333,0.0526632,1.0,0.88888889,1.0,100,0,0.0,0.0,0.0,0.0,0.0,100,0,0.0,0.0,0.0,0.0,0.0
multiple_primary_comparisons,comparison_structure_stress,vu_family__taxon_resolved_target__comparison_ignore,100,family; resolved target taxon; comparisons ignored,family,resolved_target,ignore,primary_comparisons_and_primary_evidence_tiers,100,0,0.8523027,0.08936346,0.84615385,0.71428571,1.0,100,0,0.1476973,0.08936346,0.15384615,0.0,0.28571429,100,0,0.86416667,0.09742403,0.875,0.66666667,1.0,100,0,0.98240741,0.01180787,0.98148148,0.96296296,1.0,100,0,0.01759259,0.01180787,0.01851852,0.0,0.03703704,100,0,0.85418131,0.07367272,0.85714286,0.72727273,0.96,100,0,0.01759259,0.01180787,0.01851852,0.0,0.03703704,100,0,0.97333333,0.0526632,1.0,0.88888889,1.0,100,0,0.0,0.0,0.0,0.0,0.0,100,0,0.0,0.0,0.0,0.0,0.0
multiple_primary_comparisons,comparison_structure_stress,vu_family__taxon_resolved_target__comparison_separate_votes,100,family; resolved target taxon; comparison-specific votes,family,resolved_target,separate_votes,primary_comparisons_and_primary_evidence_tiers,100,0,0.8986869,0.11051634,0.89444444,0.71357142,1.0,100,0,0.1013131,0.11051634,0.10555555,0.0,0.28642858,100,0,0.61333333,0.12785461,0.66666667,0.41666667,0.83333333,100,0,0.99166667,0.00907028,0.99074074,0.97222222,1.0,100,0,0.00833333,0.00907028,0.00925926,0.0,0.02777778,100,0,0.72067031,0.10799758,0.73684211,0.52631579,0.85776398,100,0,0.00833333,0.00907028,0.00925926,0.0,0.02777778,100,0,0.99,0.03195817,1.0,0.88888889,1.0,100,0,0.0,0.0,0.0,0.0,0.0,100,0,0.0,0.0,0.0,0.0,0.0
multiple_primary_comparisons,comparison_structure_stress,vu_family__taxon_source_label__comparison_family_state,100,family; source label; family-state collapse,family,source_label,family_state,primary_comparisons_and_primary_evidence_tiers,100,0,0.8523027,0.08936346,0.84615385,0.71428571,1.0,100,0,0.1476973,0.08936346,0.15384615,0.0,0.28571429,100,0,0.86416667,0.09742403,0.875,0.66666667,1.0,100,0,0.98240741,0.01180787,0.98148148,0.96296296,1.0,100,0,0.01759259,0.01180787,0.01851852,0.0,0.03703704,100,0,0.85418131,0.07367272,0.85714286,0.72727273,0.96,100,0,0.01759259,0.01180787,0.01851852,0.0,0.03703704,100,0,0.97333333,0.0526632,1.0,0.88888889,1.0,100,0,0.0,0.0,0.0,0.0,0.0,100,0,0.0,0.0,0.0,0.0,0.0
multiple_primary_comparisons,comparison_structure_stress,vu_family__taxon_source_label__comparison_ignore,100,family; source label; comparisons ignored,family,source_label,ignore,primary_comparisons_and_primary_evidence_tiers,100,0,0.8523027,0.08936346,0.84615385,0.71428571,1.0,100,0,0.1476973,0.08936346,0.15384615,0.0,0.28571429,100,0,0.86416667,0.09742403,0.875,0.66666667,1.0,100,0,0.98240741,0.01180787,0.98148148,0.96296296,1.0,100,0,0.01759259,0.01180787,0.01851852,0.0,0.03703704,100,0,0.85418131,0.07367272,0.85714286,0.72727273,0.96,100,0,0.01759259,0.01180787,0.01851852,0.0,0.03703704,100,0,0.97333333,0.0526632,1.0,0.88888889,1.0,100,0,0.0,0.0,0.0,0.0,0.0,100,0,0.0,0.0,0.0,0.0,0.0
multiple_primary_comparisons,comparison_structure_stress,vu_family__taxon_source_label__comparison_separate_votes,100,family; source label; comparison-specific votes,family,source_label,separate_votes,primary_comparisons_and_primary_evidence_tiers,100,0,0.10504446,0.02277595,0.10341864,0.07037364,0.14525617,100,0,0.89495554,0.02277595,0.89658136,0.85474383,0.92962637,100,0,0.61333333,0.12785461,0.66666667,0.41666667,0.83333333,100,0,0.99166667,0.00907028,0.99074074,0.97222222,1.0,100,0,0.00833333,0.00907028,0.00925926,0.0,0.02777778,100,0,0.17903695,0.03768543,0.17721519,0.12041021,0.24338877,100,0,0.00833333,0.00907028,0.00925926,0.0,0.02777778,100,0,0.99,0.03195817,1.0,0.88888889,1.0,100,0,0.0,0.0,0.0,0.0,0.0,100,0,62.28,7.96720551,62.0,48.95,75.15
multiple_primary_comparisons,comparison_structure_stress,vu_report__taxon_resolved_target__comparison_family_state,100,report; resolved target taxon; family-state collapse,report,resolved_target,family_state,primary_comparisons_and_primary_evidence_tiers,100,0,0.8523027,0.08936346,0.84615385,0.71428571,1.0,100,0,0.1476973,0.08936346,0.15384615,0.0,0.28571429,100,0,0.86416667,0.09742403,0.875,0.66666667,1.0,100,0,0.98240741,0.01180787,0.98148148,0.96296296,1.0,100,0,0.01759259,0.01180787,0.01851852,0.0,0.03703704,100,0,0.85418131,0.07367272,0.85714286,0.72727273,0.96,100,0,0.01759259,0.01180787,0.01851852,0.0,0.03703704,100,0,0.97333333,0.0526632,1.0,0.88888889,1.0,100,0,0.0,0.0,0.0,0.0,0.0,100,0,0.0,0.0,0.0,0.0,0.0
multiple_primary_comparisons,comparison_structure_stress,vu_report__taxon_resolved_target__comparison_ignore,100,report; resolved target taxon; comparisons ignored,report,resolved_target,ignore,primary_comparisons_and_primary_evidence_tiers,100,0,0.90963195,0.08636946,0.90909091,0.75,1.0,100,0,0.09036805,0.08636946,0.09090909,0.0,0.25,100,0,0.7675,0.12551521,0.75,0.58333333,1.0,100,0,0.99111111,0.00882051,0.99074074,0.97222222,1.0,100,0,0.00888889,0.00882051,0.00925926,0.0,0.02777778,100,0,0.82688355,0.09313289,0.81818182,0.69420289,0.95669565,100,0,0.00888889,0.00882051,0.00925926,0.0,0.02777778,100,0,0.98777778,0.03494067,1.0,0.88888889,1.0,100,0,0.0,0.0,0.0,0.0,0.0,100,0,0.0,0.0,0.0,0.0,0.0
multiple_primary_comparisons,comparison_structure_stress,vu_report__taxon_resolved_target__comparison_separate_votes,100,report; resolved target taxon; comparison-specific votes,report,resolved_target,separate_votes,primary_comparisons_and_primary_evidence_tiers,100,0,0.87058333,0.17760177,1.0,0.56785714,1.0,100,0,0.12941667,0.17760177,0.0,0.0,0.43214286,100,0,0.3,0.12701794,0.33333333,0.08333333,0.5,100,0,0.99435185,0.0074325,1.0,0.98148148,1.0,100,0,0.00564815,0.0074325,0.0,0.0,0.01851852,100,0,0.43123223,0.1502465,0.44444444,0.15384615,0.66666667,100,0,0.00564815,0.0074325,0.0,0.0,0.01851852,100,0,0.99777778,0.01563392,1.0,1.0,1.0,100,0,0.0,0.0,0.0,0.0,0.0,100,0,0.0,0.0,0.0,0.0,0.0
multiple_primary_comparisons,comparison_structure_stress,vu_report__taxon_source_label__comparison_family_state,100,report; source label; family-state collapse,report,source_label,family_state,primary_comparisons_and_primary_evidence_tiers,100,0,0.8523027,0.08936346,0.84615385,0.71428571,1.0,100,0,0.1476973,0.08936346,0.15384615,0.0,0.28571429,100,0,0.86416667,0.09742403,0.875,0.66666667,1.0,100,0,0.98240741,0.01180787,0.98148148,0.96296296,1.0,100,0,0.01759259,0.01180787,0.01851852,0.0,0.03703704,100,0,0.85418131,0.07367272,0.85714286,0.72727273,0.96,100,0,0.01759259,0.01180787,0.01851852,0.0,0.03703704,100,0,0.97333333,0.0526632,1.0,0.88888889,1.0,100,0,0.0,0.0,0.0,0.0,0.0,100,0,0.0,0.0,0.0,0.0,0.0
multiple_primary_comparisons,comparison_structure_stress,vu_report__taxon_source_label__comparison_ignore,100,report; source label; comparisons ignored,report,source_label,ignore,primary_comparisons_and_primary_evidence_tiers,100,0,0.90963195,0.08636946,0.90909091,0.75,1.0,100,0,0.09036805,0.08636946,0.09090909,0.0,0.25,100,0,0.7675,0.12551521,0.75,0.58333333,1.0,100,0,0.99111111,0.00882051,0.99074074,0.97222222,1.0,100,0,0.00888889,0.00882051,0.00925926,0.0,0.02777778,100,0,0.82688355,0.09313289,0.81818182,0.69420289,0.95669565,100,0,0.00888889,0.00882051,0.00925926,0.0,0.02777778,100,0,0.98777778,0.03494067,1.0,0.88888889,1.0,100,0,0.0,0.0,0.0,0.0,0.0,100,0,0.0,0.0,0.0,0.0,0.0
multiple_primary_comparisons,comparison_structure_stress,vu_report__taxon_source_label__comparison_separate_votes,100,report; source label; comparison-specific votes,report,source_label,separate_votes,primary_comparisons_and_primary_evidence_tiers,100,0,0.05422907,0.02229458,0.05405405,0.01612903,0.09090909,100,0,0.94577093,0.02229458,0.94594595,0.90909091,0.98387097,100,0,0.3,0.12701794,0.33333333,0.08333333,0.5,100,0,0.99435185,0.0074325,1.0,0.98148148,1.0,100,0,0.00564815,0.0074325,0.0,0.0,0.01851852,100,0,0.09166715,0.03763041,0.09302326,0.02702703,0.15384615,100,0,0.00564815,0.0074325,0.0,0.0,0.01851852,100,0,0.99777778,0.01563392,1.0,1.0,1.0,100,0,0.0,0.0,0.0,0.0,0.0,100,0,62.28,7.96720551,62.0,48.95,75.15
multiple_primary_comparisons,comparison_structure_stress,vu_row__taxon_resolved_target__comparison_family_state,100,row; resolved target taxon; family-state collapse,row,resolved_target,family_state,primary_comparisons_and_primary_evidence_tiers,100,0,0.8523027,0.08936346,0.84615385,0.71428571,1.0,100,0,0.1476973,0.08936346,0.15384615,0.0,0.28571429,100,0,0.86416667,0.09742403,0.875,0.66666667,1.0,100,0,0.98240741,0.01180787,0.98148148,0.96296296,1.0,100,0,0.01759259,0.01180787,0.01851852,0.0,0.03703704,100,0,0.85418131,0.07367272,0.85714286,0.72727273,0.96,100,0,0.01759259,0.01180787,0.01851852,0.0,0.03703704,100,0,0.97333333,0.0526632,1.0,0.88888889,1.0,100,0,0.0,0.0,0.0,0.0,0.0,100,0,0.0,0.0,0.0,0.0,0.0
multiple_primary_comparisons,comparison_structure_stress,vu_row__taxon_resolved_target__comparison_ignore,100,row; resolved target taxon; comparisons ignored,row,resolved_target,ignore,primary_comparisons_and_primary_evidence_tiers,100,0,0.87058333,0.17760177,1.0,0.56785714,1.0,100,0,0.12941667,0.17760177,0.0,0.0,0.43214286,100,0,0.3,0.12701794,0.33333333,0.08333333,0.5,100,0,0.99435185,0.0074325,1.0,0.98148148,1.0,100,0,0.00564815,0.0074325,0.0,0.0,0.01851852,100,0,0.43123223,0.1502465,0.44444444,0.15384615,0.66666667,100,0,0.00564815,0.0074325,0.0,0.0,0.01851852,100,0,0.99777778,0.01563392,1.0,1.0,1.0,100,0,0.0,0.0,0.0,0.0,0.0,100,0,0.0,0.0,0.0,0.0,0.0
multiple_primary_comparisons,comparison_structure_stress,vu_row__taxon_resolved_target__comparison_separate_votes,100,row; resolved target taxon; comparison-specific votes,row,resolved_target,separate_votes,primary_comparisons_and_primary_evidence_tiers,100,0,0.87058333,0.17760177,1.0,0.56785714,1.0,100,0,0.12941667,0.17760177,0.0,0.0,0.43214286,100,0,0.3,0.12701794,0.33333333,0.08333333,0.5,100,0,0.99435185,0.0074325,1.0,0.98148148,1.0,100,0,0.00564815,0.0074325,0.0,0.0,0.01851852,100,0,0.43123223,0.1502465,0.44444444,0.15384615,0.66666667,100,0,0.00564815,0.0074325,0.0,0.0,0.01851852,100,0,0.99777778,0.01563392,1.0,1.0,1.0,100,0,0.0,0.0,0.0,0.0,0.0,100,0,0.0,0.0,0.0,0.0,0.0
multiple_primary_comparisons,comparison_structure_stress,vu_row__taxon_source_label__comparison_family_state,100,row; source label; family-state collapse,row,source_label,family_state,primary_comparisons_and_primary_evidence_tiers,100,0,0.8523027,0.08936346,0.84615385,0.71428571,1.0,100,0,0.1476973,0.08936346,0.15384615,0.0,0.28571429,100,0,0.86416667,0.09742403,0.875,0.66666667,1.0,100,0,0.98240741,0.01180787,0.98148148,0.96296296,1.0,100,0,0.01759259,0.01180787,0.01851852,0.0,0.03703704,100,0,0.85418131,0.07367272,0.85714286,0.72727273,0.96,100,0,0.01759259,0.01180787,0.01851852,0.0,0.03703704,100,0,0.97333333,0.0526632,1.0,0.88888889,1.0,100,0,0.0,0.0,0.0,0.0,0.0,100,0,0.0,0.0,0.0,0.0,0.0
multiple_primary_comparisons,comparison_structure_stress,vu_row__taxon_source_label__comparison_ignore,100,row; source label; comparisons ignored,row,source_label,ignore,primary_comparisons_and_primary_evidence_tiers,100,0,0.05422907,0.02229458,0.05405405,0.01612903,0.09090909,100,0,0.94577093,0.02229458,0.94594595,0.90909091,0.98387097,100,0,0.3,0.12701794,0.33333333,0.08333333,0.5,100,0,0.99435185,0.0074325,1.0,0.98148148,1.0,100,0,0.00564815,0.0074325,0.0,0.0,0.01851852,100,0,0.09166715,0.03763041,0.09302326,0.02702703,0.15384615,100,0,0.00564815,0.0074325,0.0,0.0,0.01851852,100,0,0.99777778,0.01563392,1.0,1.0,1.0,100,0,0.0,0.0,0.0,0.0,0.0,100,0,62.28,7.96720551,62.0,48.95,75.15
multiple_primary_comparisons,comparison_structure_stress,vu_row__taxon_source_label__comparison_separate_votes,100,row; source label; comparison-specific votes,row,source_label,separate_votes,primary_comparisons_and_primary_evidence_tiers,100,0,0.05422907,0.02229458,0.05405405,0.01612903,0.09090909,100,0,0.94577093,0.02229458,0.94594595,0.90909091,0.98387097,100,0,0.3,0.12701794,0.33333333,0.08333333,0.5,100,0,0.99435185,0.0074325,1.0,0.98148148,1.0,100,0,0.00564815,0.0074325,0.0,0.0,0.01851852,100,0,0.09166715,0.03763041,0.09302326,0.02702703,0.15384615,100,0,0.00564815,0.0074325,0.0,0.0,0.01851852,100,0,0.99777778,0.01563392,1.0,1.0,1.0,100,0,0.0,0.0,0.0,0.0,0.0,100,0,62.28,7.96720551,62.0,48.95,75.15
rank_inflation,taxonomy_stress,vu_family__taxon_resolved_target__comparison_family_state,100,family; resolved target taxon; family-state collapse,family,resolved_target,family_state,primary_comparisons_and_primary_evidence_tiers,100,0,0.60634712,0.08951374,0.6,0.47826087,0.73595238,100,0,0.39365288,0.08951374,0.4,0.26404762,0.52173913,100,0,0.8775,0.09435156,0.91666667,0.74583333,1.0,100,0,0.93425926,0.02160494,0.93518519,0.89814815,0.96342592,100,0,0.06574074,0.02160494,0.06481481,0.03657408,0.10185185,100,0,0.71336335,0.07883719,0.70967742,0.59259259,0.82758621,100,0,0.06574074,0.02160494,0.06481481,0.03657408,0.10185185,100,0,0.96666667,0.06415003,1.0,0.88888889,1.0,100,0,0.00283333,0.00712837,0.0,0.0,0.01666667,100,0,0.0,0.0,0.0,0.0,0.0
rank_inflation,taxonomy_stress,vu_family__taxon_resolved_target__comparison_ignore,100,family; resolved target taxon; comparisons ignored,family,resolved_target,ignore,primary_comparisons_and_primary_evidence_tiers,100,0,0.60634712,0.08951374,0.6,0.47826087,0.73595238,100,0,0.39365288,0.08951374,0.4,0.26404762,0.52173913,100,0,0.8775,0.09435156,0.91666667,0.74583333,1.0,100,0,0.93425926,0.02160494,0.93518519,0.89814815,0.96342592,100,0,0.06574074,0.02160494,0.06481481,0.03657408,0.10185185,100,0,0.71336335,0.07883719,0.70967742,0.59259259,0.82758621,100,0,0.06574074,0.02160494,0.06481481,0.03657408,0.10185185,100,0,0.96666667,0.06415003,1.0,0.88888889,1.0,100,0,0.00283333,0.00712837,0.0,0.0,0.01666667,100,0,0.0,0.0,0.0,0.0,0.0
rank_inflation,taxonomy_stress,vu_family__taxon_resolved_target__comparison_separate_votes,100,family; resolved target taxon; comparison-specific votes,family,resolved_target,separate_votes,primary_comparisons_and_primary_evidence_tiers,100,0,0.60634712,0.08951374,0.6,0.47826087,0.73595238,100,0,0.39365288,0.08951374,0.4,0.26404762,0.52173913,100,0,0.8775,0.09435156,0.91666667,0.74583333,1.0,100,0,0.93425926,0.02160494,0.93518519,0.89814815,0.96342592,100,0,0.06574074,0.02160494,0.06481481,0.03657408,0.10185185,100,0,0.71336335,0.07883719,0.70967742,0.59259259,0.82758621,100,0,0.06574074,0.02160494,0.06481481,0.03657408,0.10185185,100,0,0.96666667,0.06415003,1.0,0.88888889,1.0,100,0,0.00283333,0.00712837,0.0,0.0,0.01666667,100,0,0.0,0.0,0.0,0.0,0.0
rank_inflation,taxonomy_stress,vu_family__taxon_source_label__comparison_family_state,100,family; source label; family-state collapse,family,source_label,family_state,primary_comparisons_and_primary_evidence_tiers,100,0,0.60634712,0.08951374,0.6,0.47826087,0.73595238,100,0,0.39365288,0.08951374,0.4,0.26404762,0.52173913,100,0,0.8775,0.09435156,0.91666667,0.74583333,1.0,100,0,0.93425926,0.02160494,0.93518519,0.89814815,0.96342592,100,0,0.06574074,0.02160494,0.06481481,0.03657408,0.10185185,100,0,0.71336335,0.07883719,0.70967742,0.59259259,0.82758621,100,0,0.06574074,0.02160494,0.06481481,0.03657408,0.10185185,100,0,0.96666667,0.06415003,1.0,0.88888889,1.0,100,0,0.00283333,0.00712837,0.0,0.0,0.01666667,100,0,0.0,0.0,0.0,0.0,0.0
rank_inflation,taxonomy_stress,vu_family__taxon_source_label__comparison_ignore,100,family; source label; comparisons ignored,family,source_label,ignore,primary_comparisons_and_primary_evidence_tiers,100,0,0.60634712,0.08951374,0.6,0.47826087,0.73595238,100,0,0.39365288,0.08951374,0.4,0.26404762,0.52173913,100,0,0.8775,0.09435156,0.91666667,0.74583333,1.0,100,0,0.93425926,0.02160494,0.93518519,0.89814815,0.96342592,100,0,0.06574074,0.02160494,0.06481481,0.03657408,0.10185185,100,0,0.71336335,0.07883719,0.70967742,0.59259259,0.82758621,100,0,0.06574074,0.02160494,0.06481481,0.03657408,0.10185185,100,0,0.96666667,0.06415003,1.0,0.88888889,1.0,100,0,0.00283333,0.00712837,0.0,0.0,0.01666667,100,0,0.0,0.0,0.0,0.0,0.0
rank_inflation,taxonomy_stress,vu_family__taxon_source_label__comparison_separate_votes,100,family; source label; comparison-specific votes,family,source_label,separate_votes,primary_comparisons_and_primary_evidence_tiers,100,0,0.60634712,0.08951374,0.6,0.47826087,0.73595238,100,0,0.39365288,0.08951374,0.4,0.26404762,0.52173913,100,0,0.8775,0.09435156,0.91666667,0.74583333,1.0,100,0,0.93425926,0.02160494,0.93518519,0.89814815,0.96342592,100,0,0.06574074,0.02160494,0.06481481,0.03657408,0.10185185,100,0,0.71336335,0.07883719,0.70967742,0.59259259,0.82758621,100,0,0.06574074,0.02160494,0.06481481,0.03657408,0.10185185,100,0,0.96666667,0.06415003,1.0,0.88888889,1.0,100,0,0.00283333,0.00712837,0.0,0.0,0.01666667,100,0,0.0,0.0,0.0,0.0,0.0
rank_inflation,taxonomy_stress,vu_report__taxon_resolved_target__comparison_family_state,100,report; resolved target taxon; family-state collapse,report,resolved_target,family_state,primary_comparisons_and_primary_evidence_tiers,100,0,0.60634712,0.08951374,0.6,0.47826087,0.73595238,100,0,0.39365288,0.08951374,0.4,0.26404762,0.52173913,100,0,0.8775,0.09435156,0.91666667,0.74583333,1.0,100,0,0.93425926,0.02160494,0.93518519,0.89814815,0.96342592,100,0,0.06574074,0.02160494,0.06481481,0.03657408,0.10185185,100,0,0.71336335,0.07883719,0.70967742,0.59259259,0.82758621,100,0,0.06574074,0.02160494,0.06481481,0.03657408,0.10185185,100,0,0.96666667,0.06415003,1.0,0.88888889,1.0,100,0,0.00283333,0.00712837,0.0,0.0,0.01666667,100,0,0.0,0.0,0.0,0.0,0.0
rank_inflation,taxonomy_stress,vu_report__taxon_resolved_target__comparison_ignore,100,report; resolved target taxon; comparisons ignored,report,resolved_target,ignore,primary_comparisons_and_primary_evidence_tiers,100,0,0.56687885,0.10012259,0.5625,0.42857143,0.75,100,0,0.43312115,0.10012259,0.4375,0.25,0.57142857,100,0,0.715,0.13252067,0.75,0.5,0.91666667,100,0,0.93731482,0.02125559,0.93518519,0.90694445,0.97222222,100,0,0.06268518,0.02125559,0.06481481,0.02777778,0.09305555,100,0,0.62709482,0.09752983,0.64142857,0.46153846,0.77076923,100,0,0.06268518,0.02125559,0.06481481,0.02777778,0.09305555,100,0,0.97222222,0.05775662,1.0,0.88888889,1.0,100,0,0.00183333,0.00622033,0.0,0.0,0.01666667,100,0,0.0,0.0,0.0,0.0,0.0
rank_inflation,taxonomy_stress,vu_report__taxon_resolved_target__comparison_separate_votes,100,report; resolved target taxon; comparison-specific votes,report,resolved_target,separate_votes,primary_comparisons_and_primary_evidence_tiers,100,0,0.56687885,0.10012259,0.5625,0.42857143,0.75,100,0,0.43312115,0.10012259,0.4375,0.25,0.57142857,100,0,0.715,0.13252067,0.75,0.5,0.91666667,100,0,0.93731482,0.02125559,0.93518519,0.90694445,0.97222222,100,0,0.06268518,0.02125559,0.06481481,0.02777778,0.09305555,100,0,0.62709482,0.09752983,0.64142857,0.46153846,0.77076923,100,0,0.06268518,0.02125559,0.06481481,0.02777778,0.09305555,100,0,0.97222222,0.05775662,1.0,0.88888889,1.0,100,0,0.00183333,0.00622033,0.0,0.0,0.01666667,100,0,0.0,0.0,0.0,0.0,0.0
rank_inflation,taxonomy_stress,vu_report__taxon_source_label__comparison_family_state,100,report; source label; family-state collapse,report,source_label,family_state,primary_comparisons_and_primary_evidence_tiers,100,0,0.60634712,0.08951374,0.6,0.47826087,0.73595238,100,0,0.39365288,0.08951374,0.4,0.26404762,0.52173913,100,0,0.8775,0.09435156,0.91666667,0.74583333,1.0,100,0,0.93425926,0.02160494,0.93518519,0.89814815,0.96342592,100,0,0.06574074,0.02160494,0.06481481,0.03657408,0.10185185,100,0,0.71336335,0.07883719,0.70967742,0.59259259,0.82758621,100,0,0.06574074,0.02160494,0.06481481,0.03657408,0.10185185,100,0,0.96666667,0.06415003,1.0,0.88888889,1.0,100,0,0.00283333,0.00712837,0.0,0.0,0.01666667,100,0,0.0,0.0,0.0,0.0,0.0
rank_inflation,taxonomy_stress,vu_report__taxon_source_label__comparison_ignore,100,report; source label; comparisons ignored,report,source_label,ignore,primary_comparisons_and_primary_evidence_tiers,100,0,0.56687885,0.10012259,0.5625,0.42857143,0.75,100,0,0.43312115,0.10012259,0.4375,0.25,0.57142857,100,0,0.715,0.13252067,0.75,0.5,0.91666667,100,0,0.93731482,0.02125559,0.93518519,0.90694445,0.97222222,100,0,0.06268518,0.02125559,0.06481481,0.02777778,0.09305555,100,0,0.62709482,0.09752983,0.64142857,0.46153846,0.77076923,100,0,0.06268518,0.02125559,0.06481481,0.02777778,0.09305555,100,0,0.97222222,0.05775662,1.0,0.88888889,1.0,100,0,0.00183333,0.00622033,0.0,0.0,0.01666667,100,0,0.0,0.0,0.0,0.0,0.0
rank_inflation,taxonomy_stress,vu_report__taxon_source_label__comparison_separate_votes,100,report; source label; comparison-specific votes,report,source_label,separate_votes,primary_comparisons_and_primary_evidence_tiers,100,0,0.56687885,0.10012259,0.5625,0.42857143,0.75,100,0,0.43312115,0.10012259,0.4375,0.25,0.57142857,100,0,0.715,0.13252067,0.75,0.5,0.91666667,100,0,0.93731482,0.02125559,0.93518519,0.90694445,0.97222222,100,0,0.06268518,0.02125559,0.06481481,0.02777778,0.09305555,100,0,0.62709482,0.09752983,0.64142857,0.46153846,0.77076923,100,0,0.06268518,0.02125559,0.06481481,0.02777778,0.09305555,100,0,0.97222222,0.05775662,1.0,0.88888889,1.0,100,0,0.00183333,0.00622033,0.0,0.0,0.01666667,100,0,0.0,0.0,0.0,0.0,0.0
rank_inflation,taxonomy_stress,vu_row__taxon_resolved_target__comparison_family_state,100,row; resolved target taxon; family-state collapse,row,resolved_target,family_state,primary_comparisons_and_primary_evidence_tiers,100,0,0.60634712,0.08951374,0.6,0.47826087,0.73595238,100,0,0.39365288,0.08951374,0.4,0.26404762,0.52173913,100,0,0.8775,0.09435156,0.91666667,0.74583333,1.0,100,0,0.93425926,0.02160494,0.93518519,0.89814815,0.96342592,100,0,0.06574074,0.02160494,0.06481481,0.03657408,0.10185185,100,0,0.71336335,0.07883719,0.70967742,0.59259259,0.82758621,100,0,0.06574074,0.02160494,0.06481481,0.03657408,0.10185185,100,0,0.96666667,0.06415003,1.0,0.88888889,1.0,100,0,0.00283333,0.00712837,0.0,0.0,0.01666667,100,0,0.0,0.0,0.0,0.0,0.0
rank_inflation,taxonomy_stress,vu_row__taxon_resolved_target__comparison_ignore,100,row; resolved target taxon; comparisons ignored,row,resolved_target,ignore,primary_comparisons_and_primary_evidence_tiers,100,0,0.54756493,0.09901471,0.54772727,0.4,0.71607142,100,0,0.45243507,0.09901471,0.45227273,0.28392858,0.6,100,0,0.715,0.13252067,0.75,0.5,0.91666667,100,0,0.93222222,0.02240695,0.93518519,0.89814815,0.96342592,100,0,0.06777778,0.02240695,0.06481481,0.03657408,0.10185185,100,0,0.6151478,0.09830641,0.61803714,0.46104218,0.77076923,100,0,0.06777778,0.02240695,0.06481481,0.03657408,0.10185185,100,0,0.97222222,0.05775662,1.0,0.88888889,1.0,100,0,0.00183333,0.00622033,0.0,0.0,0.01666667,100,0,0.0,0.0,0.0,0.0,0.0
rank_inflation,taxonomy_stress,vu_row__taxon_resolved_target__comparison_separate_votes,100,row; resolved target taxon; comparison-specific votes,row,resolved_target,separate_votes,primary_comparisons_and_primary_evidence_tiers,100,0,0.54756493,0.09901471,0.54772727,0.4,0.71607142,100,0,0.45243507,0.09901471,0.45227273,0.28392858,0.6,100,0,0.715,0.13252067,0.75,0.5,0.91666667,100,0,0.93222222,0.02240695,0.93518519,0.89814815,0.96342592,100,0,0.06777778,0.02240695,0.06481481,0.03657408,0.10185185,100,0,0.6151478,0.09830641,0.61803714,0.46104218,0.77076923,100,0,0.06777778,0.02240695,0.06481481,0.03657408,0.10185185,100,0,0.97222222,0.05775662,1.0,0.88888889,1.0,100,0,0.00183333,0.00622033,0.0,0.0,0.01666667,100,0,0.0,0.0,0.0,0.0,0.0
rank_inflation,taxonomy_stress,vu_row__taxon_source_label__comparison_family_state,100,row; source label; family-state collapse,row,source_label,family_state,primary_comparisons_and_primary_evidence_tiers,100,0,0.60634712,0.08951374,0.6,0.47826087,0.73595238,100,0,0.39365288,0.08951374,0.4,0.26404762,0.52173913,100,0,0.8775,0.09435156,0.91666667,0.74583333,1.0,100,0,0.93425926,0.02160494,0.93518519,0.89814815,0.96342592,100,0,0.06574074,0.02160494,0.06481481,0.03657408,0.10185185,100,0,0.71336335,0.07883719,0.70967742,0.59259259,0.82758621,100,0,0.06574074,0.02160494,0.06481481,0.03657408,0.10185185,100,0,0.96666667,0.06415003,1.0,0.88888889,1.0,100,0,0.00283333,0.00712837,0.0,0.0,0.01666667,100,0,0.0,0.0,0.0,0.0,0.0
rank_inflation,taxonomy_stress,vu_row__taxon_source_label__comparison_ignore,100,row; source label; comparisons ignored,row,source_label,ignore,primary_comparisons_and_primary_evidence_tiers,100,0,0.56687885,0.10012259,0.5625,0.42857143,0.75,100,0,0.43312115,0.10012259,0.4375,0.25,0.57142857,100,0,0.715,0.13252067,0.75,0.5,0.91666667,100,0,0.93731482,0.02125559,0.93518519,0.90694445,0.97222222,100,0,0.06268518,0.02125559,0.06481481,0.02777778,0.09305555,100,0,0.62709482,0.09752983,0.64142857,0.46153846,0.77076923,100,0,0.06268518,0.02125559,0.06481481,0.02777778,0.09305555,100,0,0.97222222,0.05775662,1.0,0.88888889,1.0,100,0,0.00183333,0.00622033,0.0,0.0,0.01666667,100,0,0.0,0.0,0.0,0.0,0.0
rank_inflation,taxonomy_stress,vu_row__taxon_source_label__comparison_separate_votes,100,row; source label; comparison-specific votes,row,source_label,separate_votes,primary_comparisons_and_primary_evidence_tiers,100,0,0.56687885,0.10012259,0.5625,0.42857143,0.75,100,0,0.43312115,0.10012259,0.4375,0.25,0.57142857,100,0,0.715,0.13252067,0.75,0.5,0.91666667,100,0,0.93731482,0.02125559,0.93518519,0.90694445,0.97222222,100,0,0.06268518,0.02125559,0.06481481,0.02777778,0.09305555,100,0,0.62709482,0.09752983,0.64142857,0.46153846,0.77076923,100,0,0.06268518,0.02125559,0.06481481,0.02777778,0.09305555,100,0,0.97222222,0.05775662,1.0,0.88888889,1.0,100,0,0.00183333,0.00622033,0.0,0.0,0.01666667,100,0,0.0,0.0,0.0,0.0,0.0
reference,reference,vu_family__taxon_resolved_target__comparison_family_state,100,family; resolved target taxon; family-state collapse,family,resolved_target,family_state,primary_comparisons_and_primary_evidence_tiers,100,0,0.61473775,0.08871303,0.60555556,0.47368421,0.75178571,100,0,0.38526225,0.08871303,0.39444444,0.24821429,0.52631579,100,0,0.86833333,0.09992983,0.91666667,0.74583333,1.0,100,0,0.93731482,0.02100972,0.93518519,0.90694445,0.97222222,100,0,0.06268518,0.02100972,0.06481481,0.02777778,0.09305555,100,0,0.71616918,0.07999552,0.71198156,0.58064516,0.83397436,100,0,0.06268518,0.02100972,0.06481481,0.02777778,0.09305555,100,0,0.96888889,0.0525684,1.0,0.88888889,1.0,100,0,0.00283333,0.00712837,0.0,0.0,0.01666667,100,0,0.0,0.0,0.0,0.0,0.0
reference,reference,vu_family__taxon_resolved_target__comparison_ignore,100,family; resolved target taxon; comparisons ignored,family,resolved_target,ignore,primary_comparisons_and_primary_evidence_tiers,100,0,0.61473775,0.08871303,0.60555556,0.47368421,0.75178571,100,0,0.38526225,0.08871303,0.39444444,0.24821429,0.52631579,100,0,0.86833333,0.09992983,0.91666667,0.74583333,1.0,100,0,0.93731482,0.02100972,0.93518519,0.90694445,0.97222222,100,0,0.06268518,0.02100972,0.06481481,0.02777778,0.09305555,100,0,0.71616918,0.07999552,0.71198156,0.58064516,0.83397436,100,0,0.06268518,0.02100972,0.06481481,0.02777778,0.09305555,100,0,0.96888889,0.0525684,1.0,0.88888889,1.0,100,0,0.00283333,0.00712837,0.0,0.0,0.01666667,100,0,0.0,0.0,0.0,0.0,0.0
reference,reference,vu_family__taxon_resolved_target__comparison_separate_votes,100,family; resolved target taxon; comparison-specific votes,family,resolved_target,separate_votes,primary_comparisons_and_primary_evidence_tiers,100,0,0.61473775,0.08871303,0.60555556,0.47368421,0.75178571,100,0,0.38526225,0.08871303,0.39444444,0.24821429,0.52631579,100,0,0.86833333,0.09992983,0.91666667,0.74583333,1.0,100,0,0.93731482,0.02100972,0.93518519,0.90694445,0.97222222,100,0,0.06268518,0.02100972,0.06481481,0.02777778,0.09305555,100,0,0.71616918,0.07999552,0.71198156,0.58064516,0.83397436,100,0,0.06268518,0.02100972,0.06481481,0.02777778,0.09305555,100,0,0.96888889,0.0525684,1.0,0.88888889,1.0,100,0,0.00283333,0.00712837,0.0,0.0,0.01666667,100,0,0.0,0.0,0.0,0.0,0.0
reference,reference,vu_family__taxon_source_label__comparison_family_state,100,family; source label; family-state collapse,family,source_label,family_state,primary_comparisons_and_primary_evidence_tiers,100,0,0.61473775,0.08871303,0.60555556,0.47368421,0.75178571,100,0,0.38526225,0.08871303,0.39444444,0.24821429,0.52631579,100,0,0.86833333,0.09992983,0.91666667,0.74583333,1.0,100,0,0.93731482,0.02100972,0.93518519,0.90694445,0.97222222,100,0,0.06268518,0.02100972,0.06481481,0.02777778,0.09305555,100,0,0.71616918,0.07999552,0.71198156,0.58064516,0.83397436,100,0,0.06268518,0.02100972,0.06481481,0.02777778,0.09305555,100,0,0.96888889,0.0525684,1.0,0.88888889,1.0,100,0,0.00283333,0.00712837,0.0,0.0,0.01666667,100,0,0.0,0.0,0.0,0.0,0.0
reference,reference,vu_family__taxon_source_label__comparison_ignore,100,family; source label; comparisons ignored,family,source_label,ignore,primary_comparisons_and_primary_evidence_tiers,100,0,0.61473775,0.08871303,0.60555556,0.47368421,0.75178571,100,0,0.38526225,0.08871303,0.39444444,0.24821429,0.52631579,100,0,0.86833333,0.09992983,0.91666667,0.74583333,1.0,100,0,0.93731482,0.02100972,0.93518519,0.90694445,0.97222222,100,0,0.06268518,0.02100972,0.06481481,0.02777778,0.09305555,100,0,0.71616918,0.07999552,0.71198156,0.58064516,0.83397436,100,0,0.06268518,0.02100972,0.06481481,0.02777778,0.09305555,100,0,0.96888889,0.0525684,1.0,0.88888889,1.0,100,0,0.00283333,0.00712837,0.0,0.0,0.01666667,100,0,0.0,0.0,0.0,0.0,0.0
reference,reference,vu_family__taxon_source_label__comparison_separate_votes,100,family; source label; comparison-specific votes,family,source_label,separate_votes,primary_comparisons_and_primary_evidence_tiers,100,0,0.61473775,0.08871303,0.60555556,0.47368421,0.75178571,100,0,0.38526225,0.08871303,0.39444444,0.24821429,0.52631579,100,0,0.86833333,0.09992983,0.91666667,0.74583333,1.0,100,0,0.93731482,0.02100972,0.93518519,0.90694445,0.97222222,100,0,0.06268518,0.02100972,0.06481481,0.02777778,0.09305555,100,0,0.71616918,0.07999552,0.71198156,0.58064516,0.83397436,100,0,0.06268518,0.02100972,0.06481481,0.02777778,0.09305555,100,0,0.96888889,0.0525684,1.0,0.88888889,1.0,100,0,0.00283333,0.00712837,0.0,0.0,0.01666667,100,0,0.0,0.0,0.0,0.0,0.0
reference,reference,vu_report__taxon_resolved_target__comparison_family_state,100,report; resolved target taxon; family-state collapse,report,resolved_target,family_state,primary_comparisons_and_primary_evidence_tiers,100,0,0.61473775,0.08871303,0.60555556,0.47368421,0.75178571,100,0,0.38526225,0.08871303,0.39444444,0.24821429,0.52631579,100,0,0.86833333,0.09992983,0.91666667,0.74583333,1.0,100,0,0.93731482,0.02100972,0.93518519,0.90694445,0.97222222,100,0,0.06268518,0.02100972,0.06481481,0.02777778,0.09305555,100,0,0.71616918,0.07999552,0.71198156,0.58064516,0.83397436,100,0,0.06268518,0.02100972,0.06481481,0.02777778,0.09305555,100,0,0.96888889,0.0525684,1.0,0.88888889,1.0,100,0,0.00283333,0.00712837,0.0,0.0,0.01666667,100,0,0.0,0.0,0.0,0.0,0.0
reference,reference,vu_report__taxon_resolved_target__comparison_ignore,100,report; resolved target taxon; comparisons ignored,report,resolved_target,ignore,primary_comparisons_and_primary_evidence_tiers,100,0,0.56344301,0.10258042,0.5625,0.41117647,0.73416666,100,0,0.43655699,0.10258042,0.4375,0.26583334,0.58882353,100,0,0.70166667,0.1397348,0.66666667,0.5,0.91666667,100,0,0.93787037,0.02098662,0.93518519,0.89814815,0.97222222,100,0,0.06212963,0.02098662,0.06481481,0.02777778,0.10185185,100,0,0.62001283,0.10512119,0.61538462,0.46641026,0.78571429,100,0,0.06212963,0.02098662,0.06481481,0.02777778,0.10185185,100,0,0.97666667,0.04814815,1.0,0.88888889,1.0,100,0,0.0025,0.00685549,0.0,0.0,0.01666667,100,0,0.0,0.0,0.0,0.0,0.0
reference,reference,vu_report__taxon_resolved_target__comparison_separate_votes,100,report; resolved target taxon; comparison-specific votes,report,resolved_target,separate_votes,primary_comparisons_and_primary_evidence_tiers,100,0,0.56344301,0.10258042,0.5625,0.41117647,0.73416666,100,0,0.43655699,0.10258042,0.4375,0.26583334,0.58882353,100,0,0.70166667,0.1397348,0.66666667,0.5,0.91666667,100,0,0.93787037,0.02098662,0.93518519,0.89814815,0.97222222,100,0,0.06212963,0.02098662,0.06481481,0.02777778,0.10185185,100,0,0.62001283,0.10512119,0.61538462,0.46641026,0.78571429,100,0,0.06212963,0.02098662,0.06481481,0.02777778,0.10185185,100,0,0.97666667,0.04814815,1.0,0.88888889,1.0,100,0,0.0025,0.00685549,0.0,0.0,0.01666667,100,0,0.0,0.0,0.0,0.0,0.0
reference,reference,vu_report__taxon_source_label__comparison_family_state,100,report; source label; family-state collapse,report,source_label,family_state,primary_comparisons_and_primary_evidence_tiers,100,0,0.61473775,0.08871303,0.60555556,0.47368421,0.75178571,100,0,0.38526225,0.08871303,0.39444444,0.24821429,0.52631579,100,0,0.86833333,0.09992983,0.91666667,0.74583333,1.0,100,0,0.93731482,0.02100972,0.93518519,0.90694445,0.97222222,100,0,0.06268518,0.02100972,0.06481481,0.02777778,0.09305555,100,0,0.71616918,0.07999552,0.71198156,0.58064516,0.83397436,100,0,0.06268518,0.02100972,0.06481481,0.02777778,0.09305555,100,0,0.96888889,0.0525684,1.0,0.88888889,1.0,100,0,0.00283333,0.00712837,0.0,0.0,0.01666667,100,0,0.0,0.0,0.0,0.0,0.0
reference,reference,vu_report__taxon_source_label__comparison_ignore,100,report; source label; comparisons ignored,report,source_label,ignore,primary_comparisons_and_primary_evidence_tiers,100,0,0.56344301,0.10258042,0.5625,0.41117647,0.73416666,100,0,0.43655699,0.10258042,0.4375,0.26583334,0.58882353,100,0,0.70166667,0.1397348,0.66666667,0.5,0.91666667,100,0,0.93787037,0.02098662,0.93518519,0.89814815,0.97222222,100,0,0.06212963,0.02098662,0.06481481,0.02777778,0.10185185,100,0,0.62001283,0.10512119,0.61538462,0.46641026,0.78571429,100,0,0.06212963,0.02098662,0.06481481,0.02777778,0.10185185,100,0,0.97666667,0.04814815,1.0,0.88888889,1.0,100,0,0.0025,0.00685549,0.0,0.0,0.01666667,100,0,0.0,0.0,0.0,0.0,0.0
reference,reference,vu_report__taxon_source_label__comparison_separate_votes,100,report; source label; comparison-specific votes,report,source_label,separate_votes,primary_comparisons_and_primary_evidence_tiers,100,0,0.56344301,0.10258042,0.5625,0.41117647,0.73416666,100,0,0.43655699,0.10258042,0.4375,0.26583334,0.58882353,100,0,0.70166667,0.1397348,0.66666667,0.5,0.91666667,100,0,0.93787037,0.02098662,0.93518519,0.89814815,0.97222222,100,0,0.06212963,0.02098662,0.06481481,0.02777778,0.10185185,100,0,0.62001283,0.10512119,0.61538462,0.46641026,0.78571429,100,0,0.06212963,0.02098662,0.06481481,0.02777778,0.10185185,100,0,0.97666667,0.04814815,1.0,0.88888889,1.0,100,0,0.0025,0.00685549,0.0,0.0,0.01666667,100,0,0.0,0.0,0.0,0.0,0.0
reference,reference,vu_row__taxon_resolved_target__comparison_family_state,100,row; resolved target taxon; family-state collapse,row,resolved_target,family_state,primary_comparisons_and_primary_evidence_tiers,100,0,0.61473775,0.08871303,0.60555556,0.47368421,0.75178571,100,0,0.38526225,0.08871303,0.39444444,0.24821429,0.52631579,100,0,0.86833333,0.09992983,0.91666667,0.74583333,1.0,100,0,0.93731482,0.02100972,0.93518519,0.90694445,0.97222222,100,0,0.06268518,0.02100972,0.06481481,0.02777778,0.09305555,100,0,0.71616918,0.07999552,0.71198156,0.58064516,0.83397436,100,0,0.06268518,0.02100972,0.06481481,0.02777778,0.09305555,100,0,0.96888889,0.0525684,1.0,0.88888889,1.0,100,0,0.00283333,0.00712837,0.0,0.0,0.01666667,100,0,0.0,0.0,0.0,0.0,0.0
reference,reference,vu_row__taxon_resolved_target__comparison_ignore,100,row; resolved target taxon; comparisons ignored,row,resolved_target,ignore,primary_comparisons_and_primary_evidence_tiers,100,0,0.557435,0.10149728,0.55555556,0.39944444,0.73416666,100,0,0.442565,0.10149728,0.44444444,0.26583334,0.60055556,100,0,0.70166667,0.1397348,0.66666667,0.5,0.91666667,100,0,0.93638889,0.02100147,0.93518519,0.89814815,0.96342592,100,0,0.06361111,0.02100147,0.06481481,0.03657408,0.10185185,100,0,0.61633846,0.10436499,0.61538462,0.46153846,0.78571429,100,0,0.06361111,0.02100147,0.06481481,0.03657408,0.10185185,100,0,0.97666667,0.04814815,1.0,0.88888889,1.0,100,0,0.0025,0.00685549,0.0,0.0,0.01666667,100,0,0.0,0.0,0.0,0.0,0.0
reference,reference,vu_row__taxon_resolved_target__comparison_separate_votes,100,row; resolved target taxon; comparison-specific votes,row,resolved_target,separate_votes,primary_comparisons_and_primary_evidence_tiers,100,0,0.557435,0.10149728,0.55555556,0.39944444,0.73416666,100,0,0.442565,0.10149728,0.44444444,0.26583334,0.60055556,100,0,0.70166667,0.1397348,0.66666667,0.5,0.91666667,100,0,0.93638889,0.02100147,0.93518519,0.89814815,0.96342592,100,0,0.06361111,0.02100147,0.06481481,0.03657408,0.10185185,100,0,0.61633846,0.10436499,0.61538462,0.46153846,0.78571429,100,0,0.06361111,0.02100147,0.06481481,0.03657408,0.10185185,100,0,0.97666667,0.04814815,1.0,0.88888889,1.0,100,0,0.0025,0.00685549,0.0,0.0,0.01666667,100,0,0.0,0.0,0.0,0.0,0.0
reference,reference,vu_row__taxon_source_label__comparison_family_state,100,row; source label; family-state collapse,row,source_label,family_state,primary_comparisons_and_primary_evidence_tiers,100,0,0.61473775,0.08871303,0.60555556,0.47368421,0.75178571,100,0,0.38526225,0.08871303,0.39444444,0.24821429,0.52631579,100,0,0.86833333,0.09992983,0.91666667,0.74583333,1.0,100,0,0.93731482,0.02100972,0.93518519,0.90694445,0.97222222,100,0,0.06268518,0.02100972,0.06481481,0.02777778,0.09305555,100,0,0.71616918,0.07999552,0.71198156,0.58064516,0.83397436,100,0,0.06268518,0.02100972,0.06481481,0.02777778,0.09305555,100,0,0.96888889,0.0525684,1.0,0.88888889,1.0,100,0,0.00283333,0.00712837,0.0,0.0,0.01666667,100,0,0.0,0.0,0.0,0.0,0.0
reference,reference,vu_row__taxon_source_label__comparison_ignore,100,row; source label; comparisons ignored,row,source_label,ignore,primary_comparisons_and_primary_evidence_tiers,100,0,0.56344301,0.10258042,0.5625,0.41117647,0.73416666,100,0,0.43655699,0.10258042,0.4375,0.26583334,0.58882353,100,0,0.70166667,0.1397348,0.66666667,0.5,0.91666667,100,0,0.93787037,0.02098662,0.93518519,0.89814815,0.97222222,100,0,0.06212963,0.02098662,0.06481481,0.02777778,0.10185185,100,0,0.62001283,0.10512119,0.61538462,0.46641026,0.78571429,100,0,0.06212963,0.02098662,0.06481481,0.02777778,0.10185185,100,0,0.97666667,0.04814815,1.0,0.88888889,1.0,100,0,0.0025,0.00685549,0.0,0.0,0.01666667,100,0,0.0,0.0,0.0,0.0,0.0
reference,reference,vu_row__taxon_source_label__comparison_separate_votes,100,row; source label; comparison-specific votes,row,source_label,separate_votes,primary_comparisons_and_primary_evidence_tiers,100,0,0.56344301,0.10258042,0.5625,0.41117647,0.73416666,100,0,0.43655699,0.10258042,0.4375,0.26583334,0.58882353,100,0,0.70166667,0.1397348,0.66666667,0.5,0.91666667,100,0,0.93787037,0.02098662,0.93518519,0.89814815,0.97222222,100,0,0.06212963,0.02098662,0.06481481,0.02777778,0.10185185,100,0,0.62001283,0.10512119,0.61538462,0.46641026,0.78571429,100,0,0.06212963,0.02098662,0.06481481,0.02777778,0.10185185,100,0,0.97666667,0.04814815,1.0,0.88888889,1.0,100,0,0.0025,0.00685549,0.0,0.0,0.01666667,100,0,0.0,0.0,0.0,0.0,0.0
selective_sparse_reporting,mandatory_failure_region,vu_family__taxon_resolved_target__comparison_family_state,100,family; resolved target taxon; family-state collapse,family,resolved_target,family_state,primary_comparisons_and_primary_evidence_tiers,100,0,0.71938642,0.10108643,0.71428571,0.56164773,0.88989899,100,0,0.28061358,0.10108643,0.28571429,0.11010101,0.43835227,100,0,0.76416667,0.11487013,0.75,0.58333333,1.0,100,0,0.96546296,0.01583946,0.96296296,0.93518519,0.99074074,100,0,0.03453704,0.01583946,0.03703704,0.00925926,0.06481481,100,0,0.7361344,0.08918348,0.72727273,0.59916667,0.88,100,0,0.03453704,0.01583946,0.03703704,0.00925926,0.06481481,100,0,0.76222222,0.13949475,0.77777778,0.55555556,1.0,100,0,0.403,0.05066228,0.4,0.31666667,0.48333333,100,0,0.0,0.0,0.0,0.0,0.0
selective_sparse_reporting,mandatory_failure_region,vu_family__taxon_resolved_target__comparison_ignore,100,family; resolved target taxon; comparisons ignored,family,resolved_target,ignore,primary_comparisons_and_primary_evidence_tiers,100,0,0.71938642,0.10108643,0.71428571,0.56164773,0.88989899,100,0,0.28061358,0.10108643,0.28571429,0.11010101,0.43835227,100,0,0.76416667,0.11487013,0.75,0.58333333,1.0,100,0,0.96546296,0.01583946,0.96296296,0.93518519,0.99074074,100,0,0.03453704,0.01583946,0.03703704,0.00925926,0.06481481,100,0,0.7361344,0.08918348,0.72727273,0.59916667,0.88,100,0,0.03453704,0.01583946,0.03703704,0.00925926,0.06481481,100,0,0.76222222,0.13949475,0.77777778,0.55555556,1.0,100,0,0.403,0.05066228,0.4,0.31666667,0.48333333,100,0,0.0,0.0,0.0,0.0,0.0
selective_sparse_reporting,mandatory_failure_region,vu_family__taxon_resolved_target__comparison_separate_votes,100,family; resolved target taxon; comparison-specific votes,family,resolved_target,separate_votes,primary_comparisons_and_primary_evidence_tiers,100,0,0.71938642,0.10108643,0.71428571,0.56164773,0.88989899,100,0,0.28061358,0.10108643,0.28571429,0.11010101,0.43835227,100,0,0.76416667,0.11487013,0.75,0.58333333,1.0,100,0,0.96546296,0.01583946,0.96296296,0.93518519,0.99074074,100,0,0.03453704,0.01583946,0.03703704,0.00925926,0.06481481,100,0,0.7361344,0.08918348,0.72727273,0.59916667,0.88,100,0,0.03453704,0.01583946,0.03703704,0.00925926,0.06481481,100,0,0.76222222,0.13949475,0.77777778,0.55555556,1.0,100,0,0.403,0.05066228,0.4,0.31666667,0.48333333,100,0,0.0,0.0,0.0,0.0,0.0
selective_sparse_reporting,mandatory_failure_region,vu_family__taxon_source_label__comparison_family_state,100,family; source label; family-state collapse,family,source_label,family_state,primary_comparisons_and_primary_evidence_tiers,100,0,0.71938642,0.10108643,0.71428571,0.56164773,0.88989899,100,0,0.28061358,0.10108643,0.28571429,0.11010101,0.43835227,100,0,0.76416667,0.11487013,0.75,0.58333333,1.0,100,0,0.96546296,0.01583946,0.96296296,0.93518519,0.99074074,100,0,0.03453704,0.01583946,0.03703704,0.00925926,0.06481481,100,0,0.7361344,0.08918348,0.72727273,0.59916667,0.88,100,0,0.03453704,0.01583946,0.03703704,0.00925926,0.06481481,100,0,0.76222222,0.13949475,0.77777778,0.55555556,1.0,100,0,0.403,0.05066228,0.4,0.31666667,0.48333333,100,0,0.0,0.0,0.0,0.0,0.0
selective_sparse_reporting,mandatory_failure_region,vu_family__taxon_source_label__comparison_ignore,100,family; source label; comparisons ignored,family,source_label,ignore,primary_comparisons_and_primary_evidence_tiers,100,0,0.71938642,0.10108643,0.71428571,0.56164773,0.88989899,100,0,0.28061358,0.10108643,0.28571429,0.11010101,0.43835227,100,0,0.76416667,0.11487013,0.75,0.58333333,1.0,100,0,0.96546296,0.01583946,0.96296296,0.93518519,0.99074074,100,0,0.03453704,0.01583946,0.03703704,0.00925926,0.06481481,100,0,0.7361344,0.08918348,0.72727273,0.59916667,0.88,100,0,0.03453704,0.01583946,0.03703704,0.00925926,0.06481481,100,0,0.76222222,0.13949475,0.77777778,0.55555556,1.0,100,0,0.403,0.05066228,0.4,0.31666667,0.48333333,100,0,0.0,0.0,0.0,0.0,0.0
selective_sparse_reporting,mandatory_failure_region,vu_family__taxon_source_label__comparison_separate_votes,100,family; source label; comparison-specific votes,family,source_label,separate_votes,primary_comparisons_and_primary_evidence_tiers,100,0,0.71938642,0.10108643,0.71428571,0.56164773,0.88989899,100,0,0.28061358,0.10108643,0.28571429,0.11010101,0.43835227,100,0,0.76416667,0.11487013,0.75,0.58333333,1.0,100,0,0.96546296,0.01583946,0.96296296,0.93518519,0.99074074,100,0,0.03453704,0.01583946,0.03703704,0.00925926,0.06481481,100,0,0.7361344,0.08918348,0.72727273,0.59916667,0.88,100,0,0.03453704,0.01583946,0.03703704,0.00925926,0.06481481,100,0,0.76222222,0.13949475,0.77777778,0.55555556,1.0,100,0,0.403,0.05066228,0.4,0.31666667,0.48333333,100,0,0.0,0.0,0.0,0.0,0.0
selective_sparse_reporting,mandatory_failure_region,vu_report__taxon_resolved_target__comparison_family_state,100,report; resolved target taxon; family-state collapse,report,resolved_target,family_state,primary_comparisons_and_primary_evidence_tiers,100,0,0.71938642,0.10108643,0.71428571,0.56164773,0.88989899,100,0,0.28061358,0.10108643,0.28571429,0.11010101,0.43835227,100,0,0.76416667,0.11487013,0.75,0.58333333,1.0,100,0,0.96546296,0.01583946,0.96296296,0.93518519,0.99074074,100,0,0.03453704,0.01583946,0.03703704,0.00925926,0.06481481,100,0,0.7361344,0.08918348,0.72727273,0.59916667,0.88,100,0,0.03453704,0.01583946,0.03703704,0.00925926,0.06481481,100,0,0.76222222,0.13949475,0.77777778,0.55555556,1.0,100,0,0.403,0.05066228,0.4,0.31666667,0.48333333,100,0,0.0,0.0,0.0,0.0,0.0
selective_sparse_reporting,mandatory_failure_region,vu_report__taxon_resolved_target__comparison_ignore,100,report; resolved target taxon; comparisons ignored,report,resolved_target,ignore,primary_comparisons_and_primary_evidence_tiers,100,0,0.64062623,0.1054066,0.64285714,0.47488096,0.8189394,100,0,0.35937377,0.1054066,0.35714286,0.1810606,0.52511904,100,0,0.77916667,0.10750134,0.75,0.58333333,0.92083334,100,0,0.94888889,0.02111764,0.9537037,0.91620371,0.98148148,100,0,0.05111111,0.02111764,0.0462963,0.01851852,0.08379629,100,0,0.69802145,0.08851378,0.69565217,0.5451049,0.83333333,100,0,0.05111111,0.02111764,0.0462963,0.01851852,0.08379629,100,0,0.73333334,0.15311538,0.77777778,0.55555556,1.0,100,0,0.40033333,0.05041801,0.4,0.31666667,0.48333333,100,0,0.0,0.0,0.0,0.0,0.0
selective_sparse_reporting,mandatory_failure_region,vu_report__taxon_resolved_target__comparison_separate_votes,100,report; resolved target taxon; comparison-specific votes,report,resolved_target,separate_votes,primary_comparisons_and_primary_evidence_tiers,100,0,0.64062623,0.1054066,0.64285714,0.47488096,0.8189394,100,0,0.35937377,0.1054066,0.35714286,0.1810606,0.52511904,100,0,0.77916667,0.10750134,0.75,0.58333333,0.92083334,100,0,0.94888889,0.02111764,0.9537037,0.91620371,0.98148148,100,0,0.05111111,0.02111764,0.0462963,0.01851852,0.08379629,100,0,0.69802145,0.08851378,0.69565217,0.5451049,0.83333333,100,0,0.05111111,0.02111764,0.0462963,0.01851852,0.08379629,100,0,0.73333334,0.15311538,0.77777778,0.55555556,1.0,100,0,0.40033333,0.05041801,0.4,0.31666667,0.48333333,100,0,0.0,0.0,0.0,0.0,0.0
selective_sparse_reporting,mandatory_failure_region,vu_report__taxon_source_label__comparison_family_state,100,report; source label; family-state collapse,report,source_label,family_state,primary_comparisons_and_primary_evidence_tiers,100,0,0.71938642,0.10108643,0.71428571,0.56164773,0.88989899,100,0,0.28061358,0.10108643,0.28571429,0.11010101,0.43835227,100,0,0.76416667,0.11487013,0.75,0.58333333,1.0,100,0,0.96546296,0.01583946,0.96296296,0.93518519,0.99074074,100,0,0.03453704,0.01583946,0.03703704,0.00925926,0.06481481,100,0,0.7361344,0.08918348,0.72727273,0.59916667,0.88,100,0,0.03453704,0.01583946,0.03703704,0.00925926,0.06481481,100,0,0.76222222,0.13949475,0.77777778,0.55555556,1.0,100,0,0.403,0.05066228,0.4,0.31666667,0.48333333,100,0,0.0,0.0,0.0,0.0,0.0
selective_sparse_reporting,mandatory_failure_region,vu_report__taxon_source_label__comparison_ignore,100,report; source label; comparisons ignored,report,source_label,ignore,primary_comparisons_and_primary_evidence_tiers,100,0,0.64062623,0.1054066,0.64285714,0.47488096,0.8189394,100,0,0.35937377,0.1054066,0.35714286,0.1810606,0.52511904,100,0,0.77916667,0.10750134,0.75,0.58333333,0.92083334,100,0,0.94888889,0.02111764,0.9537037,0.91620371,0.98148148,100,0,0.05111111,0.02111764,0.0462963,0.01851852,0.08379629,100,0,0.69802145,0.08851378,0.69565217,0.5451049,0.83333333,100,0,0.05111111,0.02111764,0.0462963,0.01851852,0.08379629,100,0,0.73333334,0.15311538,0.77777778,0.55555556,1.0,100,0,0.40033333,0.05041801,0.4,0.31666667,0.48333333,100,0,0.0,0.0,0.0,0.0,0.0
selective_sparse_reporting,mandatory_failure_region,vu_report__taxon_source_label__comparison_separate_votes,100,report; source label; comparison-specific votes,report,source_label,separate_votes,primary_comparisons_and_primary_evidence_tiers,100,0,0.64062623,0.1054066,0.64285714,0.47488096,0.8189394,100,0,0.35937377,0.1054066,0.35714286,0.1810606,0.52511904,100,0,0.77916667,0.10750134,0.75,0.58333333,0.92083334,100,0,0.94888889,0.02111764,0.9537037,0.91620371,0.98148148,100,0,0.05111111,0.02111764,0.0462963,0.01851852,0.08379629,100,0,0.69802145,0.08851378,0.69565217,0.5451049,0.83333333,100,0,0.05111111,0.02111764,0.0462963,0.01851852,0.08379629,100,0,0.73333334,0.15311538,0.77777778,0.55555556,1.0,100,0,0.40033333,0.05041801,0.4,0.31666667,0.48333333,100,0,0.0,0.0,0.0,0.0,0.0
selective_sparse_reporting,mandatory_failure_region,vu_row__taxon_resolved_target__comparison_family_state,100,row; resolved target taxon; family-state collapse,row,resolved_target,family_state,primary_comparisons_and_primary_evidence_tiers,100,0,0.71938642,0.10108643,0.71428571,0.56164773,0.88989899,100,0,0.28061358,0.10108643,0.28571429,0.11010101,0.43835227,100,0,0.76416667,0.11487013,0.75,0.58333333,1.0,100,0,0.96546296,0.01583946,0.96296296,0.93518519,0.99074074,100,0,0.03453704,0.01583946,0.03703704,0.00925926,0.06481481,100,0,0.7361344,0.08918348,0.72727273,0.59916667,0.88,100,0,0.03453704,0.01583946,0.03703704,0.00925926,0.06481481,100,0,0.76222222,0.13949475,0.77777778,0.55555556,1.0,100,0,0.403,0.05066228,0.4,0.31666667,0.48333333,100,0,0.0,0.0,0.0,0.0,0.0
selective_sparse_reporting,mandatory_failure_region,vu_row__taxon_resolved_target__comparison_ignore,100,row; resolved target taxon; comparisons ignored,row,resolved_target,ignore,primary_comparisons_and_primary_evidence_tiers,100,0,0.53406664,0.09268305,0.52631579,0.375,0.68774038,100,0,0.46593336,0.09268305,0.47368421,0.31225962,0.625,100,0,0.8125,0.10750134,0.83333333,0.58333333,1.0,100,0,0.91796296,0.02697172,0.91666667,0.86990741,0.9537037,100,0,0.08203704,0.02697172,0.08333333,0.0462963,0.13009259,100,0,0.64048662,0.08853043,0.63007519,0.5,0.78571429,100,0,0.08203704,0.02697172,0.08333333,0.0462963,0.13009259,100,0,0.69888889,0.16809712,0.66666667,0.44444444,0.89444445,100,0,0.40033333,0.05041801,0.4,0.31666667,0.48333333,100,0,0.0,0.0,0.0,0.0,0.0
selective_sparse_reporting,mandatory_failure_region,vu_row__taxon_resolved_target__comparison_separate_votes,100,row; resolved target taxon; comparison-specific votes,row,resolved_target,separate_votes,primary_comparisons_and_primary_evidence_tiers,100,0,0.53406664,0.09268305,0.52631579,0.375,0.68774038,100,0,0.46593336,0.09268305,0.47368421,0.31225962,0.625,100,0,0.8125,0.10750134,0.83333333,0.58333333,1.0,100,0,0.91796296,0.02697172,0.91666667,0.86990741,0.9537037,100,0,0.08203704,0.02697172,0.08333333,0.0462963,0.13009259,100,0,0.64048662,0.08853043,0.63007519,0.5,0.78571429,100,0,0.08203704,0.02697172,0.08333333,0.0462963,0.13009259,100,0,0.69888889,0.16809712,0.66666667,0.44444444,0.89444445,100,0,0.40033333,0.05041801,0.4,0.31666667,0.48333333,100,0,0.0,0.0,0.0,0.0,0.0
selective_sparse_reporting,mandatory_failure_region,vu_row__taxon_source_label__comparison_family_state,100,row; source label; family-state collapse,row,source_label,family_state,primary_comparisons_and_primary_evidence_tiers,100,0,0.71938642,0.10108643,0.71428571,0.56164773,0.88989899,100,0,0.28061358,0.10108643,0.28571429,0.11010101,0.43835227,100,0,0.76416667,0.11487013,0.75,0.58333333,1.0,100,0,0.96546296,0.01583946,0.96296296,0.93518519,0.99074074,100,0,0.03453704,0.01583946,0.03703704,0.00925926,0.06481481,100,0,0.7361344,0.08918348,0.72727273,0.59916667,0.88,100,0,0.03453704,0.01583946,0.03703704,0.00925926,0.06481481,100,0,0.76222222,0.13949475,0.77777778,0.55555556,1.0,100,0,0.403,0.05066228,0.4,0.31666667,0.48333333,100,0,0.0,0.0,0.0,0.0,0.0
selective_sparse_reporting,mandatory_failure_region,vu_row__taxon_source_label__comparison_ignore,100,row; source label; comparisons ignored,row,source_label,ignore,primary_comparisons_and_primary_evidence_tiers,100,0,0.64062623,0.1054066,0.64285714,0.47488096,0.8189394,100,0,0.35937377,0.1054066,0.35714286,0.1810606,0.52511904,100,0,0.77916667,0.10750134,0.75,0.58333333,0.92083334,100,0,0.94888889,0.02111764,0.9537037,0.91620371,0.98148148,100,0,0.05111111,0.02111764,0.0462963,0.01851852,0.08379629,100,0,0.69802145,0.08851378,0.69565217,0.5451049,0.83333333,100,0,0.05111111,0.02111764,0.0462963,0.01851852,0.08379629,100,0,0.73333334,0.15311538,0.77777778,0.55555556,1.0,100,0,0.40033333,0.05041801,0.4,0.31666667,0.48333333,100,0,0.0,0.0,0.0,0.0,0.0
selective_sparse_reporting,mandatory_failure_region,vu_row__taxon_source_label__comparison_separate_votes,100,row; source label; comparison-specific votes,row,source_label,separate_votes,primary_comparisons_and_primary_evidence_tiers,100,0,0.64062623,0.1054066,0.64285714,0.47488096,0.8189394,100,0,0.35937377,0.1054066,0.35714286,0.1810606,0.52511904,100,0,0.77916667,0.10750134,0.75,0.58333333,0.92083334,100,0,0.94888889,0.02111764,0.9537037,0.91620371,0.98148148,100,0,0.05111111,0.02111764,0.0462963,0.01851852,0.08379629,100,0,0.69802145,0.08851378,0.69565217,0.5451049,0.83333333,100,0,0.05111111,0.02111764,0.0462963,0.01851852,0.08379629,100,0,0.73333334,0.15311538,0.77777778,0.55555556,1.0,100,0,0.40033333,0.05041801,0.4,0.31666667,0.48333333,100,0,0.0,0.0,0.0,0.0,0.0
too_few_families,mandatory_failure_region,vu_family__taxon_resolved_target__comparison_family_state,100,family; resolved target taxon; family-state collapse,family,resolved_target,family_state,primary_comparisons_and_primary_evidence_tiers,100,0,0.53867011,0.1136484,0.54195804,0.35196079,0.71428571,100,0,0.46132989,0.1136484,0.45804196,0.28571429,0.64803921,100,0,0.65416667,0.15505647,0.66666667,0.41666667,0.83333333,100,0,0.93527778,0.02463851,0.93518519,0.89768519,0.97222222,100,0,0.06472222,0.02463851,0.06481481,0.02777778,0.10231481,100,0,0.583061,0.1171367,0.60606061,0.38538899,0.75915119,100,0,0.06472222,0.02463851,0.06481481,0.02777778,0.10231481,100,0,0.7,0.15433221,0.66666667,0.44444444,0.88888889,100,0,0.19733333,0.05624422,0.19166667,0.11666667,0.30083333,100,0,0.0,0.0,0.0,0.0,0.0
too_few_families,mandatory_failure_region,vu_family__taxon_resolved_target__comparison_ignore,100,family; resolved target taxon; comparisons ignored,family,resolved_target,ignore,primary_comparisons_and_primary_evidence_tiers,100,0,0.53867011,0.1136484,0.54195804,0.35196079,0.71428571,100,0,0.46132989,0.1136484,0.45804196,0.28571429,0.64803921,100,0,0.65416667,0.15505647,0.66666667,0.41666667,0.83333333,100,0,0.93527778,0.02463851,0.93518519,0.89768519,0.97222222,100,0,0.06472222,0.02463851,0.06481481,0.02777778,0.10231481,100,0,0.583061,0.1171367,0.60606061,0.38538899,0.75915119,100,0,0.06472222,0.02463851,0.06481481,0.02777778,0.10231481,100,0,0.7,0.15433221,0.66666667,0.44444444,0.88888889,100,0,0.19733333,0.05624422,0.19166667,0.11666667,0.30083333,100,0,0.0,0.0,0.0,0.0,0.0
too_few_families,mandatory_failure_region,vu_family__taxon_resolved_target__comparison_separate_votes,100,family; resolved target taxon; comparison-specific votes,family,resolved_target,separate_votes,primary_comparisons_and_primary_evidence_tiers,100,0,0.53867011,0.1136484,0.54195804,0.35196079,0.71428571,100,0,0.46132989,0.1136484,0.45804196,0.28571429,0.64803921,100,0,0.65416667,0.15505647,0.66666667,0.41666667,0.83333333,100,0,0.93527778,0.02463851,0.93518519,0.89768519,0.97222222,100,0,0.06472222,0.02463851,0.06481481,0.02777778,0.10231481,100,0,0.583061,0.1171367,0.60606061,0.38538899,0.75915119,100,0,0.06472222,0.02463851,0.06481481,0.02777778,0.10231481,100,0,0.7,0.15433221,0.66666667,0.44444444,0.88888889,100,0,0.19733333,0.05624422,0.19166667,0.11666667,0.30083333,100,0,0.0,0.0,0.0,0.0,0.0
too_few_families,mandatory_failure_region,vu_family__taxon_source_label__comparison_family_state,100,family; source label; family-state collapse,family,source_label,family_state,primary_comparisons_and_primary_evidence_tiers,100,0,0.53867011,0.1136484,0.54195804,0.35196079,0.71428571,100,0,0.46132989,0.1136484,0.45804196,0.28571429,0.64803921,100,0,0.65416667,0.15505647,0.66666667,0.41666667,0.83333333,100,0,0.93527778,0.02463851,0.93518519,0.89768519,0.97222222,100,0,0.06472222,0.02463851,0.06481481,0.02777778,0.10231481,100,0,0.583061,0.1171367,0.60606061,0.38538899,0.75915119,100,0,0.06472222,0.02463851,0.06481481,0.02777778,0.10231481,100,0,0.7,0.15433221,0.66666667,0.44444444,0.88888889,100,0,0.19733333,0.05624422,0.19166667,0.11666667,0.30083333,100,0,0.0,0.0,0.0,0.0,0.0
too_few_families,mandatory_failure_region,vu_family__taxon_source_label__comparison_ignore,100,family; source label; comparisons ignored,family,source_label,ignore,primary_comparisons_and_primary_evidence_tiers,100,0,0.53867011,0.1136484,0.54195804,0.35196079,0.71428571,100,0,0.46132989,0.1136484,0.45804196,0.28571429,0.64803921,100,0,0.65416667,0.15505647,0.66666667,0.41666667,0.83333333,100,0,0.93527778,0.02463851,0.93518519,0.89768519,0.97222222,100,0,0.06472222,0.02463851,0.06481481,0.02777778,0.10231481,100,0,0.583061,0.1171367,0.60606061,0.38538899,0.75915119,100,0,0.06472222,0.02463851,0.06481481,0.02777778,0.10231481,100,0,0.7,0.15433221,0.66666667,0.44444444,0.88888889,100,0,0.19733333,0.05624422,0.19166667,0.11666667,0.30083333,100,0,0.0,0.0,0.0,0.0,0.0
too_few_families,mandatory_failure_region,vu_family__taxon_source_label__comparison_separate_votes,100,family; source label; comparison-specific votes,family,source_label,separate_votes,primary_comparisons_and_primary_evidence_tiers,100,0,0.53867011,0.1136484,0.54195804,0.35196079,0.71428571,100,0,0.46132989,0.1136484,0.45804196,0.28571429,0.64803921,100,0,0.65416667,0.15505647,0.66666667,0.41666667,0.83333333,100,0,0.93527778,0.02463851,0.93518519,0.89768519,0.97222222,100,0,0.06472222,0.02463851,0.06481481,0.02777778,0.10231481,100,0,0.583061,0.1171367,0.60606061,0.38538899,0.75915119,100,0,0.06472222,0.02463851,0.06481481,0.02777778,0.10231481,100,0,0.7,0.15433221,0.66666667,0.44444444,0.88888889,100,0,0.19733333,0.05624422,0.19166667,0.11666667,0.30083333,100,0,0.0,0.0,0.0,0.0,0.0
too_few_families,mandatory_failure_region,vu_report__taxon_resolved_target__comparison_family_state,100,report; resolved target taxon; family-state collapse,report,resolved_target,family_state,primary_comparisons_and_primary_evidence_tiers,100,0,0.53867011,0.1136484,0.54195804,0.35196079,0.71428571,100,0,0.46132989,0.1136484,0.45804196,0.28571429,0.64803921,100,0,0.65416667,0.15505647,0.66666667,0.41666667,0.83333333,100,0,0.93527778,0.02463851,0.93518519,0.89768519,0.97222222,100,0,0.06472222,0.02463851,0.06481481,0.02777778,0.10231481,100,0,0.583061,0.1171367,0.60606061,0.38538899,0.75915119,100,0,0.06472222,0.02463851,0.06481481,0.02777778,0.10231481,100,0,0.7,0.15433221,0.66666667,0.44444444,0.88888889,100,0,0.19733333,0.05624422,0.19166667,0.11666667,0.30083333,100,0,0.0,0.0,0.0,0.0,0.0
too_few_families,mandatory_failure_region,vu_report__taxon_resolved_target__comparison_ignore,100,report; resolved target taxon; comparisons ignored,report,resolved_target,ignore,primary_comparisons_and_primary_evidence_tiers,100,0,0.35669386,0.06896762,0.34615385,0.25,0.481,100,0,0.64330614,0.06896762,0.65384615,0.519,0.75,100,0,0.77333333,0.12595316,0.83333333,0.58333333,0.91666667,100,0,0.8412963,0.03528939,0.84259259,0.78657408,0.89861111,100,0,0.1587037,0.03528939,0.15740741,0.10138889,0.21342592,100,0,0.48578496,0.0825389,0.48780488,0.35841695,0.62517857,100,0,0.1587037,0.03528939,0.15740741,0.10138889,0.21342592,100,0,0.56333333,0.17674715,0.55555556,0.32777777,0.88888889,100,0,0.183,0.05585676,0.16666667,0.1,0.28333333,100,0,0.0,0.0,0.0,0.0,0.0
too_few_families,mandatory_failure_region,vu_report__taxon_resolved_target__comparison_separate_votes,100,report; resolved target taxon; comparison-specific votes,report,resolved_target,separate_votes,primary_comparisons_and_primary_evidence_tiers,100,0,0.35669386,0.06896762,0.34615385,0.25,0.481,100,0,0.64330614,0.06896762,0.65384615,0.519,0.75,100,0,0.77333333,0.12595316,0.83333333,0.58333333,0.91666667,100,0,0.8412963,0.03528939,0.84259259,0.78657408,0.89861111,100,0,0.1587037,0.03528939,0.15740741,0.10138889,0.21342592,100,0,0.48578496,0.0825389,0.48780488,0.35841695,0.62517857,100,0,0.1587037,0.03528939,0.15740741,0.10138889,0.21342592,100,0,0.56333333,0.17674715,0.55555556,0.32777777,0.88888889,100,0,0.183,0.05585676,0.16666667,0.1,0.28333333,100,0,0.0,0.0,0.0,0.0,0.0
too_few_families,mandatory_failure_region,vu_report__taxon_source_label__comparison_family_state,100,report; source label; family-state collapse,report,source_label,family_state,primary_comparisons_and_primary_evidence_tiers,100,0,0.53867011,0.1136484,0.54195804,0.35196079,0.71428571,100,0,0.46132989,0.1136484,0.45804196,0.28571429,0.64803921,100,0,0.65416667,0.15505647,0.66666667,0.41666667,0.83333333,100,0,0.93527778,0.02463851,0.93518519,0.89768519,0.97222222,100,0,0.06472222,0.02463851,0.06481481,0.02777778,0.10231481,100,0,0.583061,0.1171367,0.60606061,0.38538899,0.75915119,100,0,0.06472222,0.02463851,0.06481481,0.02777778,0.10231481,100,0,0.7,0.15433221,0.66666667,0.44444444,0.88888889,100,0,0.19733333,0.05624422,0.19166667,0.11666667,0.30083333,100,0,0.0,0.0,0.0,0.0,0.0
too_few_families,mandatory_failure_region,vu_report__taxon_source_label__comparison_ignore,100,report; source label; comparisons ignored,report,source_label,ignore,primary_comparisons_and_primary_evidence_tiers,100,0,0.35669386,0.06896762,0.34615385,0.25,0.481,100,0,0.64330614,0.06896762,0.65384615,0.519,0.75,100,0,0.77333333,0.12595316,0.83333333,0.58333333,0.91666667,100,0,0.8412963,0.03528939,0.84259259,0.78657408,0.89861111,100,0,0.1587037,0.03528939,0.15740741,0.10138889,0.21342592,100,0,0.48578496,0.0825389,0.48780488,0.35841695,0.62517857,100,0,0.1587037,0.03528939,0.15740741,0.10138889,0.21342592,100,0,0.56333333,0.17674715,0.55555556,0.32777777,0.88888889,100,0,0.183,0.05585676,0.16666667,0.1,0.28333333,100,0,0.0,0.0,0.0,0.0,0.0
too_few_families,mandatory_failure_region,vu_report__taxon_source_label__comparison_separate_votes,100,report; source label; comparison-specific votes,report,source_label,separate_votes,primary_comparisons_and_primary_evidence_tiers,100,0,0.35669386,0.06896762,0.34615385,0.25,0.481,100,0,0.64330614,0.06896762,0.65384615,0.519,0.75,100,0,0.77333333,0.12595316,0.83333333,0.58333333,0.91666667,100,0,0.8412963,0.03528939,0.84259259,0.78657408,0.89861111,100,0,0.1587037,0.03528939,0.15740741,0.10138889,0.21342592,100,0,0.48578496,0.0825389,0.48780488,0.35841695,0.62517857,100,0,0.1587037,0.03528939,0.15740741,0.10138889,0.21342592,100,0,0.56333333,0.17674715,0.55555556,0.32777777,0.88888889,100,0,0.183,0.05585676,0.16666667,0.1,0.28333333,100,0,0.0,0.0,0.0,0.0,0.0
too_few_families,mandatory_failure_region,vu_row__taxon_resolved_target__comparison_family_state,100,row; resolved target taxon; family-state collapse,row,resolved_target,family_state,primary_comparisons_and_primary_evidence_tiers,100,0,0.53867011,0.1136484,0.54195804,0.35196079,0.71428571,100,0,0.46132989,0.1136484,0.45804196,0.28571429,0.64803921,100,0,0.65416667,0.15505647,0.66666667,0.41666667,0.83333333,100,0,0.93527778,0.02463851,0.93518519,0.89768519,0.97222222,100,0,0.06472222,0.02463851,0.06481481,0.02777778,0.10231481,100,0,0.583061,0.1171367,0.60606061,0.38538899,0.75915119,100,0,0.06472222,0.02463851,0.06481481,0.02777778,0.10231481,100,0,0.7,0.15433221,0.66666667,0.44444444,0.88888889,100,0,0.19733333,0.05624422,0.19166667,0.11666667,0.30083333,100,0,0.0,0.0,0.0,0.0,0.0
too_few_families,mandatory_failure_region,vu_row__taxon_resolved_target__comparison_ignore,100,row; resolved target taxon; comparisons ignored,row,resolved_target,ignore,primary_comparisons_and_primary_evidence_tiers,100,0,0.32356959,0.05600337,0.32258065,0.23666667,0.41783334,100,0,0.67643041,0.05600337,0.67741935,0.58216666,0.76333333,100,0,0.80916667,0.11861942,0.83333333,0.58333333,1.0,100,0,0.80898148,0.03333684,0.80555556,0.7587963,0.87037037,100,0,0.19101852,0.03333684,0.19444444,0.12962963,0.2412037,100,0,0.46084528,0.07140406,0.4666007,0.34952128,0.57226891,100,0,0.19101852,0.03333684,0.19444444,0.12962963,0.2412037,100,0,0.51888889,0.17447479,0.55555556,0.22222222,0.77777778,100,0,0.183,0.05585676,0.16666667,0.1,0.28333333,100,0,0.0,0.0,0.0,0.0,0.0
too_few_families,mandatory_failure_region,vu_row__taxon_resolved_target__comparison_separate_votes,100,row; resolved target taxon; comparison-specific votes,row,resolved_target,separate_votes,primary_comparisons_and_primary_evidence_tiers,100,0,0.32356959,0.05600337,0.32258065,0.23666667,0.41783334,100,0,0.67643041,0.05600337,0.67741935,0.58216666,0.76333333,100,0,0.80916667,0.11861942,0.83333333,0.58333333,1.0,100,0,0.80898148,0.03333684,0.80555556,0.7587963,0.87037037,100,0,0.19101852,0.03333684,0.19444444,0.12962963,0.2412037,100,0,0.46084528,0.07140406,0.4666007,0.34952128,0.57226891,100,0,0.19101852,0.03333684,0.19444444,0.12962963,0.2412037,100,0,0.51888889,0.17447479,0.55555556,0.22222222,0.77777778,100,0,0.183,0.05585676,0.16666667,0.1,0.28333333,100,0,0.0,0.0,0.0,0.0,0.0
too_few_families,mandatory_failure_region,vu_row__taxon_source_label__comparison_family_state,100,row; source label; family-state collapse,row,source_label,family_state,primary_comparisons_and_primary_evidence_tiers,100,0,0.53867011,0.1136484,0.54195804,0.35196079,0.71428571,100,0,0.46132989,0.1136484,0.45804196,0.28571429,0.64803921,100,0,0.65416667,0.15505647,0.66666667,0.41666667,0.83333333,100,0,0.93527778,0.02463851,0.93518519,0.89768519,0.97222222,100,0,0.06472222,0.02463851,0.06481481,0.02777778,0.10231481,100,0,0.583061,0.1171367,0.60606061,0.38538899,0.75915119,100,0,0.06472222,0.02463851,0.06481481,0.02777778,0.10231481,100,0,0.7,0.15433221,0.66666667,0.44444444,0.88888889,100,0,0.19733333,0.05624422,0.19166667,0.11666667,0.30083333,100,0,0.0,0.0,0.0,0.0,0.0
too_few_families,mandatory_failure_region,vu_row__taxon_source_label__comparison_ignore,100,row; source label; comparisons ignored,row,source_label,ignore,primary_comparisons_and_primary_evidence_tiers,100,0,0.35669386,0.06896762,0.34615385,0.25,0.481,100,0,0.64330614,0.06896762,0.65384615,0.519,0.75,100,0,0.77333333,0.12595316,0.83333333,0.58333333,0.91666667,100,0,0.8412963,0.03528939,0.84259259,0.78657408,0.89861111,100,0,0.1587037,0.03528939,0.15740741,0.10138889,0.21342592,100,0,0.48578496,0.0825389,0.48780488,0.35841695,0.62517857,100,0,0.1587037,0.03528939,0.15740741,0.10138889,0.21342592,100,0,0.56333333,0.17674715,0.55555556,0.32777777,0.88888889,100,0,0.183,0.05585676,0.16666667,0.1,0.28333333,100,0,0.0,0.0,0.0,0.0,0.0
too_few_families,mandatory_failure_region,vu_row__taxon_source_label__comparison_separate_votes,100,row; source label; comparison-specific votes,row,source_label,separate_votes,primary_comparisons_and_primary_evidence_tiers,100,0,0.35669386,0.06896762,0.34615385,0.25,0.481,100,0,0.64330614,0.06896762,0.65384615,0.519,0.75,100,0,0.77333333,0.12595316,0.83333333,0.58333333,0.91666667,100,0,0.8412963,0.03528939,0.84259259,0.78657408,0.89861111,100,0,0.1587037,0.03528939,0.15740741,0.10138889,0.21342592,100,0,0.48578496,0.0825389,0.48780488,0.35841695,0.62517857,100,0,0.1587037,0.03528939,0.15740741,0.10138889,0.21342592,100,0,0.56333333,0.17674715,0.55555556,0.32777777,0.88888889,100,0,0.183,0.05585676,0.16666667,0.1,0.28333333,100,0,0.0,0.0,0.0,0.0,0.0
weak_effect_high_heterogeneity,mandatory_failure_region,vu_family__taxon_resolved_target__comparison_family_state,100,family; resolved target taxon; family-state collapse,family,resolved_target,family_state,primary_comparisons_and_primary_evidence_tiers,99,1,0.32946529,0.25777635,0.25,0.0,1.0,99,1,0.67053471,0.25777635,0.75,0.0,1.0,100,0,0.125,0.09585986,0.08333333,0.0,0.25416667,100,0,0.96898148,0.01777282,0.97222222,0.94444444,1.0,100,0,0.03101852,0.01777282,0.02777778,0.0,0.05555556,100,0,0.17210058,0.12506349,0.14285714,0.0,0.4,100,0,0.03101852,0.01777282,0.02777778,0.0,0.05555556,100,0,0.93444445,0.08663673,1.0,0.77777778,1.0,100,0,0.0,0.0,0.0,0.0,0.0,100,0,0.0,0.0,0.0,0.0,0.0
weak_effect_high_heterogeneity,mandatory_failure_region,vu_family__taxon_resolved_target__comparison_ignore,100,family; resolved target taxon; comparisons ignored,family,resolved_target,ignore,primary_comparisons_and_primary_evidence_tiers,99,1,0.32946529,0.25777635,0.25,0.0,1.0,99,1,0.67053471,0.25777635,0.75,0.0,1.0,100,0,0.125,0.09585986,0.08333333,0.0,0.25416667,100,0,0.96898148,0.01777282,0.97222222,0.94444444,1.0,100,0,0.03101852,0.01777282,0.02777778,0.0,0.05555556,100,0,0.17210058,0.12506349,0.14285714,0.0,0.4,100,0,0.03101852,0.01777282,0.02777778,0.0,0.05555556,100,0,0.93444445,0.08663673,1.0,0.77777778,1.0,100,0,0.0,0.0,0.0,0.0,0.0,100,0,0.0,0.0,0.0,0.0,0.0
weak_effect_high_heterogeneity,mandatory_failure_region,vu_family__taxon_resolved_target__comparison_separate_votes,100,family; resolved target taxon; comparison-specific votes,family,resolved_target,separate_votes,primary_comparisons_and_primary_evidence_tiers,99,1,0.32946529,0.25777635,0.25,0.0,1.0,99,1,0.67053471,0.25777635,0.75,0.0,1.0,100,0,0.125,0.09585986,0.08333333,0.0,0.25416667,100,0,0.96898148,0.01777282,0.97222222,0.94444444,1.0,100,0,0.03101852,0.01777282,0.02777778,0.0,0.05555556,100,0,0.17210058,0.12506349,0.14285714,0.0,0.4,100,0,0.03101852,0.01777282,0.02777778,0.0,0.05555556,100,0,0.93444445,0.08663673,1.0,0.77777778,1.0,100,0,0.0,0.0,0.0,0.0,0.0,100,0,0.0,0.0,0.0,0.0,0.0
weak_effect_high_heterogeneity,mandatory_failure_region,vu_family__taxon_source_label__comparison_family_state,100,family; source label; family-state collapse,family,source_label,family_state,primary_comparisons_and_primary_evidence_tiers,99,1,0.32946529,0.25777635,0.25,0.0,1.0,99,1,0.67053471,0.25777635,0.75,0.0,1.0,100,0,0.125,0.09585986,0.08333333,0.0,0.25416667,100,0,0.96898148,0.01777282,0.97222222,0.94444444,1.0,100,0,0.03101852,0.01777282,0.02777778,0.0,0.05555556,100,0,0.17210058,0.12506349,0.14285714,0.0,0.4,100,0,0.03101852,0.01777282,0.02777778,0.0,0.05555556,100,0,0.93444445,0.08663673,1.0,0.77777778,1.0,100,0,0.0,0.0,0.0,0.0,0.0,100,0,0.0,0.0,0.0,0.0,0.0
weak_effect_high_heterogeneity,mandatory_failure_region,vu_family__taxon_source_label__comparison_ignore,100,family; source label; comparisons ignored,family,source_label,ignore,primary_comparisons_and_primary_evidence_tiers,99,1,0.32946529,0.25777635,0.25,0.0,1.0,99,1,0.67053471,0.25777635,0.75,0.0,1.0,100,0,0.125,0.09585986,0.08333333,0.0,0.25416667,100,0,0.96898148,0.01777282,0.97222222,0.94444444,1.0,100,0,0.03101852,0.01777282,0.02777778,0.0,0.05555556,100,0,0.17210058,0.12506349,0.14285714,0.0,0.4,100,0,0.03101852,0.01777282,0.02777778,0.0,0.05555556,100,0,0.93444445,0.08663673,1.0,0.77777778,1.0,100,0,0.0,0.0,0.0,0.0,0.0,100,0,0.0,0.0,0.0,0.0,0.0
weak_effect_high_heterogeneity,mandatory_failure_region,vu_family__taxon_source_label__comparison_separate_votes,100,family; source label; comparison-specific votes,family,source_label,separate_votes,primary_comparisons_and_primary_evidence_tiers,99,1,0.32946529,0.25777635,0.25,0.0,1.0,99,1,0.67053471,0.25777635,0.75,0.0,1.0,100,0,0.125,0.09585986,0.08333333,0.0,0.25416667,100,0,0.96898148,0.01777282,0.97222222,0.94444444,1.0,100,0,0.03101852,0.01777282,0.02777778,0.0,0.05555556,100,0,0.17210058,0.12506349,0.14285714,0.0,0.4,100,0,0.03101852,0.01777282,0.02777778,0.0,0.05555556,100,0,0.93444445,0.08663673,1.0,0.77777778,1.0,100,0,0.0,0.0,0.0,0.0,0.0,100,0,0.0,0.0,0.0,0.0,0.0
weak_effect_high_heterogeneity,mandatory_failure_region,vu_report__taxon_resolved_target__comparison_family_state,100,report; resolved target taxon; family-state collapse,report,resolved_target,family_state,primary_comparisons_and_primary_evidence_tiers,99,1,0.32946529,0.25777635,0.25,0.0,1.0,99,1,0.67053471,0.25777635,0.75,0.0,1.0,100,0,0.125,0.09585986,0.08333333,0.0,0.25416667,100,0,0.96898148,0.01777282,0.97222222,0.94444444,1.0,100,0,0.03101852,0.01777282,0.02777778,0.0,0.05555556,100,0,0.17210058,0.12506349,0.14285714,0.0,0.4,100,0,0.03101852,0.01777282,0.02777778,0.0,0.05555556,100,0,0.93444445,0.08663673,1.0,0.77777778,1.0,100,0,0.0,0.0,0.0,0.0,0.0,100,0,0.0,0.0,0.0,0.0,0.0
weak_effect_high_heterogeneity,mandatory_failure_region,vu_report__taxon_resolved_target__comparison_ignore,100,report; resolved target taxon; comparisons ignored,report,resolved_target,ignore,primary_comparisons_and_primary_evidence_tiers,98,2,0.31666262,0.27019126,0.28571429,0.0,1.0,98,2,0.68333738,0.27019126,0.71428571,0.0,1.0,100,0,0.1025,0.09163605,0.08333333,0.0,0.25,100,0,0.97444444,0.01579923,0.97222222,0.94444444,1.0,100,0,0.02555556,0.01579923,0.02777778,0.0,0.05555556,100,0,0.14672733,0.12284001,0.13333333,0.0,0.35404412,100,0,0.02555556,0.01579923,0.02777778,0.0,0.05555556,100,0,0.94888889,0.07642727,1.0,0.77777778,1.0,100,0,0.0,0.0,0.0,0.0,0.0,100,0,0.0,0.0,0.0,0.0,0.0
weak_effect_high_heterogeneity,mandatory_failure_region,vu_report__taxon_resolved_target__comparison_separate_votes,100,report; resolved target taxon; comparison-specific votes,report,resolved_target,separate_votes,primary_comparisons_and_primary_evidence_tiers,98,2,0.31666262,0.27019126,0.28571429,0.0,1.0,98,2,0.68333738,0.27019126,0.71428571,0.0,1.0,100,0,0.1025,0.09163605,0.08333333,0.0,0.25,100,0,0.97444444,0.01579923,0.97222222,0.94444444,1.0,100,0,0.02555556,0.01579923,0.02777778,0.0,0.05555556,100,0,0.14672733,0.12284001,0.13333333,0.0,0.35404412,100,0,0.02555556,0.01579923,0.02777778,0.0,0.05555556,100,0,0.94888889,0.07642727,1.0,0.77777778,1.0,100,0,0.0,0.0,0.0,0.0,0.0,100,0,0.0,0.0,0.0,0.0,0.0
weak_effect_high_heterogeneity,mandatory_failure_region,vu_report__taxon_source_label__comparison_family_state,100,report; source label; family-state collapse,report,source_label,family_state,primary_comparisons_and_primary_evidence_tiers,99,1,0.32946529,0.25777635,0.25,0.0,1.0,99,1,0.67053471,0.25777635,0.75,0.0,1.0,100,0,0.125,0.09585986,0.08333333,0.0,0.25416667,100,0,0.96898148,0.01777282,0.97222222,0.94444444,1.0,100,0,0.03101852,0.01777282,0.02777778,0.0,0.05555556,100,0,0.17210058,0.12506349,0.14285714,0.0,0.4,100,0,0.03101852,0.01777282,0.02777778,0.0,0.05555556,100,0,0.93444445,0.08663673,1.0,0.77777778,1.0,100,0,0.0,0.0,0.0,0.0,0.0,100,0,0.0,0.0,0.0,0.0,0.0
weak_effect_high_heterogeneity,mandatory_failure_region,vu_report__taxon_source_label__comparison_ignore,100,report; source label; comparisons ignored,report,source_label,ignore,primary_comparisons_and_primary_evidence_tiers,98,2,0.31666262,0.27019126,0.28571429,0.0,1.0,98,2,0.68333738,0.27019126,0.71428571,0.0,1.0,100,0,0.1025,0.09163605,0.08333333,0.0,0.25,100,0,0.97444444,0.01579923,0.97222222,0.94444444,1.0,100,0,0.02555556,0.01579923,0.02777778,0.0,0.05555556,100,0,0.14672733,0.12284001,0.13333333,0.0,0.35404412,100,0,0.02555556,0.01579923,0.02777778,0.0,0.05555556,100,0,0.94888889,0.07642727,1.0,0.77777778,1.0,100,0,0.0,0.0,0.0,0.0,0.0,100,0,0.0,0.0,0.0,0.0,0.0
weak_effect_high_heterogeneity,mandatory_failure_region,vu_report__taxon_source_label__comparison_separate_votes,100,report; source label; comparison-specific votes,report,source_label,separate_votes,primary_comparisons_and_primary_evidence_tiers,98,2,0.31666262,0.27019126,0.28571429,0.0,1.0,98,2,0.68333738,0.27019126,0.71428571,0.0,1.0,100,0,0.1025,0.09163605,0.08333333,0.0,0.25,100,0,0.97444444,0.01579923,0.97222222,0.94444444,1.0,100,0,0.02555556,0.01579923,0.02777778,0.0,0.05555556,100,0,0.14672733,0.12284001,0.13333333,0.0,0.35404412,100,0,0.02555556,0.01579923,0.02777778,0.0,0.05555556,100,0,0.94888889,0.07642727,1.0,0.77777778,1.0,100,0,0.0,0.0,0.0,0.0,0.0,100,0,0.0,0.0,0.0,0.0,0.0
weak_effect_high_heterogeneity,mandatory_failure_region,vu_row__taxon_resolved_target__comparison_family_state,100,row; resolved target taxon; family-state collapse,row,resolved_target,family_state,primary_comparisons_and_primary_evidence_tiers,99,1,0.32946529,0.25777635,0.25,0.0,1.0,99,1,0.67053471,0.25777635,0.75,0.0,1.0,100,0,0.125,0.09585986,0.08333333,0.0,0.25416667,100,0,0.96898148,0.01777282,0.97222222,0.94444444,1.0,100,0,0.03101852,0.01777282,0.02777778,0.0,0.05555556,100,0,0.17210058,0.12506349,0.14285714,0.0,0.4,100,0,0.03101852,0.01777282,0.02777778,0.0,0.05555556,100,0,0.93444445,0.08663673,1.0,0.77777778,1.0,100,0,0.0,0.0,0.0,0.0,0.0,100,0,0.0,0.0,0.0,0.0,0.0
weak_effect_high_heterogeneity,mandatory_failure_region,vu_row__taxon_resolved_target__comparison_ignore,100,row; resolved target taxon; comparisons ignored,row,resolved_target,ignore,primary_comparisons_and_primary_evidence_tiers,98,2,0.31593375,0.26978763,0.28571429,0.0,1.0,98,2,0.68406625,0.26978763,0.71428571,0.0,1.0,100,0,0.1025,0.09163605,0.08333333,0.0,0.25,100,0,0.97435185,0.01583946,0.97222222,0.94444444,1.0,100,0,0.02564815,0.01583946,0.02777778,0.0,0.05555556,100,0,0.14655189,0.12258307,0.13333333,0.0,0.35404412,100,0,0.02564815,0.01583946,0.02777778,0.0,0.05555556,100,0,0.94888889,0.07642727,1.0,0.77777778,1.0,100,0,0.0,0.0,0.0,0.0,0.0,100,0,0.0,0.0,0.0,0.0,0.0
weak_effect_high_heterogeneity,mandatory_failure_region,vu_row__taxon_resolved_target__comparison_separate_votes,100,row; resolved target taxon; comparison-specific votes,row,resolved_target,separate_votes,primary_comparisons_and_primary_evidence_tiers,98,2,0.31593375,0.26978763,0.28571429,0.0,1.0,98,2,0.68406625,0.26978763,0.71428571,0.0,1.0,100,0,0.1025,0.09163605,0.08333333,0.0,0.25,100,0,0.97435185,0.01583946,0.97222222,0.94444444,1.0,100,0,0.02564815,0.01583946,0.02777778,0.0,0.05555556,100,0,0.14655189,0.12258307,0.13333333,0.0,0.35404412,100,0,0.02564815,0.01583946,0.02777778,0.0,0.05555556,100,0,0.94888889,0.07642727,1.0,0.77777778,1.0,100,0,0.0,0.0,0.0,0.0,0.0,100,0,0.0,0.0,0.0,0.0,0.0
weak_effect_high_heterogeneity,mandatory_failure_region,vu_row__taxon_source_label__comparison_family_state,100,row; source label; family-state collapse,row,source_label,family_state,primary_comparisons_and_primary_evidence_tiers,99,1,0.32946529,0.25777635,0.25,0.0,1.0,99,1,0.67053471,0.25777635,0.75,0.0,1.0,100,0,0.125,0.09585986,0.08333333,0.0,0.25416667,100,0,0.96898148,0.01777282,0.97222222,0.94444444,1.0,100,0,0.03101852,0.01777282,0.02777778,0.0,0.05555556,100,0,0.17210058,0.12506349,0.14285714,0.0,0.4,100,0,0.03101852,0.01777282,0.02777778,0.0,0.05555556,100,0,0.93444445,0.08663673,1.0,0.77777778,1.0,100,0,0.0,0.0,0.0,0.0,0.0,100,0,0.0,0.0,0.0,0.0,0.0
weak_effect_high_heterogeneity,mandatory_failure_region,vu_row__taxon_source_label__comparison_ignore,100,row; source label; comparisons ignored,row,source_label,ignore,primary_comparisons_and_primary_evidence_tiers,98,2,0.31666262,0.27019126,0.28571429,0.0,1.0,98,2,0.68333738,0.27019126,0.71428571,0.0,1.0,100,0,0.1025,0.09163605,0.08333333,0.0,0.25,100,0,0.97444444,0.01579923,0.97222222,0.94444444,1.0,100,0,0.02555556,0.01579923,0.02777778,0.0,0.05555556,100,0,0.14672733,0.12284001,0.13333333,0.0,0.35404412,100,0,0.02555556,0.01579923,0.02777778,0.0,0.05555556,100,0,0.94888889,0.07642727,1.0,0.77777778,1.0,100,0,0.0,0.0,0.0,0.0,0.0,100,0,0.0,0.0,0.0,0.0,0.0
weak_effect_high_heterogeneity,mandatory_failure_region,vu_row__taxon_source_label__comparison_separate_votes,100,row; source label; comparison-specific votes,row,source_label,separate_votes,primary_comparisons_and_primary_evidence_tiers,98,2,0.31666262,0.27019126,0.28571429,0.0,1.0,98,2,0.68333738,0.27019126,0.71428571,0.0,1.0,100,0,0.1025,0.09163605,0.08333333,0.0,0.25,100,0,0.97444444,0.01579923,0.97222222,0.94444444,1.0,100,0,0.02555556,0.01579923,0.02777778,0.0,0.05555556,100,0,0.14672733,0.12284001,0.13333333,0.0,0.35404412,100,0,0.02555556,0.01579923,0.02777778,0.0,0.05555556,100,0,0.94888889,0.07642727,1.0,0.77777778,1.0,100,0,0.0,0.0,0.0,0.0,0.0,100,0,0.0,0.0,0.0,0.0,0.0
rank_replacement_with_lineage,taxonomy_replacement_stress,vu_family__taxon_resolved_target__comparison_family_state,100,family; resolved target taxon; family-state collapse,family,resolved_target,family_state,primary_comparisons_and_primary_evidence_tiers,100,0,0.64225232,0.10122463,0.63157895,0.47803204,0.83333333,100,0,0.35774768,0.10122463,0.36842105,0.16666667,0.52196796,100,0,0.88666667,0.09214369,0.91666667,0.75,1.0,100,0,0.94231481,0.02297843,0.94444444,0.90694445,0.98148148,100,0,0.05768519,0.02297843,0.05555556,0.01851852,0.09305555,100,0,0.74083361,0.08566502,0.74074074,0.58785578,0.88888889,100,0,0.05768519,0.02297843,0.05555556,0.01851852,0.09305555,100,0,0.98111111,0.04482163,1.0,0.88888889,1.0,100,0,0.0025,0.0064332,0.0,0.0,0.01666667,100,0,0.0,0.0,0.0,0.0,0.0
rank_replacement_with_lineage,taxonomy_replacement_stress,vu_family__taxon_resolved_target__comparison_ignore,100,family; resolved target taxon; comparisons ignored,family,resolved_target,ignore,primary_comparisons_and_primary_evidence_tiers,100,0,0.64225232,0.10122463,0.63157895,0.47803204,0.83333333,100,0,0.35774768,0.10122463,0.36842105,0.16666667,0.52196796,100,0,0.88666667,0.09214369,0.91666667,0.75,1.0,100,0,0.94231481,0.02297843,0.94444444,0.90694445,0.98148148,100,0,0.05768519,0.02297843,0.05555556,0.01851852,0.09305555,100,0,0.74083361,0.08566502,0.74074074,0.58785578,0.88888889,100,0,0.05768519,0.02297843,0.05555556,0.01851852,0.09305555,100,0,0.98111111,0.04482163,1.0,0.88888889,1.0,100,0,0.0025,0.0064332,0.0,0.0,0.01666667,100,0,0.0,0.0,0.0,0.0,0.0
rank_replacement_with_lineage,taxonomy_replacement_stress,vu_family__taxon_resolved_target__comparison_separate_votes,100,family; resolved target taxon; comparison-specific votes,family,resolved_target,separate_votes,primary_comparisons_and_primary_evidence_tiers,100,0,0.64225232,0.10122463,0.63157895,0.47803204,0.83333333,100,0,0.35774768,0.10122463,0.36842105,0.16666667,0.52196796,100,0,0.88666667,0.09214369,0.91666667,0.75,1.0,100,0,0.94231481,0.02297843,0.94444444,0.90694445,0.98148148,100,0,0.05768519,0.02297843,0.05555556,0.01851852,0.09305555,100,0,0.74083361,0.08566502,0.74074074,0.58785578,0.88888889,100,0,0.05768519,0.02297843,0.05555556,0.01851852,0.09305555,100,0,0.98111111,0.04482163,1.0,0.88888889,1.0,100,0,0.0025,0.0064332,0.0,0.0,0.01666667,100,0,0.0,0.0,0.0,0.0,0.0
rank_replacement_with_lineage,taxonomy_replacement_stress,vu_family__taxon_source_label__comparison_family_state,100,family; source label; family-state collapse,family,source_label,family_state,primary_comparisons_and_primary_evidence_tiers,100,0,0.50972619,0.18371124,0.5,0.2,0.8,100,0,0.49027381,0.18371124,0.5,0.2,0.8,100,0,0.2625,0.1113476,0.25,0.08333333,0.41666667,100,0,0.97055555,0.01443946,0.97222222,0.94444444,0.99074074,100,0,0.02944445,0.01443946,0.02777778,0.00925926,0.05555556,100,0,0.33704617,0.12101205,0.33333333,0.11764706,0.52631579,100,0,0.02944445,0.01443946,0.02777778,0.00925926,0.05555556,100,0,0.86777778,0.11572357,0.88888889,0.66666667,1.0,100,0,0.46766667,0.05982672,0.46666667,0.3825,0.56666667,100,0,0.0,0.0,0.0,0.0,0.0
rank_replacement_with_lineage,taxonomy_replacement_stress,vu_family__taxon_source_label__comparison_ignore,100,family; source label; comparisons ignored,family,source_label,ignore,primary_comparisons_and_primary_evidence_tiers,100,0,0.50972619,0.18371124,0.5,0.2,0.8,100,0,0.49027381,0.18371124,0.5,0.2,0.8,100,0,0.2625,0.1113476,0.25,0.08333333,0.41666667,100,0,0.97055555,0.01443946,0.97222222,0.94444444,0.99074074,100,0,0.02944445,0.01443946,0.02777778,0.00925926,0.05555556,100,0,0.33704617,0.12101205,0.33333333,0.11764706,0.52631579,100,0,0.02944445,0.01443946,0.02777778,0.00925926,0.05555556,100,0,0.86777778,0.11572357,0.88888889,0.66666667,1.0,100,0,0.46766667,0.05982672,0.46666667,0.3825,0.56666667,100,0,0.0,0.0,0.0,0.0,0.0
rank_replacement_with_lineage,taxonomy_replacement_stress,vu_family__taxon_source_label__comparison_separate_votes,100,family; source label; comparison-specific votes,family,source_label,separate_votes,primary_comparisons_and_primary_evidence_tiers,100,0,0.50972619,0.18371124,0.5,0.2,0.8,100,0,0.49027381,0.18371124,0.5,0.2,0.8,100,0,0.2625,0.1113476,0.25,0.08333333,0.41666667,100,0,0.97055555,0.01443946,0.97222222,0.94444444,0.99074074,100,0,0.02944445,0.01443946,0.02777778,0.00925926,0.05555556,100,0,0.33704617,0.12101205,0.33333333,0.11764706,0.52631579,100,0,0.02944445,0.01443946,0.02777778,0.00925926,0.05555556,100,0,0.86777778,0.11572357,0.88888889,0.66666667,1.0,100,0,0.46766667,0.05982672,0.46666667,0.3825,0.56666667,100,0,0.0,0.0,0.0,0.0,0.0
rank_replacement_with_lineage,taxonomy_replacement_stress,vu_report__taxon_resolved_target__comparison_family_state,100,report; resolved target taxon; family-state collapse,report,resolved_target,family_state,primary_comparisons_and_primary_evidence_tiers,100,0,0.64225232,0.10122463,0.63157895,0.47803204,0.83333333,100,0,0.35774768,0.10122463,0.36842105,0.16666667,0.52196796,100,0,0.88666667,0.09214369,0.91666667,0.75,1.0,100,0,0.94231481,0.02297843,0.94444444,0.90694445,0.98148148,100,0,0.05768519,0.02297843,0.05555556,0.01851852,0.09305555,100,0,0.74083361,0.08566502,0.74074074,0.58785578,0.88888889,100,0,0.05768519,0.02297843,0.05555556,0.01851852,0.09305555,100,0,0.98111111,0.04482163,1.0,0.88888889,1.0,100,0,0.0025,0.0064332,0.0,0.0,0.01666667,100,0,0.0,0.0,0.0,0.0,0.0
rank_replacement_with_lineage,taxonomy_replacement_stress,vu_report__taxon_resolved_target__comparison_ignore,100,report; resolved target taxon; comparisons ignored,report,resolved_target,ignore,primary_comparisons_and_primary_evidence_tiers,100,0,0.58910854,0.11214777,0.58333333,0.38849206,0.77076923,100,0,0.41089146,0.11214777,0.41666667,0.22923077,0.61150794,100,0,0.68166667,0.13472548,0.66666667,0.41666667,0.91666667,100,0,0.94527778,0.02081259,0.94444444,0.90740741,0.97268518,100,0,0.05472222,0.02081259,0.05555556,0.02731482,0.09259259,100,0,0.62652542,0.10754687,0.62852665,0.45077139,0.78642858,100,0,0.05472222,0.02081259,0.05555556,0.02731482,0.09259259,100,0,0.98888889,0.03350126,1.0,0.88888889,1.0,100,0,0.0025,0.0064332,0.0,0.0,0.01666667,100,0,0.0,0.0,0.0,0.0,0.0
rank_replacement_with_lineage,taxonomy_replacement_stress,vu_report__taxon_resolved_target__comparison_separate_votes,100,report; resolved target taxon; comparison-specific votes,report,resolved_target,separate_votes,primary_comparisons_and_primary_evidence_tiers,100,0,0.58910854,0.11214777,0.58333333,0.38849206,0.77076923,100,0,0.41089146,0.11214777,0.41666667,0.22923077,0.61150794,100,0,0.68166667,0.13472548,0.66666667,0.41666667,0.91666667,100,0,0.94527778,0.02081259,0.94444444,0.90740741,0.97268518,100,0,0.05472222,0.02081259,0.05555556,0.02731482,0.09259259,100,0,0.62652542,0.10754687,0.62852665,0.45077139,0.78642858,100,0,0.05472222,0.02081259,0.05555556,0.02731482,0.09259259,100,0,0.98888889,0.03350126,1.0,0.88888889,1.0,100,0,0.0025,0.0064332,0.0,0.0,0.01666667,100,0,0.0,0.0,0.0,0.0,0.0
rank_replacement_with_lineage,taxonomy_replacement_stress,vu_report__taxon_source_label__comparison_family_state,100,report; source label; family-state collapse,report,source_label,family_state,primary_comparisons_and_primary_evidence_tiers,100,0,0.50972619,0.18371124,0.5,0.2,0.8,100,0,0.49027381,0.18371124,0.5,0.2,0.8,100,0,0.2625,0.1113476,0.25,0.08333333,0.41666667,100,0,0.97055555,0.01443946,0.97222222,0.94444444,0.99074074,100,0,0.02944445,0.01443946,0.02777778,0.00925926,0.05555556,100,0,0.33704617,0.12101205,0.33333333,0.11764706,0.52631579,100,0,0.02944445,0.01443946,0.02777778,0.00925926,0.05555556,100,0,0.86777778,0.11572357,0.88888889,0.66666667,1.0,100,0,0.46766667,0.05982672,0.46666667,0.3825,0.56666667,100,0,0.0,0.0,0.0,0.0,0.0
rank_replacement_with_lineage,taxonomy_replacement_stress,vu_report__taxon_source_label__comparison_ignore,100,report; source label; comparisons ignored,report,source_label,ignore,primary_comparisons_and_primary_evidence_tiers,100,0,0.47887729,0.17660995,0.44949494,0.2,0.8,100,0,0.52112271,0.17660995,0.55050505,0.2,0.8,100,0,0.28,0.11269079,0.25,0.08333333,0.41666667,100,0,0.96444444,0.01678781,0.96296296,0.93518519,0.99074074,100,0,0.03555556,0.01678781,0.03703704,0.00925926,0.06481481,100,0,0.34470121,0.12093692,0.35294118,0.11764706,0.52631579,100,0,0.03555556,0.01678781,0.03703704,0.00925926,0.06481481,100,0,0.85333333,0.12118219,0.88888889,0.66666667,1.0,100,0,0.4665,0.05948219,0.46666667,0.3825,0.56666667,100,0,0.0,0.0,0.0,0.0,0.0
rank_replacement_with_lineage,taxonomy_replacement_stress,vu_report__taxon_source_label__comparison_separate_votes,100,report; source label; comparison-specific votes,report,source_label,separate_votes,primary_comparisons_and_primary_evidence_tiers,100,0,0.47887729,0.17660995,0.44949494,0.2,0.8,100,0,0.52112271,0.17660995,0.55050505,0.2,0.8,100,0,0.28,0.11269079,0.25,0.08333333,0.41666667,100,0,0.96444444,0.01678781,0.96296296,0.93518519,0.99074074,100,0,0.03555556,0.01678781,0.03703704,0.00925926,0.06481481,100,0,0.34470121,0.12093692,0.35294118,0.11764706,0.52631579,100,0,0.03555556,0.01678781,0.03703704,0.00925926,0.06481481,100,0,0.85333333,0.12118219,0.88888889,0.66666667,1.0,100,0,0.4665,0.05948219,0.46666667,0.3825,0.56666667,100,0,0.0,0.0,0.0,0.0,0.0
rank_replacement_with_lineage,taxonomy_replacement_stress,vu_row__taxon_resolved_target__comparison_family_state,100,row; resolved target taxon; family-state collapse,row,resolved_target,family_state,primary_comparisons_and_primary_evidence_tiers,100,0,0.64225232,0.10122463,0.63157895,0.47803204,0.83333333,100,0,0.35774768,0.10122463,0.36842105,0.16666667,0.52196796,100,0,0.88666667,0.09214369,0.91666667,0.75,1.0,100,0,0.94231481,0.02297843,0.94444444,0.90694445,0.98148148,100,0,0.05768519,0.02297843,0.05555556,0.01851852,0.09305555,100,0,0.74083361,0.08566502,0.74074074,0.58785578,0.88888889,100,0,0.05768519,0.02297843,0.05555556,0.01851852,0.09305555,100,0,0.98111111,0.04482163,1.0,0.88888889,1.0,100,0,0.0025,0.0064332,0.0,0.0,0.01666667,100,0,0.0,0.0,0.0,0.0,0.0
rank_replacement_with_lineage,taxonomy_replacement_stress,vu_row__taxon_resolved_target__comparison_ignore,100,row; resolved target taxon; comparisons ignored,row,resolved_target,ignore,primary_comparisons_and_primary_evidence_tiers,100,0,0.58910854,0.11214777,0.58333333,0.38849206,0.77076923,100,0,0.41089146,0.11214777,0.41666667,0.22923077,0.61150794,100,0,0.68166667,0.13472548,0.66666667,0.41666667,0.91666667,100,0,0.94527778,0.02081259,0.94444444,0.90740741,0.97268518,100,0,0.05472222,0.02081259,0.05555556,0.02731482,0.09259259,100,0,0.62652542,0.10754687,0.62852665,0.45077139,0.78642858,100,0,0.05472222,0.02081259,0.05555556,0.02731482,0.09259259,100,0,0.98888889,0.03350126,1.0,0.88888889,1.0,100,0,0.0025,0.0064332,0.0,0.0,0.01666667,100,0,0.0,0.0,0.0,0.0,0.0
rank_replacement_with_lineage,taxonomy_replacement_stress,vu_row__taxon_resolved_target__comparison_separate_votes,100,row; resolved target taxon; comparison-specific votes,row,resolved_target,separate_votes,primary_comparisons_and_primary_evidence_tiers,100,0,0.58910854,0.11214777,0.58333333,0.38849206,0.77076923,100,0,0.41089146,0.11214777,0.41666667,0.22923077,0.61150794,100,0,0.68166667,0.13472548,0.66666667,0.41666667,0.91666667,100,0,0.94527778,0.02081259,0.94444444,0.90740741,0.97268518,100,0,0.05472222,0.02081259,0.05555556,0.02731482,0.09259259,100,0,0.62652542,0.10754687,0.62852665,0.45077139,0.78642858,100,0,0.05472222,0.02081259,0.05555556,0.02731482,0.09259259,100,0,0.98888889,0.03350126,1.0,0.88888889,1.0,100,0,0.0025,0.0064332,0.0,0.0,0.01666667,100,0,0.0,0.0,0.0,0.0,0.0
rank_replacement_with_lineage,taxonomy_replacement_stress,vu_row__taxon_source_label__comparison_family_state,100,row; source label; family-state collapse,row,source_label,family_state,primary_comparisons_and_primary_evidence_tiers,100,0,0.50972619,0.18371124,0.5,0.2,0.8,100,0,0.49027381,0.18371124,0.5,0.2,0.8,100,0,0.2625,0.1113476,0.25,0.08333333,0.41666667,100,0,0.97055555,0.01443946,0.97222222,0.94444444,0.99074074,100,0,0.02944445,0.01443946,0.02777778,0.00925926,0.05555556,100,0,0.33704617,0.12101205,0.33333333,0.11764706,0.52631579,100,0,0.02944445,0.01443946,0.02777778,0.00925926,0.05555556,100,0,0.86777778,0.11572357,0.88888889,0.66666667,1.0,100,0,0.46766667,0.05982672,0.46666667,0.3825,0.56666667,100,0,0.0,0.0,0.0,0.0,0.0
rank_replacement_with_lineage,taxonomy_replacement_stress,vu_row__taxon_source_label__comparison_ignore,100,row; source label; comparisons ignored,row,source_label,ignore,primary_comparisons_and_primary_evidence_tiers,100,0,0.47887729,0.17660995,0.44949494,0.2,0.8,100,0,0.52112271,0.17660995,0.55050505,0.2,0.8,100,0,0.28,0.11269079,0.25,0.08333333,0.41666667,100,0,0.96444444,0.01678781,0.96296296,0.93518519,0.99074074,100,0,0.03555556,0.01678781,0.03703704,0.00925926,0.06481481,100,0,0.34470121,0.12093692,0.35294118,0.11764706,0.52631579,100,0,0.03555556,0.01678781,0.03703704,0.00925926,0.06481481,100,0,0.85333333,0.12118219,0.88888889,0.66666667,1.0,100,0,0.4665,0.05948219,0.46666667,0.3825,0.56666667,100,0,0.0,0.0,0.0,0.0,0.0
rank_replacement_with_lineage,taxonomy_replacement_stress,vu_row__taxon_source_label__comparison_separate_votes,100,row; source label; comparison-specific votes,row,source_label,separate_votes,primary_comparisons_and_primary_evidence_tiers,100,0,0.47887729,0.17660995,0.44949494,0.2,0.8,100,0,0.52112271,0.17660995,0.55050505,0.2,0.8,100,0,0.28,0.11269079,0.25,0.08333333,0.41666667,100,0,0.96444444,0.01678781,0.96296296,0.93518519,0.99074074,100,0,0.03555556,0.01678781,0.03703704,0.00925926,0.06481481,100,0,0.34470121,0.12093692,0.35294118,0.11764706,0.52631579,100,0,0.03555556,0.01678781,0.03703704,0.00925926,0.06481481,100,0,0.85333333,0.12118219,0.88888889,0.66666667,1.0,100,0,0.4665,0.05948219,0.46666667,0.3825,0.56666667,100,0,0.0,0.0,0.0,0.0,0.0
rank_replacement_without_lineage,taxonomy_replacement_failure,vu_family__taxon_resolved_target__comparison_family_state,100,family; resolved target taxon; family-state collapse,family,resolved_target,family_state,primary_comparisons_and_primary_evidence_tiers,100,0,0.50657431,0.18806242,0.5,0.24861111,0.83333333,100,0,0.49342569,0.18806242,0.5,0.16666667,0.75138889,100,0,0.27666667,0.12415822,0.25,0.08333333,0.5,100,0,0.96824074,0.01696919,0.97222222,0.93518519,0.99074074,100,0,0.03175926,0.01696919,0.02777778,0.00925926,0.06481481,100,0,0.34811553,0.13800023,0.35038364,0.14238095,0.57285714,100,0,0.03175926,0.01696919,0.02777778,0.00925926,0.06481481,100,0,0.85666667,0.12262966,0.88888889,0.66111111,1.0,100,0,0.452,0.05970748,0.45,0.36583334,0.55,100,0,0.0,0.0,0.0,0.0,0.0
rank_replacement_without_lineage,taxonomy_replacement_failure,vu_family__taxon_resolved_target__comparison_ignore,100,family; resolved target taxon; comparisons ignored,family,resolved_target,ignore,primary_comparisons_and_primary_evidence_tiers,100,0,0.50657431,0.18806242,0.5,0.24861111,0.83333333,100,0,0.49342569,0.18806242,0.5,0.16666667,0.75138889,100,0,0.27666667,0.12415822,0.25,0.08333333,0.5,100,0,0.96824074,0.01696919,0.97222222,0.93518519,0.99074074,100,0,0.03175926,0.01696919,0.02777778,0.00925926,0.06481481,100,0,0.34811553,0.13800023,0.35038364,0.14238095,0.57285714,100,0,0.03175926,0.01696919,0.02777778,0.00925926,0.06481481,100,0,0.85666667,0.12262966,0.88888889,0.66111111,1.0,100,0,0.452,0.05970748,0.45,0.36583334,0.55,100,0,0.0,0.0,0.0,0.0,0.0
rank_replacement_without_lineage,taxonomy_replacement_failure,vu_family__taxon_resolved_target__comparison_separate_votes,100,family; resolved target taxon; comparison-specific votes,family,resolved_target,separate_votes,primary_comparisons_and_primary_evidence_tiers,100,0,0.50657431,0.18806242,0.5,0.24861111,0.83333333,100,0,0.49342569,0.18806242,0.5,0.16666667,0.75138889,100,0,0.27666667,0.12415822,0.25,0.08333333,0.5,100,0,0.96824074,0.01696919,0.97222222,0.93518519,0.99074074,100,0,0.03175926,0.01696919,0.02777778,0.00925926,0.06481481,100,0,0.34811553,0.13800023,0.35038364,0.14238095,0.57285714,100,0,0.03175926,0.01696919,0.02777778,0.00925926,0.06481481,100,0,0.85666667,0.12262966,0.88888889,0.66111111,1.0,100,0,0.452,0.05970748,0.45,0.36583334,0.55,100,0,0.0,0.0,0.0,0.0,0.0
rank_replacement_without_lineage,taxonomy_replacement_failure,vu_family__taxon_source_label__comparison_family_state,100,family; source label; family-state collapse,family,source_label,family_state,primary_comparisons_and_primary_evidence_tiers,100,0,0.50657431,0.18806242,0.5,0.24861111,0.83333333,100,0,0.49342569,0.18806242,0.5,0.16666667,0.75138889,100,0,0.27666667,0.12415822,0.25,0.08333333,0.5,100,0,0.96824074,0.01696919,0.97222222,0.93518519,0.99074074,100,0,0.03175926,0.01696919,0.02777778,0.00925926,0.06481481,100,0,0.34811553,0.13800023,0.35038364,0.14238095,0.57285714,100,0,0.03175926,0.01696919,0.02777778,0.00925926,0.06481481,100,0,0.85666667,0.12262966,0.88888889,0.66111111,1.0,100,0,0.452,0.05970748,0.45,0.36583334,0.55,100,0,0.0,0.0,0.0,0.0,0.0
rank_replacement_without_lineage,taxonomy_replacement_failure,vu_family__taxon_source_label__comparison_ignore,100,family; source label; comparisons ignored,family,source_label,ignore,primary_comparisons_and_primary_evidence_tiers,100,0,0.50657431,0.18806242,0.5,0.24861111,0.83333333,100,0,0.49342569,0.18806242,0.5,0.16666667,0.75138889,100,0,0.27666667,0.12415822,0.25,0.08333333,0.5,100,0,0.96824074,0.01696919,0.97222222,0.93518519,0.99074074,100,0,0.03175926,0.01696919,0.02777778,0.00925926,0.06481481,100,0,0.34811553,0.13800023,0.35038364,0.14238095,0.57285714,100,0,0.03175926,0.01696919,0.02777778,0.00925926,0.06481481,100,0,0.85666667,0.12262966,0.88888889,0.66111111,1.0,100,0,0.452,0.05970748,0.45,0.36583334,0.55,100,0,0.0,0.0,0.0,0.0,0.0
rank_replacement_without_lineage,taxonomy_replacement_failure,vu_family__taxon_source_label__comparison_separate_votes,100,family; source label; comparison-specific votes,family,source_label,separate_votes,primary_comparisons_and_primary_evidence_tiers,100,0,0.50657431,0.18806242,0.5,0.24861111,0.83333333,100,0,0.49342569,0.18806242,0.5,0.16666667,0.75138889,100,0,0.27666667,0.12415822,0.25,0.08333333,0.5,100,0,0.96824074,0.01696919,0.97222222,0.93518519,0.99074074,100,0,0.03175926,0.01696919,0.02777778,0.00925926,0.06481481,100,0,0.34811553,0.13800023,0.35038364,0.14238095,0.57285714,100,0,0.03175926,0.01696919,0.02777778,0.00925926,0.06481481,100,0,0.85666667,0.12262966,0.88888889,0.66111111,1.0,100,0,0.452,0.05970748,0.45,0.36583334,0.55,100,0,0.0,0.0,0.0,0.0,0.0
rank_replacement_without_lineage,taxonomy_replacement_failure,vu_report__taxon_resolved_target__comparison_family_state,100,report; resolved target taxon; family-state collapse,report,resolved_target,family_state,primary_comparisons_and_primary_evidence_tiers,100,0,0.50657431,0.18806242,0.5,0.24861111,0.83333333,100,0,0.49342569,0.18806242,0.5,0.16666667,0.75138889,100,0,0.27666667,0.12415822,0.25,0.08333333,0.5,100,0,0.96824074,0.01696919,0.97222222,0.93518519,0.99074074,100,0,0.03175926,0.01696919,0.02777778,0.00925926,0.06481481,100,0,0.34811553,0.13800023,0.35038364,0.14238095,0.57285714,100,0,0.03175926,0.01696919,0.02777778,0.00925926,0.06481481,100,0,0.85666667,0.12262966,0.88888889,0.66111111,1.0,100,0,0.452,0.05970748,0.45,0.36583334,0.55,100,0,0.0,0.0,0.0,0.0,0.0
rank_replacement_without_lineage,taxonomy_replacement_failure,vu_report__taxon_resolved_target__comparison_ignore,100,report; resolved target taxon; comparisons ignored,report,resolved_target,ignore,primary_comparisons_and_primary_evidence_tiers,100,0,0.47327123,0.17119376,0.45804196,0.22222222,0.75138889,100,0,0.52672877,0.17119376,0.54195804,0.24861111,0.77777778,100,0,0.29416667,0.12671661,0.25,0.08333333,0.5,100,0,0.96203704,0.01868147,0.96296296,0.93518519,0.99074074,100,0,0.03796296,0.01868147,0.03703704,0.00925926,0.06481481,100,0,0.35432779,0.13509401,0.35828877,0.13333333,0.57142857,100,0,0.03796296,0.01868147,0.03703704,0.00925926,0.06481481,100,0,0.84555556,0.12819796,0.88888889,0.55555556,1.0,100,0,0.45116667,0.06036064,0.45,0.36583334,0.55,100,0,0.0,0.0,0.0,0.0,0.0
rank_replacement_without_lineage,taxonomy_replacement_failure,vu_report__taxon_resolved_target__comparison_separate_votes,100,report; resolved target taxon; comparison-specific votes,report,resolved_target,separate_votes,primary_comparisons_and_primary_evidence_tiers,100,0,0.47327123,0.17119376,0.45804196,0.22222222,0.75138889,100,0,0.52672877,0.17119376,0.54195804,0.24861111,0.77777778,100,0,0.29416667,0.12671661,0.25,0.08333333,0.5,100,0,0.96203704,0.01868147,0.96296296,0.93518519,0.99074074,100,0,0.03796296,0.01868147,0.03703704,0.00925926,0.06481481,100,0,0.35432779,0.13509401,0.35828877,0.13333333,0.57142857,100,0,0.03796296,0.01868147,0.03703704,0.00925926,0.06481481,100,0,0.84555556,0.12819796,0.88888889,0.55555556,1.0,100,0,0.45116667,0.06036064,0.45,0.36583334,0.55,100,0,0.0,0.0,0.0,0.0,0.0
rank_replacement_without_lineage,taxonomy_replacement_failure,vu_report__taxon_source_label__comparison_family_state,100,report; source label; family-state collapse,report,source_label,family_state,primary_comparisons_and_primary_evidence_tiers,100,0,0.50657431,0.18806242,0.5,0.24861111,0.83333333,100,0,0.49342569,0.18806242,0.5,0.16666667,0.75138889,100,0,0.27666667,0.12415822,0.25,0.08333333,0.5,100,0,0.96824074,0.01696919,0.97222222,0.93518519,0.99074074,100,0,0.03175926,0.01696919,0.02777778,0.00925926,0.06481481,100,0,0.34811553,0.13800023,0.35038364,0.14238095,0.57285714,100,0,0.03175926,0.01696919,0.02777778,0.00925926,0.06481481,100,0,0.85666667,0.12262966,0.88888889,0.66111111,1.0,100,0,0.452,0.05970748,0.45,0.36583334,0.55,100,0,0.0,0.0,0.0,0.0,0.0
rank_replacement_without_lineage,taxonomy_replacement_failure,vu_report__taxon_source_label__comparison_ignore,100,report; source label; comparisons ignored,report,source_label,ignore,primary_comparisons_and_primary_evidence_tiers,100,0,0.47327123,0.17119376,0.45804196,0.22222222,0.75138889,100,0,0.52672877,0.17119376,0.54195804,0.24861111,0.77777778,100,0,0.29416667,0.12671661,0.25,0.08333333,0.5,100,0,0.96203704,0.01868147,0.96296296,0.93518519,0.99074074,100,0,0.03796296,0.01868147,0.03703704,0.00925926,0.06481481,100,0,0.35432779,0.13509401,0.35828877,0.13333333,0.57142857,100,0,0.03796296,0.01868147,0.03703704,0.00925926,0.06481481,100,0,0.84555556,0.12819796,0.88888889,0.55555556,1.0,100,0,0.45116667,0.06036064,0.45,0.36583334,0.55,100,0,0.0,0.0,0.0,0.0,0.0
rank_replacement_without_lineage,taxonomy_replacement_failure,vu_report__taxon_source_label__comparison_separate_votes,100,report; source label; comparison-specific votes,report,source_label,separate_votes,primary_comparisons_and_primary_evidence_tiers,100,0,0.47327123,0.17119376,0.45804196,0.22222222,0.75138889,100,0,0.52672877,0.17119376,0.54195804,0.24861111,0.77777778,100,0,0.29416667,0.12671661,0.25,0.08333333,0.5,100,0,0.96203704,0.01868147,0.96296296,0.93518519,0.99074074,100,0,0.03796296,0.01868147,0.03703704,0.00925926,0.06481481,100,0,0.35432779,0.13509401,0.35828877,0.13333333,0.57142857,100,0,0.03796296,0.01868147,0.03703704,0.00925926,0.06481481,100,0,0.84555556,0.12819796,0.88888889,0.55555556,1.0,100,0,0.45116667,0.06036064,0.45,0.36583334,0.55,100,0,0.0,0.0,0.0,0.0,0.0
rank_replacement_without_lineage,taxonomy_replacement_failure,vu_row__taxon_resolved_target__comparison_family_state,100,row; resolved target taxon; family-state collapse,row,resolved_target,family_state,primary_comparisons_and_primary_evidence_tiers,100,0,0.50657431,0.18806242,0.5,0.24861111,0.83333333,100,0,0.49342569,0.18806242,0.5,0.16666667,0.75138889,100,0,0.27666667,0.12415822,0.25,0.08333333,0.5,100,0,0.96824074,0.01696919,0.97222222,0.93518519,0.99074074,100,0,0.03175926,0.01696919,0.02777778,0.00925926,0.06481481,100,0,0.34811553,0.13800023,0.35038364,0.14238095,0.57285714,100,0,0.03175926,0.01696919,0.02777778,0.00925926,0.06481481,100,0,0.85666667,0.12262966,0.88888889,0.66111111,1.0,100,0,0.452,0.05970748,0.45,0.36583334,0.55,100,0,0.0,0.0,0.0,0.0,0.0
rank_replacement_without_lineage,taxonomy_replacement_failure,vu_row__taxon_resolved_target__comparison_ignore,100,row; resolved target taxon; comparisons ignored,row,resolved_target,ignore,primary_comparisons_and_primary_evidence_tiers,100,0,0.47327123,0.17119376,0.45804196,0.22222222,0.75138889,100,0,0.52672877,0.17119376,0.54195804,0.24861111,0.77777778,100,0,0.29416667,0.12671661,0.25,0.08333333,0.5,100,0,0.96203704,0.01868147,0.96296296,0.93518519,0.99074074,100,0,0.03796296,0.01868147,0.03703704,0.00925926,0.06481481,100,0,0.35432779,0.13509401,0.35828877,0.13333333,0.57142857,100,0,0.03796296,0.01868147,0.03703704,0.00925926,0.06481481,100,0,0.84555556,0.12819796,0.88888889,0.55555556,1.0,100,0,0.45116667,0.06036064,0.45,0.36583334,0.55,100,0,0.0,0.0,0.0,0.0,0.0
rank_replacement_without_lineage,taxonomy_replacement_failure,vu_row__taxon_resolved_target__comparison_separate_votes,100,row; resolved target taxon; comparison-specific votes,row,resolved_target,separate_votes,primary_comparisons_and_primary_evidence_tiers,100,0,0.47327123,0.17119376,0.45804196,0.22222222,0.75138889,100,0,0.52672877,0.17119376,0.54195804,0.24861111,0.77777778,100,0,0.29416667,0.12671661,0.25,0.08333333,0.5,100,0,0.96203704,0.01868147,0.96296296,0.93518519,0.99074074,100,0,0.03796296,0.01868147,0.03703704,0.00925926,0.06481481,100,0,0.35432779,0.13509401,0.35828877,0.13333333,0.57142857,100,0,0.03796296,0.01868147,0.03703704,0.00925926,0.06481481,100,0,0.84555556,0.12819796,0.88888889,0.55555556,1.0,100,0,0.45116667,0.06036064,0.45,0.36583334,0.55,100,0,0.0,0.0,0.0,0.0,0.0
rank_replacement_without_lineage,taxonomy_replacement_failure,vu_row__taxon_source_label__comparison_family_state,100,row; source label; family-state collapse,row,source_label,family_state,primary_comparisons_and_primary_evidence_tiers,100,0,0.50657431,0.18806242,0.5,0.24861111,0.83333333,100,0,0.49342569,0.18806242,0.5,0.16666667,0.75138889,100,0,0.27666667,0.12415822,0.25,0.08333333,0.5,100,0,0.96824074,0.01696919,0.97222222,0.93518519,0.99074074,100,0,0.03175926,0.01696919,0.02777778,0.00925926,0.06481481,100,0,0.34811553,0.13800023,0.35038364,0.14238095,0.57285714,100,0,0.03175926,0.01696919,0.02777778,0.00925926,0.06481481,100,0,0.85666667,0.12262966,0.88888889,0.66111111,1.0,100,0,0.452,0.05970748,0.45,0.36583334,0.55,100,0,0.0,0.0,0.0,0.0,0.0
rank_replacement_without_lineage,taxonomy_replacement_failure,vu_row__taxon_source_label__comparison_ignore,100,row; source label; comparisons ignored,row,source_label,ignore,primary_comparisons_and_primary_evidence_tiers,100,0,0.47327123,0.17119376,0.45804196,0.22222222,0.75138889,100,0,0.52672877,0.17119376,0.54195804,0.24861111,0.77777778,100,0,0.29416667,0.12671661,0.25,0.08333333,0.5,100,0,0.96203704,0.01868147,0.96296296,0.93518519,0.99074074,100,0,0.03796296,0.01868147,0.03703704,0.00925926,0.06481481,100,0,0.35432779,0.13509401,0.35828877,0.13333333,0.57142857,100,0,0.03796296,0.01868147,0.03703704,0.00925926,0.06481481,100,0,0.84555556,0.12819796,0.88888889,0.55555556,1.0,100,0,0.45116667,0.06036064,0.45,0.36583334,0.55,100,0,0.0,0.0,0.0,0.0,0.0
rank_replacement_without_lineage,taxonomy_replacement_failure,vu_row__taxon_source_label__comparison_separate_votes,100,row; source label; comparison-specific votes,row,source_label,separate_votes,primary_comparisons_and_primary_evidence_tiers,100,0,0.47327123,0.17119376,0.45804196,0.22222222,0.75138889,100,0,0.52672877,0.17119376,0.54195804,0.24861111,0.77777778,100,0,0.29416667,0.12671661,0.25,0.08333333,0.5,100,0,0.96203704,0.01868147,0.96296296,0.93518519,0.99074074,100,0,0.03796296,0.01868147,0.03703704,0.00925926,0.06481481,100,0,0.35432779,0.13509401,0.35828877,0.13333333,0.57142857,100,0,0.03796296,0.01868147,0.03703704,0.00925926,0.06481481,100,0,0.84555556,0.12819796,0.88888889,0.55555556,1.0,100,0,0.45116667,0.06036064,0.45,0.36583334,0.55,100,0,0.0,0.0,0.0,0.0,0.0
