method,taxon_key,vote_count,conflict_vote_count,direction_counts_json,direction_evaluations_json,selected_direction,signal_classification,minimum_support,maximum_opposition,policy_hash,method_display_name,voting_unit,taxon_key_policy,comparison_policy,scope_policy
vu_family__taxon_resolved_target__comparison_family_state,Acidaminococcus,1,0,"{""decreased_in_hcc"":1,""increased_in_hcc"":0}","{""decreased_in_hcc"":{""conflicts"":0,""opposition"":0,""passes"":false,""support"":1},""increased_in_hcc"":{""conflicts"":0,""opposition"":1,""passes"":false,""support"":0}}",,not_retained,2,0,be83edd85173b80836df62177bba3ecc92f880b000f8df3289132f8dda567090,family; resolved target taxon; family-state collapse,family,resolved_target,family_state,primary_comparisons_and_primary_evidence_tiers
vu_family__taxon_resolved_target__comparison_family_state,Acinetobacter,1,0,"{""decreased_in_hcc"":0,""increased_in_hcc"":1}","{""decreased_in_hcc"":{""conflicts"":0,""opposition"":1,""passes"":false,""support"":0},""increased_in_hcc"":{""conflicts"":0,""opposition"":0,""passes"":false,""support"":1}}",,not_retained,2,0,be83edd85173b80836df62177bba3ecc92f880b000f8df3289132f8dda567090,family; resolved target taxon; family-state collapse,family,resolved_target,family_state,primary_comparisons_and_primary_evidence_tiers
vu_family__taxon_resolved_target__comparison_family_state,Actinomyces,1,0,"{""decreased_in_hcc"":0,""increased_in_hcc"":1}","{""decreased_in_hcc"":{""conflicts"":0,""opposition"":1,""passes"":false,""support"":0},""increased_in_hcc"":{""conflicts"":0,""opposition"":0,""passes"":false,""support"":1}}",,not_retained,2,0,be83edd85173b80836df62177bba3ecc92f880b000f8df3289132f8dda567090,family; resolved target taxon; family-state collapse,family,resolved_target,family_state,primary_comparisons_and_primary_evidence_tiers
vu_family__taxon_resolved_target__comparison_family_state,Alloprevotella,1,0,"{""decreased_in_hcc"":1,""increased_in_hcc"":0}","{""decreased_in_hcc"":{""conflicts"":0,""opposition"":0,""passes"":false,""support"":1},""increased_in_hcc"":{""conflicts"":0,""opposition"":1,""passes"":false,""support"":0}}",,not_retained,2,0,be83edd85173b80836df62177bba3ecc92f880b000f8df3289132f8dda567090,family; resolved target taxon; family-state collapse,family,resolved_target,family_state,primary_comparisons_and_primary_evidence_tiers
vu_family__taxon_resolved_target__comparison_family_state,Anaerostipes,1,0,"{""decreased_in_hcc"":1,""increased_in_hcc"":0}","{""decreased_in_hcc"":{""conflicts"":0,""opposition"":0,""passes"":false,""support"":1},""increased_in_hcc"":{""conflicts"":0,""opposition"":1,""passes"":false,""support"":0}}",,not_retained,2,0,be83edd85173b80836df62177bba3ecc92f880b000f8df3289132f8dda567090,family; resolved target taxon; family-state collapse,family,resolved_target,family_state,primary_comparisons_and_primary_evidence_tiers
vu_family__taxon_resolved_target__comparison_family_state,Anaerotruncus,2,0,"{""decreased_in_hcc"":1,""increased_in_hcc"":1}","{""decreased_in_hcc"":{""conflicts"":0,""opposition"":1,""passes"":false,""support"":1},""increased_in_hcc"":{""conflicts"":0,""opposition"":1,""passes"":false,""support"":1}}",,not_retained,2,0,be83edd85173b80836df62177bba3ecc92f880b000f8df3289132f8dda567090,family; resolved target taxon; family-state collapse,family,resolved_target,family_state,primary_comparisons_and_primary_evidence_tiers
vu_family__taxon_resolved_target__comparison_family_state,Atopobium,1,0,"{""decreased_in_hcc"":0,""increased_in_hcc"":1}","{""decreased_in_hcc"":{""conflicts"":0,""opposition"":1,""passes"":false,""support"":0},""increased_in_hcc"":{""conflicts"":0,""opposition"":0,""passes"":false,""support"":1}}",,not_retained,2,0,be83edd85173b80836df62177bba3ecc92f880b000f8df3289132f8dda567090,family; resolved target taxon; family-state collapse,family,resolved_target,family_state,primary_comparisons_and_primary_evidence_tiers
vu_family__taxon_resolved_target__comparison_family_state,Blautia,2,0,"{""decreased_in_hcc"":0,""increased_in_hcc"":2}","{""decreased_in_hcc"":{""conflicts"":0,""opposition"":2,""passes"":false,""support"":0},""increased_in_hcc"":{""conflicts"":0,""opposition"":0,""passes"":true,""support"":2}}",increased_in_hcc,retained,2,0,be83edd85173b80836df62177bba3ecc92f880b000f8df3289132f8dda567090,family; resolved target taxon; family-state collapse,family,resolved_target,family_state,primary_comparisons_and_primary_evidence_tiers
vu_family__taxon_resolved_target__comparison_family_state,Butyricimonas,1,0,"{""decreased_in_hcc"":1,""increased_in_hcc"":0}","{""decreased_in_hcc"":{""conflicts"":0,""opposition"":0,""passes"":false,""support"":1},""increased_in_hcc"":{""conflicts"":0,""opposition"":1,""passes"":false,""support"":0}}",,not_retained,2,0,be83edd85173b80836df62177bba3ecc92f880b000f8df3289132f8dda567090,family; resolved target taxon; family-state collapse,family,resolved_target,family_state,primary_comparisons_and_primary_evidence_tiers
vu_family__taxon_resolved_target__comparison_family_state,Cetobacterium,1,0,"{""decreased_in_hcc"":1,""increased_in_hcc"":0}","{""decreased_in_hcc"":{""conflicts"":0,""opposition"":0,""passes"":false,""support"":1},""increased_in_hcc"":{""conflicts"":0,""opposition"":1,""passes"":false,""support"":0}}",,not_retained,2,0,be83edd85173b80836df62177bba3ecc92f880b000f8df3289132f8dda567090,family; resolved target taxon; family-state collapse,family,resolved_target,family_state,primary_comparisons_and_primary_evidence_tiers
vu_family__taxon_resolved_target__comparison_family_state,Cloacibacillus,1,0,"{""decreased_in_hcc"":1,""increased_in_hcc"":0}","{""decreased_in_hcc"":{""conflicts"":0,""opposition"":0,""passes"":false,""support"":1},""increased_in_hcc"":{""conflicts"":0,""opposition"":1,""passes"":false,""support"":0}}",,not_retained,2,0,be83edd85173b80836df62177bba3ecc92f880b000f8df3289132f8dda567090,family; resolved target taxon; family-state collapse,family,resolved_target,family_state,primary_comparisons_and_primary_evidence_tiers
vu_family__taxon_resolved_target__comparison_family_state,Clostridium XIVa,1,0,"{""decreased_in_hcc"":1,""increased_in_hcc"":0}","{""decreased_in_hcc"":{""conflicts"":0,""opposition"":0,""passes"":false,""support"":1},""increased_in_hcc"":{""conflicts"":0,""opposition"":1,""passes"":false,""support"":0}}",,not_retained,2,0,be83edd85173b80836df62177bba3ecc92f880b000f8df3289132f8dda567090,family; resolved target taxon; family-state collapse,family,resolved_target,family_state,primary_comparisons_and_primary_evidence_tiers
vu_family__taxon_resolved_target__comparison_family_state,Coprobacillus,1,0,"{""decreased_in_hcc"":1,""increased_in_hcc"":0}","{""decreased_in_hcc"":{""conflicts"":0,""opposition"":0,""passes"":false,""support"":1},""increased_in_hcc"":{""conflicts"":0,""opposition"":1,""passes"":false,""support"":0}}",,not_retained,2,0,be83edd85173b80836df62177bba3ecc92f880b000f8df3289132f8dda567090,family; resolved target taxon; family-state collapse,family,resolved_target,family_state,primary_comparisons_and_primary_evidence_tiers
vu_family__taxon_resolved_target__comparison_family_state,Desulfococcus,1,0,"{""decreased_in_hcc"":0,""increased_in_hcc"":1}","{""decreased_in_hcc"":{""conflicts"":0,""opposition"":1,""passes"":false,""support"":0},""increased_in_hcc"":{""conflicts"":0,""opposition"":0,""passes"":false,""support"":1}}",,not_retained,2,0,be83edd85173b80836df62177bba3ecc92f880b000f8df3289132f8dda567090,family; resolved target taxon; family-state collapse,family,resolved_target,family_state,primary_comparisons_and_primary_evidence_tiers
vu_family__taxon_resolved_target__comparison_family_state,Enterobacter,1,0,"{""decreased_in_hcc"":0,""increased_in_hcc"":1}","{""decreased_in_hcc"":{""conflicts"":0,""opposition"":1,""passes"":false,""support"":0},""increased_in_hcc"":{""conflicts"":0,""opposition"":0,""passes"":false,""support"":1}}",,not_retained,2,0,be83edd85173b80836df62177bba3ecc92f880b000f8df3289132f8dda567090,family; resolved target taxon; family-state collapse,family,resolved_target,family_state,primary_comparisons_and_primary_evidence_tiers
vu_family__taxon_resolved_target__comparison_family_state,Enterococcus,1,0,"{""decreased_in_hcc"":0,""increased_in_hcc"":1}","{""decreased_in_hcc"":{""conflicts"":0,""opposition"":1,""passes"":false,""support"":0},""increased_in_hcc"":{""conflicts"":0,""opposition"":0,""passes"":false,""support"":1}}",,not_retained,2,0,be83edd85173b80836df62177bba3ecc92f880b000f8df3289132f8dda567090,family; resolved target taxon; family-state collapse,family,resolved_target,family_state,primary_comparisons_and_primary_evidence_tiers
vu_family__taxon_resolved_target__comparison_family_state,Eubacterium,1,0,"{""decreased_in_hcc"":0,""increased_in_hcc"":1}","{""decreased_in_hcc"":{""conflicts"":0,""opposition"":1,""passes"":false,""support"":0},""increased_in_hcc"":{""conflicts"":0,""opposition"":0,""passes"":false,""support"":1}}",,not_retained,2,0,be83edd85173b80836df62177bba3ecc92f880b000f8df3289132f8dda567090,family; resolved target taxon; family-state collapse,family,resolved_target,family_state,primary_comparisons_and_primary_evidence_tiers
vu_family__taxon_resolved_target__comparison_family_state,Eubacterium ventriosum group,1,0,"{""decreased_in_hcc"":1,""increased_in_hcc"":0}","{""decreased_in_hcc"":{""conflicts"":0,""opposition"":0,""passes"":false,""support"":1},""increased_in_hcc"":{""conflicts"":0,""opposition"":1,""passes"":false,""support"":0}}",,not_retained,2,0,be83edd85173b80836df62177bba3ecc92f880b000f8df3289132f8dda567090,family; resolved target taxon; family-state collapse,family,resolved_target,family_state,primary_comparisons_and_primary_evidence_tiers
vu_family__taxon_resolved_target__comparison_family_state,Fusobacterium,1,0,"{""decreased_in_hcc"":1,""increased_in_hcc"":0}","{""decreased_in_hcc"":{""conflicts"":0,""opposition"":0,""passes"":false,""support"":1},""increased_in_hcc"":{""conflicts"":0,""opposition"":1,""passes"":false,""support"":0}}",,not_retained,2,0,be83edd85173b80836df62177bba3ecc92f880b000f8df3289132f8dda567090,family; resolved target taxon; family-state collapse,family,resolved_target,family_state,primary_comparisons_and_primary_evidence_tiers
vu_family__taxon_resolved_target__comparison_family_state,Gemmiger,1,0,"{""decreased_in_hcc"":0,""increased_in_hcc"":1}","{""decreased_in_hcc"":{""conflicts"":0,""opposition"":1,""passes"":false,""support"":0},""increased_in_hcc"":{""conflicts"":0,""opposition"":0,""passes"":false,""support"":1}}",,not_retained,2,0,be83edd85173b80836df62177bba3ecc92f880b000f8df3289132f8dda567090,family; resolved target taxon; family-state collapse,family,resolved_target,family_state,primary_comparisons_and_primary_evidence_tiers
vu_family__taxon_resolved_target__comparison_family_state,Haemophilus,1,0,"{""decreased_in_hcc"":0,""increased_in_hcc"":1}","{""decreased_in_hcc"":{""conflicts"":0,""opposition"":1,""passes"":false,""support"":0},""increased_in_hcc"":{""conflicts"":0,""opposition"":0,""passes"":false,""support"":1}}",,not_retained,2,0,be83edd85173b80836df62177bba3ecc92f880b000f8df3289132f8dda567090,family; resolved target taxon; family-state collapse,family,resolved_target,family_state,primary_comparisons_and_primary_evidence_tiers
vu_family__taxon_resolved_target__comparison_family_state,Holdemania,1,0,"{""decreased_in_hcc"":1,""increased_in_hcc"":0}","{""decreased_in_hcc"":{""conflicts"":0,""opposition"":0,""passes"":false,""support"":1},""increased_in_hcc"":{""conflicts"":0,""opposition"":1,""passes"":false,""support"":0}}",,not_retained,2,0,be83edd85173b80836df62177bba3ecc92f880b000f8df3289132f8dda567090,family; resolved target taxon; family-state collapse,family,resolved_target,family_state,primary_comparisons_and_primary_evidence_tiers
vu_family__taxon_resolved_target__comparison_family_state,Lachnospira,1,0,"{""decreased_in_hcc"":1,""increased_in_hcc"":0}","{""decreased_in_hcc"":{""conflicts"":0,""opposition"":0,""passes"":false,""support"":1},""increased_in_hcc"":{""conflicts"":0,""opposition"":1,""passes"":false,""support"":0}}",,not_retained,2,0,be83edd85173b80836df62177bba3ecc92f880b000f8df3289132f8dda567090,family; resolved target taxon; family-state collapse,family,resolved_target,family_state,primary_comparisons_and_primary_evidence_tiers
vu_family__taxon_resolved_target__comparison_family_state,Lachnospiraceae UCG-001,1,0,"{""decreased_in_hcc"":1,""increased_in_hcc"":0}","{""decreased_in_hcc"":{""conflicts"":0,""opposition"":0,""passes"":false,""support"":1},""increased_in_hcc"":{""conflicts"":0,""opposition"":1,""passes"":false,""support"":0}}",,not_retained,2,0,be83edd85173b80836df62177bba3ecc92f880b000f8df3289132f8dda567090,family; resolved target taxon; family-state collapse,family,resolved_target,family_state,primary_comparisons_and_primary_evidence_tiers
vu_family__taxon_resolved_target__comparison_family_state,Lactobacillus,1,0,"{""decreased_in_hcc"":0,""increased_in_hcc"":1}","{""decreased_in_hcc"":{""conflicts"":0,""opposition"":1,""passes"":false,""support"":0},""increased_in_hcc"":{""conflicts"":0,""opposition"":0,""passes"":false,""support"":1}}",,not_retained,2,0,be83edd85173b80836df62177bba3ecc92f880b000f8df3289132f8dda567090,family; resolved target taxon; family-state collapse,family,resolved_target,family_state,primary_comparisons_and_primary_evidence_tiers
vu_family__taxon_resolved_target__comparison_family_state,Lactococcus,1,0,"{""decreased_in_hcc"":0,""increased_in_hcc"":1}","{""decreased_in_hcc"":{""conflicts"":0,""opposition"":1,""passes"":false,""support"":0},""increased_in_hcc"":{""conflicts"":0,""opposition"":0,""passes"":false,""support"":1}}",,not_retained,2,0,be83edd85173b80836df62177bba3ecc92f880b000f8df3289132f8dda567090,family; resolved target taxon; family-state collapse,family,resolved_target,family_state,primary_comparisons_and_primary_evidence_tiers
vu_family__taxon_resolved_target__comparison_family_state,Leptotrichia,1,0,"{""decreased_in_hcc"":0,""increased_in_hcc"":1}","{""decreased_in_hcc"":{""conflicts"":0,""opposition"":1,""passes"":false,""support"":0},""increased_in_hcc"":{""conflicts"":0,""opposition"":0,""passes"":false,""support"":1}}",,not_retained,2,0,be83edd85173b80836df62177bba3ecc92f880b000f8df3289132f8dda567090,family; resolved target taxon; family-state collapse,family,resolved_target,family_state,primary_comparisons_and_primary_evidence_tiers
vu_family__taxon_resolved_target__comparison_family_state,Megamonas,1,0,"{""decreased_in_hcc"":1,""increased_in_hcc"":0}","{""decreased_in_hcc"":{""conflicts"":0,""opposition"":0,""passes"":false,""support"":1},""increased_in_hcc"":{""conflicts"":0,""opposition"":1,""passes"":false,""support"":0}}",,not_retained,2,0,be83edd85173b80836df62177bba3ecc92f880b000f8df3289132f8dda567090,family; resolved target taxon; family-state collapse,family,resolved_target,family_state,primary_comparisons_and_primary_evidence_tiers
vu_family__taxon_resolved_target__comparison_family_state,Methanobrevibacter,1,0,"{""decreased_in_hcc"":1,""increased_in_hcc"":0}","{""decreased_in_hcc"":{""conflicts"":0,""opposition"":0,""passes"":false,""support"":1},""increased_in_hcc"":{""conflicts"":0,""opposition"":1,""passes"":false,""support"":0}}",,not_retained,2,0,be83edd85173b80836df62177bba3ecc92f880b000f8df3289132f8dda567090,family; resolved target taxon; family-state collapse,family,resolved_target,family_state,primary_comparisons_and_primary_evidence_tiers
vu_family__taxon_resolved_target__comparison_family_state,Neisseria,1,0,"{""decreased_in_hcc"":0,""increased_in_hcc"":1}","{""decreased_in_hcc"":{""conflicts"":0,""opposition"":1,""passes"":false,""support"":0},""increased_in_hcc"":{""conflicts"":0,""opposition"":0,""passes"":false,""support"":1}}",,not_retained,2,0,be83edd85173b80836df62177bba3ecc92f880b000f8df3289132f8dda567090,family; resolved target taxon; family-state collapse,family,resolved_target,family_state,primary_comparisons_and_primary_evidence_tiers
vu_family__taxon_resolved_target__comparison_family_state,Odoribacter,1,0,"{""decreased_in_hcc"":1,""increased_in_hcc"":0}","{""decreased_in_hcc"":{""conflicts"":0,""opposition"":0,""passes"":false,""support"":1},""increased_in_hcc"":{""conflicts"":0,""opposition"":1,""passes"":false,""support"":0}}",,not_retained,2,0,be83edd85173b80836df62177bba3ecc92f880b000f8df3289132f8dda567090,family; resolved target taxon; family-state collapse,family,resolved_target,family_state,primary_comparisons_and_primary_evidence_tiers
vu_family__taxon_resolved_target__comparison_family_state,Oribacterium,1,0,"{""decreased_in_hcc"":0,""increased_in_hcc"":1}","{""decreased_in_hcc"":{""conflicts"":0,""opposition"":1,""passes"":false,""support"":0},""increased_in_hcc"":{""conflicts"":0,""opposition"":0,""passes"":false,""support"":1}}",,not_retained,2,0,be83edd85173b80836df62177bba3ecc92f880b000f8df3289132f8dda567090,family; resolved target taxon; family-state collapse,family,resolved_target,family_state,primary_comparisons_and_primary_evidence_tiers
vu_family__taxon_resolved_target__comparison_family_state,Paraprevotella,1,0,"{""decreased_in_hcc"":0,""increased_in_hcc"":1}","{""decreased_in_hcc"":{""conflicts"":0,""opposition"":1,""passes"":false,""support"":0},""increased_in_hcc"":{""conflicts"":0,""opposition"":0,""passes"":false,""support"":1}}",,not_retained,2,0,be83edd85173b80836df62177bba3ecc92f880b000f8df3289132f8dda567090,family; resolved target taxon; family-state collapse,family,resolved_target,family_state,primary_comparisons_and_primary_evidence_tiers
vu_family__taxon_resolved_target__comparison_family_state,Phascolarctobacterium,1,0,"{""decreased_in_hcc"":0,""increased_in_hcc"":1}","{""decreased_in_hcc"":{""conflicts"":0,""opposition"":1,""passes"":false,""support"":0},""increased_in_hcc"":{""conflicts"":0,""opposition"":0,""passes"":false,""support"":1}}",,not_retained,2,0,be83edd85173b80836df62177bba3ecc92f880b000f8df3289132f8dda567090,family; resolved target taxon; family-state collapse,family,resolved_target,family_state,primary_comparisons_and_primary_evidence_tiers
vu_family__taxon_resolved_target__comparison_family_state,Prevotella,2,0,"{""decreased_in_hcc"":0,""increased_in_hcc"":2}","{""decreased_in_hcc"":{""conflicts"":0,""opposition"":2,""passes"":false,""support"":0},""increased_in_hcc"":{""conflicts"":0,""opposition"":0,""passes"":true,""support"":2}}",increased_in_hcc,retained,2,0,be83edd85173b80836df62177bba3ecc92f880b000f8df3289132f8dda567090,family; resolved target taxon; family-state collapse,family,resolved_target,family_state,primary_comparisons_and_primary_evidence_tiers
vu_family__taxon_resolved_target__comparison_family_state,Pyramidobacter,1,0,"{""decreased_in_hcc"":1,""increased_in_hcc"":0}","{""decreased_in_hcc"":{""conflicts"":0,""opposition"":0,""passes"":false,""support"":1},""increased_in_hcc"":{""conflicts"":0,""opposition"":1,""passes"":false,""support"":0}}",,not_retained,2,0,be83edd85173b80836df62177bba3ecc92f880b000f8df3289132f8dda567090,family; resolved target taxon; family-state collapse,family,resolved_target,family_state,primary_comparisons_and_primary_evidence_tiers
vu_family__taxon_resolved_target__comparison_family_state,Raoultella,1,0,"{""decreased_in_hcc"":1,""increased_in_hcc"":0}","{""decreased_in_hcc"":{""conflicts"":0,""opposition"":0,""passes"":false,""support"":1},""increased_in_hcc"":{""conflicts"":0,""opposition"":1,""passes"":false,""support"":0}}",,not_retained,2,0,be83edd85173b80836df62177bba3ecc92f880b000f8df3289132f8dda567090,family; resolved target taxon; family-state collapse,family,resolved_target,family_state,primary_comparisons_and_primary_evidence_tiers
vu_family__taxon_resolved_target__comparison_family_state,Rothia,1,0,"{""decreased_in_hcc"":0,""increased_in_hcc"":1}","{""decreased_in_hcc"":{""conflicts"":0,""opposition"":1,""passes"":false,""support"":0},""increased_in_hcc"":{""conflicts"":0,""opposition"":0,""passes"":false,""support"":1}}",,not_retained,2,0,be83edd85173b80836df62177bba3ecc92f880b000f8df3289132f8dda567090,family; resolved target taxon; family-state collapse,family,resolved_target,family_state,primary_comparisons_and_primary_evidence_tiers
vu_family__taxon_resolved_target__comparison_family_state,Ruminococcus 2,1,0,"{""decreased_in_hcc"":1,""increased_in_hcc"":0}","{""decreased_in_hcc"":{""conflicts"":0,""opposition"":0,""passes"":false,""support"":1},""increased_in_hcc"":{""conflicts"":0,""opposition"":1,""passes"":false,""support"":0}}",,not_retained,2,0,be83edd85173b80836df62177bba3ecc92f880b000f8df3289132f8dda567090,family; resolved target taxon; family-state collapse,family,resolved_target,family_state,primary_comparisons_and_primary_evidence_tiers
vu_family__taxon_resolved_target__comparison_family_state,Sarcina,1,0,"{""decreased_in_hcc"":0,""increased_in_hcc"":1}","{""decreased_in_hcc"":{""conflicts"":0,""opposition"":1,""passes"":false,""support"":0},""increased_in_hcc"":{""conflicts"":0,""opposition"":0,""passes"":false,""support"":1}}",,not_retained,2,0,be83edd85173b80836df62177bba3ecc92f880b000f8df3289132f8dda567090,family; resolved target taxon; family-state collapse,family,resolved_target,family_state,primary_comparisons_and_primary_evidence_tiers
vu_family__taxon_resolved_target__comparison_family_state,Selenomonas,1,0,"{""decreased_in_hcc"":0,""increased_in_hcc"":1}","{""decreased_in_hcc"":{""conflicts"":0,""opposition"":1,""passes"":false,""support"":0},""increased_in_hcc"":{""conflicts"":0,""opposition"":0,""passes"":false,""support"":1}}",,not_retained,2,0,be83edd85173b80836df62177bba3ecc92f880b000f8df3289132f8dda567090,family; resolved target taxon; family-state collapse,family,resolved_target,family_state,primary_comparisons_and_primary_evidence_tiers
vu_family__taxon_resolved_target__comparison_family_state,Streptococcus,1,0,"{""decreased_in_hcc"":0,""increased_in_hcc"":1}","{""decreased_in_hcc"":{""conflicts"":0,""opposition"":1,""passes"":false,""support"":0},""increased_in_hcc"":{""conflicts"":0,""opposition"":0,""passes"":false,""support"":1}}",,not_retained,2,0,be83edd85173b80836df62177bba3ecc92f880b000f8df3289132f8dda567090,family; resolved target taxon; family-state collapse,family,resolved_target,family_state,primary_comparisons_and_primary_evidence_tiers
vu_family__taxon_resolved_target__comparison_family_state,Turicibacter,1,0,"{""decreased_in_hcc"":1,""increased_in_hcc"":0}","{""decreased_in_hcc"":{""conflicts"":0,""opposition"":0,""passes"":false,""support"":1},""increased_in_hcc"":{""conflicts"":0,""opposition"":1,""passes"":false,""support"":0}}",,not_retained,2,0,be83edd85173b80836df62177bba3ecc92f880b000f8df3289132f8dda567090,family; resolved target taxon; family-state collapse,family,resolved_target,family_state,primary_comparisons_and_primary_evidence_tiers
vu_family__taxon_resolved_target__comparison_family_state,Veillonella,1,0,"{""decreased_in_hcc"":0,""increased_in_hcc"":1}","{""decreased_in_hcc"":{""conflicts"":0,""opposition"":1,""passes"":false,""support"":0},""increased_in_hcc"":{""conflicts"":0,""opposition"":0,""passes"":false,""support"":1}}",,not_retained,2,0,be83edd85173b80836df62177bba3ecc92f880b000f8df3289132f8dda567090,family; resolved target taxon; family-state collapse,family,resolved_target,family_state,primary_comparisons_and_primary_evidence_tiers
vu_family__taxon_resolved_target__comparison_ignore,Acidaminococcus,1,0,"{""decreased_in_hcc"":1,""increased_in_hcc"":0}","{""decreased_in_hcc"":{""conflicts"":0,""opposition"":0,""passes"":false,""support"":1},""increased_in_hcc"":{""conflicts"":0,""opposition"":1,""passes"":false,""support"":0}}",,not_retained,2,0,be83edd85173b80836df62177bba3ecc92f880b000f8df3289132f8dda567090,family; resolved target taxon; comparisons ignored,family,resolved_target,ignore,primary_comparisons_and_primary_evidence_tiers
vu_family__taxon_resolved_target__comparison_ignore,Acinetobacter,1,0,"{""decreased_in_hcc"":0,""increased_in_hcc"":1}","{""decreased_in_hcc"":{""conflicts"":0,""opposition"":1,""passes"":false,""support"":0},""increased_in_hcc"":{""conflicts"":0,""opposition"":0,""passes"":false,""support"":1}}",,not_retained,2,0,be83edd85173b80836df62177bba3ecc92f880b000f8df3289132f8dda567090,family; resolved target taxon; comparisons ignored,family,resolved_target,ignore,primary_comparisons_and_primary_evidence_tiers
vu_family__taxon_resolved_target__comparison_ignore,Actinomyces,1,0,"{""decreased_in_hcc"":0,""increased_in_hcc"":1}","{""decreased_in_hcc"":{""conflicts"":0,""opposition"":1,""passes"":false,""support"":0},""increased_in_hcc"":{""conflicts"":0,""opposition"":0,""passes"":false,""support"":1}}",,not_retained,2,0,be83edd85173b80836df62177bba3ecc92f880b000f8df3289132f8dda567090,family; resolved target taxon; comparisons ignored,family,resolved_target,ignore,primary_comparisons_and_primary_evidence_tiers
vu_family__taxon_resolved_target__comparison_ignore,Alloprevotella,1,0,"{""decreased_in_hcc"":1,""increased_in_hcc"":0}","{""decreased_in_hcc"":{""conflicts"":0,""opposition"":0,""passes"":false,""support"":1},""increased_in_hcc"":{""conflicts"":0,""opposition"":1,""passes"":false,""support"":0}}",,not_retained,2,0,be83edd85173b80836df62177bba3ecc92f880b000f8df3289132f8dda567090,family; resolved target taxon; comparisons ignored,family,resolved_target,ignore,primary_comparisons_and_primary_evidence_tiers
vu_family__taxon_resolved_target__comparison_ignore,Anaerostipes,1,0,"{""decreased_in_hcc"":1,""increased_in_hcc"":0}","{""decreased_in_hcc"":{""conflicts"":0,""opposition"":0,""passes"":false,""support"":1},""increased_in_hcc"":{""conflicts"":0,""opposition"":1,""passes"":false,""support"":0}}",,not_retained,2,0,be83edd85173b80836df62177bba3ecc92f880b000f8df3289132f8dda567090,family; resolved target taxon; comparisons ignored,family,resolved_target,ignore,primary_comparisons_and_primary_evidence_tiers
vu_family__taxon_resolved_target__comparison_ignore,Anaerotruncus,2,0,"{""decreased_in_hcc"":1,""increased_in_hcc"":1}","{""decreased_in_hcc"":{""conflicts"":0,""opposition"":1,""passes"":false,""support"":1},""increased_in_hcc"":{""conflicts"":0,""opposition"":1,""passes"":false,""support"":1}}",,not_retained,2,0,be83edd85173b80836df62177bba3ecc92f880b000f8df3289132f8dda567090,family; resolved target taxon; comparisons ignored,family,resolved_target,ignore,primary_comparisons_and_primary_evidence_tiers
vu_family__taxon_resolved_target__comparison_ignore,Atopobium,1,0,"{""decreased_in_hcc"":0,""increased_in_hcc"":1}","{""decreased_in_hcc"":{""conflicts"":0,""opposition"":1,""passes"":false,""support"":0},""increased_in_hcc"":{""conflicts"":0,""opposition"":0,""passes"":false,""support"":1}}",,not_retained,2,0,be83edd85173b80836df62177bba3ecc92f880b000f8df3289132f8dda567090,family; resolved target taxon; comparisons ignored,family,resolved_target,ignore,primary_comparisons_and_primary_evidence_tiers
vu_family__taxon_resolved_target__comparison_ignore,Blautia,2,0,"{""decreased_in_hcc"":0,""increased_in_hcc"":2}","{""decreased_in_hcc"":{""conflicts"":0,""opposition"":2,""passes"":false,""support"":0},""increased_in_hcc"":{""conflicts"":0,""opposition"":0,""passes"":true,""support"":2}}",increased_in_hcc,retained,2,0,be83edd85173b80836df62177bba3ecc92f880b000f8df3289132f8dda567090,family; resolved target taxon; comparisons ignored,family,resolved_target,ignore,primary_comparisons_and_primary_evidence_tiers
vu_family__taxon_resolved_target__comparison_ignore,Butyricimonas,1,0,"{""decreased_in_hcc"":1,""increased_in_hcc"":0}","{""decreased_in_hcc"":{""conflicts"":0,""opposition"":0,""passes"":false,""support"":1},""increased_in_hcc"":{""conflicts"":0,""opposition"":1,""passes"":false,""support"":0}}",,not_retained,2,0,be83edd85173b80836df62177bba3ecc92f880b000f8df3289132f8dda567090,family; resolved target taxon; comparisons ignored,family,resolved_target,ignore,primary_comparisons_and_primary_evidence_tiers
vu_family__taxon_resolved_target__comparison_ignore,Cetobacterium,1,0,"{""decreased_in_hcc"":1,""increased_in_hcc"":0}","{""decreased_in_hcc"":{""conflicts"":0,""opposition"":0,""passes"":false,""support"":1},""increased_in_hcc"":{""conflicts"":0,""opposition"":1,""passes"":false,""support"":0}}",,not_retained,2,0,be83edd85173b80836df62177bba3ecc92f880b000f8df3289132f8dda567090,family; resolved target taxon; comparisons ignored,family,resolved_target,ignore,primary_comparisons_and_primary_evidence_tiers
vu_family__taxon_resolved_target__comparison_ignore,Cloacibacillus,1,0,"{""decreased_in_hcc"":1,""increased_in_hcc"":0}","{""decreased_in_hcc"":{""conflicts"":0,""opposition"":0,""passes"":false,""support"":1},""increased_in_hcc"":{""conflicts"":0,""opposition"":1,""passes"":false,""support"":0}}",,not_retained,2,0,be83edd85173b80836df62177bba3ecc92f880b000f8df3289132f8dda567090,family; resolved target taxon; comparisons ignored,family,resolved_target,ignore,primary_comparisons_and_primary_evidence_tiers
vu_family__taxon_resolved_target__comparison_ignore,Clostridium XIVa,1,0,"{""decreased_in_hcc"":1,""increased_in_hcc"":0}","{""decreased_in_hcc"":{""conflicts"":0,""opposition"":0,""passes"":false,""support"":1},""increased_in_hcc"":{""conflicts"":0,""opposition"":1,""passes"":false,""support"":0}}",,not_retained,2,0,be83edd85173b80836df62177bba3ecc92f880b000f8df3289132f8dda567090,family; resolved target taxon; comparisons ignored,family,resolved_target,ignore,primary_comparisons_and_primary_evidence_tiers
vu_family__taxon_resolved_target__comparison_ignore,Coprobacillus,1,0,"{""decreased_in_hcc"":1,""increased_in_hcc"":0}","{""decreased_in_hcc"":{""conflicts"":0,""opposition"":0,""passes"":false,""support"":1},""increased_in_hcc"":{""conflicts"":0,""opposition"":1,""passes"":false,""support"":0}}",,not_retained,2,0,be83edd85173b80836df62177bba3ecc92f880b000f8df3289132f8dda567090,family; resolved target taxon; comparisons ignored,family,resolved_target,ignore,primary_comparisons_and_primary_evidence_tiers
vu_family__taxon_resolved_target__comparison_ignore,Desulfococcus,1,0,"{""decreased_in_hcc"":0,""increased_in_hcc"":1}","{""decreased_in_hcc"":{""conflicts"":0,""opposition"":1,""passes"":false,""support"":0},""increased_in_hcc"":{""conflicts"":0,""opposition"":0,""passes"":false,""support"":1}}",,not_retained,2,0,be83edd85173b80836df62177bba3ecc92f880b000f8df3289132f8dda567090,family; resolved target taxon; comparisons ignored,family,resolved_target,ignore,primary_comparisons_and_primary_evidence_tiers
vu_family__taxon_resolved_target__comparison_ignore,Enterobacter,1,0,"{""decreased_in_hcc"":0,""increased_in_hcc"":1}","{""decreased_in_hcc"":{""conflicts"":0,""opposition"":1,""passes"":false,""support"":0},""increased_in_hcc"":{""conflicts"":0,""opposition"":0,""passes"":false,""support"":1}}",,not_retained,2,0,be83edd85173b80836df62177bba3ecc92f880b000f8df3289132f8dda567090,family; resolved target taxon; comparisons ignored,family,resolved_target,ignore,primary_comparisons_and_primary_evidence_tiers
vu_family__taxon_resolved_target__comparison_ignore,Enterococcus,1,0,"{""decreased_in_hcc"":0,""increased_in_hcc"":1}","{""decreased_in_hcc"":{""conflicts"":0,""opposition"":1,""passes"":false,""support"":0},""increased_in_hcc"":{""conflicts"":0,""opposition"":0,""passes"":false,""support"":1}}",,not_retained,2,0,be83edd85173b80836df62177bba3ecc92f880b000f8df3289132f8dda567090,family; resolved target taxon; comparisons ignored,family,resolved_target,ignore,primary_comparisons_and_primary_evidence_tiers
vu_family__taxon_resolved_target__comparison_ignore,Eubacterium,1,0,"{""decreased_in_hcc"":0,""increased_in_hcc"":1}","{""decreased_in_hcc"":{""conflicts"":0,""opposition"":1,""passes"":false,""support"":0},""increased_in_hcc"":{""conflicts"":0,""opposition"":0,""passes"":false,""support"":1}}",,not_retained,2,0,be83edd85173b80836df62177bba3ecc92f880b000f8df3289132f8dda567090,family; resolved target taxon; comparisons ignored,family,resolved_target,ignore,primary_comparisons_and_primary_evidence_tiers
vu_family__taxon_resolved_target__comparison_ignore,Eubacterium ventriosum group,1,0,"{""decreased_in_hcc"":1,""increased_in_hcc"":0}","{""decreased_in_hcc"":{""conflicts"":0,""opposition"":0,""passes"":false,""support"":1},""increased_in_hcc"":{""conflicts"":0,""opposition"":1,""passes"":false,""support"":0}}",,not_retained,2,0,be83edd85173b80836df62177bba3ecc92f880b000f8df3289132f8dda567090,family; resolved target taxon; comparisons ignored,family,resolved_target,ignore,primary_comparisons_and_primary_evidence_tiers
vu_family__taxon_resolved_target__comparison_ignore,Fusobacterium,1,0,"{""decreased_in_hcc"":1,""increased_in_hcc"":0}","{""decreased_in_hcc"":{""conflicts"":0,""opposition"":0,""passes"":false,""support"":1},""increased_in_hcc"":{""conflicts"":0,""opposition"":1,""passes"":false,""support"":0}}",,not_retained,2,0,be83edd85173b80836df62177bba3ecc92f880b000f8df3289132f8dda567090,family; resolved target taxon; comparisons ignored,family,resolved_target,ignore,primary_comparisons_and_primary_evidence_tiers
vu_family__taxon_resolved_target__comparison_ignore,Gemmiger,1,0,"{""decreased_in_hcc"":0,""increased_in_hcc"":1}","{""decreased_in_hcc"":{""conflicts"":0,""opposition"":1,""passes"":false,""support"":0},""increased_in_hcc"":{""conflicts"":0,""opposition"":0,""passes"":false,""support"":1}}",,not_retained,2,0,be83edd85173b80836df62177bba3ecc92f880b000f8df3289132f8dda567090,family; resolved target taxon; comparisons ignored,family,resolved_target,ignore,primary_comparisons_and_primary_evidence_tiers
vu_family__taxon_resolved_target__comparison_ignore,Haemophilus,1,0,"{""decreased_in_hcc"":0,""increased_in_hcc"":1}","{""decreased_in_hcc"":{""conflicts"":0,""opposition"":1,""passes"":false,""support"":0},""increased_in_hcc"":{""conflicts"":0,""opposition"":0,""passes"":false,""support"":1}}",,not_retained,2,0,be83edd85173b80836df62177bba3ecc92f880b000f8df3289132f8dda567090,family; resolved target taxon; comparisons ignored,family,resolved_target,ignore,primary_comparisons_and_primary_evidence_tiers
vu_family__taxon_resolved_target__comparison_ignore,Holdemania,1,0,"{""decreased_in_hcc"":1,""increased_in_hcc"":0}","{""decreased_in_hcc"":{""conflicts"":0,""opposition"":0,""passes"":false,""support"":1},""increased_in_hcc"":{""conflicts"":0,""opposition"":1,""passes"":false,""support"":0}}",,not_retained,2,0,be83edd85173b80836df62177bba3ecc92f880b000f8df3289132f8dda567090,family; resolved target taxon; comparisons ignored,family,resolved_target,ignore,primary_comparisons_and_primary_evidence_tiers
vu_family__taxon_resolved_target__comparison_ignore,Lachnospira,1,0,"{""decreased_in_hcc"":1,""increased_in_hcc"":0}","{""decreased_in_hcc"":{""conflicts"":0,""opposition"":0,""passes"":false,""support"":1},""increased_in_hcc"":{""conflicts"":0,""opposition"":1,""passes"":false,""support"":0}}",,not_retained,2,0,be83edd85173b80836df62177bba3ecc92f880b000f8df3289132f8dda567090,family; resolved target taxon; comparisons ignored,family,resolved_target,ignore,primary_comparisons_and_primary_evidence_tiers
vu_family__taxon_resolved_target__comparison_ignore,Lachnospiraceae UCG-001,1,0,"{""decreased_in_hcc"":1,""increased_in_hcc"":0}","{""decreased_in_hcc"":{""conflicts"":0,""opposition"":0,""passes"":false,""support"":1},""increased_in_hcc"":{""conflicts"":0,""opposition"":1,""passes"":false,""support"":0}}",,not_retained,2,0,be83edd85173b80836df62177bba3ecc92f880b000f8df3289132f8dda567090,family; resolved target taxon; comparisons ignored,family,resolved_target,ignore,primary_comparisons_and_primary_evidence_tiers
vu_family__taxon_resolved_target__comparison_ignore,Lactobacillus,1,0,"{""decreased_in_hcc"":0,""increased_in_hcc"":1}","{""decreased_in_hcc"":{""conflicts"":0,""opposition"":1,""passes"":false,""support"":0},""increased_in_hcc"":{""conflicts"":0,""opposition"":0,""passes"":false,""support"":1}}",,not_retained,2,0,be83edd85173b80836df62177bba3ecc92f880b000f8df3289132f8dda567090,family; resolved target taxon; comparisons ignored,family,resolved_target,ignore,primary_comparisons_and_primary_evidence_tiers
vu_family__taxon_resolved_target__comparison_ignore,Lactococcus,1,0,"{""decreased_in_hcc"":0,""increased_in_hcc"":1}","{""decreased_in_hcc"":{""conflicts"":0,""opposition"":1,""passes"":false,""support"":0},""increased_in_hcc"":{""conflicts"":0,""opposition"":0,""passes"":false,""support"":1}}",,not_retained,2,0,be83edd85173b80836df62177bba3ecc92f880b000f8df3289132f8dda567090,family; resolved target taxon; comparisons ignored,family,resolved_target,ignore,primary_comparisons_and_primary_evidence_tiers
vu_family__taxon_resolved_target__comparison_ignore,Leptotrichia,1,0,"{""decreased_in_hcc"":0,""increased_in_hcc"":1}","{""decreased_in_hcc"":{""conflicts"":0,""opposition"":1,""passes"":false,""support"":0},""increased_in_hcc"":{""conflicts"":0,""opposition"":0,""passes"":false,""support"":1}}",,not_retained,2,0,be83edd85173b80836df62177bba3ecc92f880b000f8df3289132f8dda567090,family; resolved target taxon; comparisons ignored,family,resolved_target,ignore,primary_comparisons_and_primary_evidence_tiers
vu_family__taxon_resolved_target__comparison_ignore,Megamonas,1,0,"{""decreased_in_hcc"":1,""increased_in_hcc"":0}","{""decreased_in_hcc"":{""conflicts"":0,""opposition"":0,""passes"":false,""support"":1},""increased_in_hcc"":{""conflicts"":0,""opposition"":1,""passes"":false,""support"":0}}",,not_retained,2,0,be83edd85173b80836df62177bba3ecc92f880b000f8df3289132f8dda567090,family; resolved target taxon; comparisons ignored,family,resolved_target,ignore,primary_comparisons_and_primary_evidence_tiers
vu_family__taxon_resolved_target__comparison_ignore,Methanobrevibacter,1,0,"{""decreased_in_hcc"":1,""increased_in_hcc"":0}","{""decreased_in_hcc"":{""conflicts"":0,""opposition"":0,""passes"":false,""support"":1},""increased_in_hcc"":{""conflicts"":0,""opposition"":1,""passes"":false,""support"":0}}",,not_retained,2,0,be83edd85173b80836df62177bba3ecc92f880b000f8df3289132f8dda567090,family; resolved target taxon; comparisons ignored,family,resolved_target,ignore,primary_comparisons_and_primary_evidence_tiers
vu_family__taxon_resolved_target__comparison_ignore,Neisseria,1,0,"{""decreased_in_hcc"":0,""increased_in_hcc"":1}","{""decreased_in_hcc"":{""conflicts"":0,""opposition"":1,""passes"":false,""support"":0},""increased_in_hcc"":{""conflicts"":0,""opposition"":0,""passes"":false,""support"":1}}",,not_retained,2,0,be83edd85173b80836df62177bba3ecc92f880b000f8df3289132f8dda567090,family; resolved target taxon; comparisons ignored,family,resolved_target,ignore,primary_comparisons_and_primary_evidence_tiers
vu_family__taxon_resolved_target__comparison_ignore,Odoribacter,1,0,"{""decreased_in_hcc"":1,""increased_in_hcc"":0}","{""decreased_in_hcc"":{""conflicts"":0,""opposition"":0,""passes"":false,""support"":1},""increased_in_hcc"":{""conflicts"":0,""opposition"":1,""passes"":false,""support"":0}}",,not_retained,2,0,be83edd85173b80836df62177bba3ecc92f880b000f8df3289132f8dda567090,family; resolved target taxon; comparisons ignored,family,resolved_target,ignore,primary_comparisons_and_primary_evidence_tiers
vu_family__taxon_resolved_target__comparison_ignore,Oribacterium,1,0,"{""decreased_in_hcc"":0,""increased_in_hcc"":1}","{""decreased_in_hcc"":{""conflicts"":0,""opposition"":1,""passes"":false,""support"":0},""increased_in_hcc"":{""conflicts"":0,""opposition"":0,""passes"":false,""support"":1}}",,not_retained,2,0,be83edd85173b80836df62177bba3ecc92f880b000f8df3289132f8dda567090,family; resolved target taxon; comparisons ignored,family,resolved_target,ignore,primary_comparisons_and_primary_evidence_tiers
vu_family__taxon_resolved_target__comparison_ignore,Paraprevotella,1,0,"{""decreased_in_hcc"":0,""increased_in_hcc"":1}","{""decreased_in_hcc"":{""conflicts"":0,""opposition"":1,""passes"":false,""support"":0},""increased_in_hcc"":{""conflicts"":0,""opposition"":0,""passes"":false,""support"":1}}",,not_retained,2,0,be83edd85173b80836df62177bba3ecc92f880b000f8df3289132f8dda567090,family; resolved target taxon; comparisons ignored,family,resolved_target,ignore,primary_comparisons_and_primary_evidence_tiers
vu_family__taxon_resolved_target__comparison_ignore,Phascolarctobacterium,1,0,"{""decreased_in_hcc"":0,""increased_in_hcc"":1}","{""decreased_in_hcc"":{""conflicts"":0,""opposition"":1,""passes"":false,""support"":0},""increased_in_hcc"":{""conflicts"":0,""opposition"":0,""passes"":false,""support"":1}}",,not_retained,2,0,be83edd85173b80836df62177bba3ecc92f880b000f8df3289132f8dda567090,family; resolved target taxon; comparisons ignored,family,resolved_target,ignore,primary_comparisons_and_primary_evidence_tiers
vu_family__taxon_resolved_target__comparison_ignore,Prevotella,2,0,"{""decreased_in_hcc"":0,""increased_in_hcc"":2}","{""decreased_in_hcc"":{""conflicts"":0,""opposition"":2,""passes"":false,""support"":0},""increased_in_hcc"":{""conflicts"":0,""opposition"":0,""passes"":true,""support"":2}}",increased_in_hcc,retained,2,0,be83edd85173b80836df62177bba3ecc92f880b000f8df3289132f8dda567090,family; resolved target taxon; comparisons ignored,family,resolved_target,ignore,primary_comparisons_and_primary_evidence_tiers
vu_family__taxon_resolved_target__comparison_ignore,Pyramidobacter,1,0,"{""decreased_in_hcc"":1,""increased_in_hcc"":0}","{""decreased_in_hcc"":{""conflicts"":0,""opposition"":0,""passes"":false,""support"":1},""increased_in_hcc"":{""conflicts"":0,""opposition"":1,""passes"":false,""support"":0}}",,not_retained,2,0,be83edd85173b80836df62177bba3ecc92f880b000f8df3289132f8dda567090,family; resolved target taxon; comparisons ignored,family,resolved_target,ignore,primary_comparisons_and_primary_evidence_tiers
vu_family__taxon_resolved_target__comparison_ignore,Raoultella,1,0,"{""decreased_in_hcc"":1,""increased_in_hcc"":0}","{""decreased_in_hcc"":{""conflicts"":0,""opposition"":0,""passes"":false,""support"":1},""increased_in_hcc"":{""conflicts"":0,""opposition"":1,""passes"":false,""support"":0}}",,not_retained,2,0,be83edd85173b80836df62177bba3ecc92f880b000f8df3289132f8dda567090,family; resolved target taxon; comparisons ignored,family,resolved_target,ignore,primary_comparisons_and_primary_evidence_tiers
vu_family__taxon_resolved_target__comparison_ignore,Rothia,1,0,"{""decreased_in_hcc"":0,""increased_in_hcc"":1}","{""decreased_in_hcc"":{""conflicts"":0,""opposition"":1,""passes"":false,""support"":0},""increased_in_hcc"":{""conflicts"":0,""opposition"":0,""passes"":false,""support"":1}}",,not_retained,2,0,be83edd85173b80836df62177bba3ecc92f880b000f8df3289132f8dda567090,family; resolved target taxon; comparisons ignored,family,resolved_target,ignore,primary_comparisons_and_primary_evidence_tiers
vu_family__taxon_resolved_target__comparison_ignore,Ruminococcus 2,1,0,"{""decreased_in_hcc"":1,""increased_in_hcc"":0}","{""decreased_in_hcc"":{""conflicts"":0,""opposition"":0,""passes"":false,""support"":1},""increased_in_hcc"":{""conflicts"":0,""opposition"":1,""passes"":false,""support"":0}}",,not_retained,2,0,be83edd85173b80836df62177bba3ecc92f880b000f8df3289132f8dda567090,family; resolved target taxon; comparisons ignored,family,resolved_target,ignore,primary_comparisons_and_primary_evidence_tiers
vu_family__taxon_resolved_target__comparison_ignore,Sarcina,1,0,"{""decreased_in_hcc"":0,""increased_in_hcc"":1}","{""decreased_in_hcc"":{""conflicts"":0,""opposition"":1,""passes"":false,""support"":0},""increased_in_hcc"":{""conflicts"":0,""opposition"":0,""passes"":false,""support"":1}}",,not_retained,2,0,be83edd85173b80836df62177bba3ecc92f880b000f8df3289132f8dda567090,family; resolved target taxon; comparisons ignored,family,resolved_target,ignore,primary_comparisons_and_primary_evidence_tiers
vu_family__taxon_resolved_target__comparison_ignore,Selenomonas,1,0,"{""decreased_in_hcc"":0,""increased_in_hcc"":1}","{""decreased_in_hcc"":{""conflicts"":0,""opposition"":1,""passes"":false,""support"":0},""increased_in_hcc"":{""conflicts"":0,""opposition"":0,""passes"":false,""support"":1}}",,not_retained,2,0,be83edd85173b80836df62177bba3ecc92f880b000f8df3289132f8dda567090,family; resolved target taxon; comparisons ignored,family,resolved_target,ignore,primary_comparisons_and_primary_evidence_tiers
vu_family__taxon_resolved_target__comparison_ignore,Streptococcus,1,0,"{""decreased_in_hcc"":0,""increased_in_hcc"":1}","{""decreased_in_hcc"":{""conflicts"":0,""opposition"":1,""passes"":false,""support"":0},""increased_in_hcc"":{""conflicts"":0,""opposition"":0,""passes"":false,""support"":1}}",,not_retained,2,0,be83edd85173b80836df62177bba3ecc92f880b000f8df3289132f8dda567090,family; resolved target taxon; comparisons ignored,family,resolved_target,ignore,primary_comparisons_and_primary_evidence_tiers
vu_family__taxon_resolved_target__comparison_ignore,Turicibacter,1,0,"{""decreased_in_hcc"":1,""increased_in_hcc"":0}","{""decreased_in_hcc"":{""conflicts"":0,""opposition"":0,""passes"":false,""support"":1},""increased_in_hcc"":{""conflicts"":0,""opposition"":1,""passes"":false,""support"":0}}",,not_retained,2,0,be83edd85173b80836df62177bba3ecc92f880b000f8df3289132f8dda567090,family; resolved target taxon; comparisons ignored,family,resolved_target,ignore,primary_comparisons_and_primary_evidence_tiers
vu_family__taxon_resolved_target__comparison_ignore,Veillonella,1,0,"{""decreased_in_hcc"":0,""increased_in_hcc"":1}","{""decreased_in_hcc"":{""conflicts"":0,""opposition"":1,""passes"":false,""support"":0},""increased_in_hcc"":{""conflicts"":0,""opposition"":0,""passes"":false,""support"":1}}",,not_retained,2,0,be83edd85173b80836df62177bba3ecc92f880b000f8df3289132f8dda567090,family; resolved target taxon; comparisons ignored,family,resolved_target,ignore,primary_comparisons_and_primary_evidence_tiers
vu_family__taxon_resolved_target__comparison_separate_votes,Acidaminococcus,2,0,"{""decreased_in_hcc"":2,""increased_in_hcc"":0}","{""decreased_in_hcc"":{""conflicts"":0,""opposition"":0,""passes"":true,""support"":2},""increased_in_hcc"":{""conflicts"":0,""opposition"":2,""passes"":false,""support"":0}}",decreased_in_hcc,retained,2,0,be83edd85173b80836df62177bba3ecc92f880b000f8df3289132f8dda567090,family; resolved target taxon; comparison-specific votes,family,resolved_target,separate_votes,primary_comparisons_and_primary_evidence_tiers
vu_family__taxon_resolved_target__comparison_separate_votes,Acinetobacter,1,0,"{""decreased_in_hcc"":0,""increased_in_hcc"":1}","{""decreased_in_hcc"":{""conflicts"":0,""opposition"":1,""passes"":false,""support"":0},""increased_in_hcc"":{""conflicts"":0,""opposition"":0,""passes"":false,""support"":1}}",,not_retained,2,0,be83edd85173b80836df62177bba3ecc92f880b000f8df3289132f8dda567090,family; resolved target taxon; comparison-specific votes,family,resolved_target,separate_votes,primary_comparisons_and_primary_evidence_tiers
vu_family__taxon_resolved_target__comparison_separate_votes,Actinomyces,2,0,"{""decreased_in_hcc"":0,""increased_in_hcc"":2}","{""decreased_in_hcc"":{""conflicts"":0,""opposition"":2,""passes"":false,""support"":0},""increased_in_hcc"":{""conflicts"":0,""opposition"":0,""passes"":true,""support"":2}}",increased_in_hcc,retained,2,0,be83edd85173b80836df62177bba3ecc92f880b000f8df3289132f8dda567090,family; resolved target taxon; comparison-specific votes,family,resolved_target,separate_votes,primary_comparisons_and_primary_evidence_tiers
vu_family__taxon_resolved_target__comparison_separate_votes,Alloprevotella,1,0,"{""decreased_in_hcc"":1,""increased_in_hcc"":0}","{""decreased_in_hcc"":{""conflicts"":0,""opposition"":0,""passes"":false,""support"":1},""increased_in_hcc"":{""conflicts"":0,""opposition"":1,""passes"":false,""support"":0}}",,not_retained,2,0,be83edd85173b80836df62177bba3ecc92f880b000f8df3289132f8dda567090,family; resolved target taxon; comparison-specific votes,family,resolved_target,separate_votes,primary_comparisons_and_primary_evidence_tiers
vu_family__taxon_resolved_target__comparison_separate_votes,Anaerostipes,1,0,"{""decreased_in_hcc"":1,""increased_in_hcc"":0}","{""decreased_in_hcc"":{""conflicts"":0,""opposition"":0,""passes"":false,""support"":1},""increased_in_hcc"":{""conflicts"":0,""opposition"":1,""passes"":false,""support"":0}}",,not_retained,2,0,be83edd85173b80836df62177bba3ecc92f880b000f8df3289132f8dda567090,family; resolved target taxon; comparison-specific votes,family,resolved_target,separate_votes,primary_comparisons_and_primary_evidence_tiers
vu_family__taxon_resolved_target__comparison_separate_votes,Anaerotruncus,3,0,"{""decreased_in_hcc"":2,""increased_in_hcc"":1}","{""decreased_in_hcc"":{""conflicts"":0,""opposition"":1,""passes"":false,""support"":2},""increased_in_hcc"":{""conflicts"":0,""opposition"":2,""passes"":false,""support"":1}}",,not_retained,2,0,be83edd85173b80836df62177bba3ecc92f880b000f8df3289132f8dda567090,family; resolved target taxon; comparison-specific votes,family,resolved_target,separate_votes,primary_comparisons_and_primary_evidence_tiers
vu_family__taxon_resolved_target__comparison_separate_votes,Atopobium,2,0,"{""decreased_in_hcc"":0,""increased_in_hcc"":2}","{""decreased_in_hcc"":{""conflicts"":0,""opposition"":2,""passes"":false,""support"":0},""increased_in_hcc"":{""conflicts"":0,""opposition"":0,""passes"":true,""support"":2}}",increased_in_hcc,retained,2,0,be83edd85173b80836df62177bba3ecc92f880b000f8df3289132f8dda567090,family; resolved target taxon; comparison-specific votes,family,resolved_target,separate_votes,primary_comparisons_and_primary_evidence_tiers
vu_family__taxon_resolved_target__comparison_separate_votes,Blautia,2,0,"{""decreased_in_hcc"":0,""increased_in_hcc"":2}","{""decreased_in_hcc"":{""conflicts"":0,""opposition"":2,""passes"":false,""support"":0},""increased_in_hcc"":{""conflicts"":0,""opposition"":0,""passes"":true,""support"":2}}",increased_in_hcc,retained,2,0,be83edd85173b80836df62177bba3ecc92f880b000f8df3289132f8dda567090,family; resolved target taxon; comparison-specific votes,family,resolved_target,separate_votes,primary_comparisons_and_primary_evidence_tiers
vu_family__taxon_resolved_target__comparison_separate_votes,Butyricimonas,1,0,"{""decreased_in_hcc"":1,""increased_in_hcc"":0}","{""decreased_in_hcc"":{""conflicts"":0,""opposition"":0,""passes"":false,""support"":1},""increased_in_hcc"":{""conflicts"":0,""opposition"":1,""passes"":false,""support"":0}}",,not_retained,2,0,be83edd85173b80836df62177bba3ecc92f880b000f8df3289132f8dda567090,family; resolved target taxon; comparison-specific votes,family,resolved_target,separate_votes,primary_comparisons_and_primary_evidence_tiers
vu_family__taxon_resolved_target__comparison_separate_votes,Cetobacterium,3,0,"{""decreased_in_hcc"":3,""increased_in_hcc"":0}","{""decreased_in_hcc"":{""conflicts"":0,""opposition"":0,""passes"":true,""support"":3},""increased_in_hcc"":{""conflicts"":0,""opposition"":3,""passes"":false,""support"":0}}",decreased_in_hcc,retained,2,0,be83edd85173b80836df62177bba3ecc92f880b000f8df3289132f8dda567090,family; resolved target taxon; comparison-specific votes,family,resolved_target,separate_votes,primary_comparisons_and_primary_evidence_tiers
vu_family__taxon_resolved_target__comparison_separate_votes,Cloacibacillus,1,0,"{""decreased_in_hcc"":1,""increased_in_hcc"":0}","{""decreased_in_hcc"":{""conflicts"":0,""opposition"":0,""passes"":false,""support"":1},""increased_in_hcc"":{""conflicts"":0,""opposition"":1,""passes"":false,""support"":0}}",,not_retained,2,0,be83edd85173b80836df62177bba3ecc92f880b000f8df3289132f8dda567090,family; resolved target taxon; comparison-specific votes,family,resolved_target,separate_votes,primary_comparisons_and_primary_evidence_tiers
vu_family__taxon_resolved_target__comparison_separate_votes,Clostridium XIVa,1,0,"{""decreased_in_hcc"":1,""increased_in_hcc"":0}","{""decreased_in_hcc"":{""conflicts"":0,""opposition"":0,""passes"":false,""support"":1},""increased_in_hcc"":{""conflicts"":0,""opposition"":1,""passes"":false,""support"":0}}",,not_retained,2,0,be83edd85173b80836df62177bba3ecc92f880b000f8df3289132f8dda567090,family; resolved target taxon; comparison-specific votes,family,resolved_target,separate_votes,primary_comparisons_and_primary_evidence_tiers
vu_family__taxon_resolved_target__comparison_separate_votes,Coprobacillus,2,0,"{""decreased_in_hcc"":2,""increased_in_hcc"":0}","{""decreased_in_hcc"":{""conflicts"":0,""opposition"":0,""passes"":true,""support"":2},""increased_in_hcc"":{""conflicts"":0,""opposition"":2,""passes"":false,""support"":0}}",decreased_in_hcc,retained,2,0,be83edd85173b80836df62177bba3ecc92f880b000f8df3289132f8dda567090,family; resolved target taxon; comparison-specific votes,family,resolved_target,separate_votes,primary_comparisons_and_primary_evidence_tiers
vu_family__taxon_resolved_target__comparison_separate_votes,Desulfococcus,3,0,"{""decreased_in_hcc"":0,""increased_in_hcc"":3}","{""decreased_in_hcc"":{""conflicts"":0,""opposition"":3,""passes"":false,""support"":0},""increased_in_hcc"":{""conflicts"":0,""opposition"":0,""passes"":true,""support"":3}}",increased_in_hcc,retained,2,0,be83edd85173b80836df62177bba3ecc92f880b000f8df3289132f8dda567090,family; resolved target taxon; comparison-specific votes,family,resolved_target,separate_votes,primary_comparisons_and_primary_evidence_tiers
vu_family__taxon_resolved_target__comparison_separate_votes,Enterobacter,3,0,"{""decreased_in_hcc"":0,""increased_in_hcc"":3}","{""decreased_in_hcc"":{""conflicts"":0,""opposition"":3,""passes"":false,""support"":0},""increased_in_hcc"":{""conflicts"":0,""opposition"":0,""passes"":true,""support"":3}}",increased_in_hcc,retained,2,0,be83edd85173b80836df62177bba3ecc92f880b000f8df3289132f8dda567090,family; resolved target taxon; comparison-specific votes,family,resolved_target,separate_votes,primary_comparisons_and_primary_evidence_tiers
vu_family__taxon_resolved_target__comparison_separate_votes,Enterococcus,1,0,"{""decreased_in_hcc"":0,""increased_in_hcc"":1}","{""decreased_in_hcc"":{""conflicts"":0,""opposition"":1,""passes"":false,""support"":0},""increased_in_hcc"":{""conflicts"":0,""opposition"":0,""passes"":false,""support"":1}}",,not_retained,2,0,be83edd85173b80836df62177bba3ecc92f880b000f8df3289132f8dda567090,family; resolved target taxon; comparison-specific votes,family,resolved_target,separate_votes,primary_comparisons_and_primary_evidence_tiers
vu_family__taxon_resolved_target__comparison_separate_votes,Eubacterium,1,0,"{""decreased_in_hcc"":0,""increased_in_hcc"":1}","{""decreased_in_hcc"":{""conflicts"":0,""opposition"":1,""passes"":false,""support"":0},""increased_in_hcc"":{""conflicts"":0,""opposition"":0,""passes"":false,""support"":1}}",,not_retained,2,0,be83edd85173b80836df62177bba3ecc92f880b000f8df3289132f8dda567090,family; resolved target taxon; comparison-specific votes,family,resolved_target,separate_votes,primary_comparisons_and_primary_evidence_tiers
vu_family__taxon_resolved_target__comparison_separate_votes,Eubacterium ventriosum group,1,0,"{""decreased_in_hcc"":1,""increased_in_hcc"":0}","{""decreased_in_hcc"":{""conflicts"":0,""opposition"":0,""passes"":false,""support"":1},""increased_in_hcc"":{""conflicts"":0,""opposition"":1,""passes"":false,""support"":0}}",,not_retained,2,0,be83edd85173b80836df62177bba3ecc92f880b000f8df3289132f8dda567090,family; resolved target taxon; comparison-specific votes,family,resolved_target,separate_votes,primary_comparisons_and_primary_evidence_tiers
vu_family__taxon_resolved_target__comparison_separate_votes,Fusobacterium,1,0,"{""decreased_in_hcc"":1,""increased_in_hcc"":0}","{""decreased_in_hcc"":{""conflicts"":0,""opposition"":0,""passes"":false,""support"":1},""increased_in_hcc"":{""conflicts"":0,""opposition"":1,""passes"":false,""support"":0}}",,not_retained,2,0,be83edd85173b80836df62177bba3ecc92f880b000f8df3289132f8dda567090,family; resolved target taxon; comparison-specific votes,family,resolved_target,separate_votes,primary_comparisons_and_primary_evidence_tiers
vu_family__taxon_resolved_target__comparison_separate_votes,Gemmiger,1,0,"{""decreased_in_hcc"":0,""increased_in_hcc"":1}","{""decreased_in_hcc"":{""conflicts"":0,""opposition"":1,""passes"":false,""support"":0},""increased_in_hcc"":{""conflicts"":0,""opposition"":0,""passes"":false,""support"":1}}",,not_retained,2,0,be83edd85173b80836df62177bba3ecc92f880b000f8df3289132f8dda567090,family; resolved target taxon; comparison-specific votes,family,resolved_target,separate_votes,primary_comparisons_and_primary_evidence_tiers
vu_family__taxon_resolved_target__comparison_separate_votes,Haemophilus,1,0,"{""decreased_in_hcc"":0,""increased_in_hcc"":1}","{""decreased_in_hcc"":{""conflicts"":0,""opposition"":1,""passes"":false,""support"":0},""increased_in_hcc"":{""conflicts"":0,""opposition"":0,""passes"":false,""support"":1}}",,not_retained,2,0,be83edd85173b80836df62177bba3ecc92f880b000f8df3289132f8dda567090,family; resolved target taxon; comparison-specific votes,family,resolved_target,separate_votes,primary_comparisons_and_primary_evidence_tiers
vu_family__taxon_resolved_target__comparison_separate_votes,Holdemania,1,0,"{""decreased_in_hcc"":1,""increased_in_hcc"":0}","{""decreased_in_hcc"":{""conflicts"":0,""opposition"":0,""passes"":false,""support"":1},""increased_in_hcc"":{""conflicts"":0,""opposition"":1,""passes"":false,""support"":0}}",,not_retained,2,0,be83edd85173b80836df62177bba3ecc92f880b000f8df3289132f8dda567090,family; resolved target taxon; comparison-specific votes,family,resolved_target,separate_votes,primary_comparisons_and_primary_evidence_tiers
vu_family__taxon_resolved_target__comparison_separate_votes,Lachnospira,1,0,"{""decreased_in_hcc"":1,""increased_in_hcc"":0}","{""decreased_in_hcc"":{""conflicts"":0,""opposition"":0,""passes"":false,""support"":1},""increased_in_hcc"":{""conflicts"":0,""opposition"":1,""passes"":false,""support"":0}}",,not_retained,2,0,be83edd85173b80836df62177bba3ecc92f880b000f8df3289132f8dda567090,family; resolved target taxon; comparison-specific votes,family,resolved_target,separate_votes,primary_comparisons_and_primary_evidence_tiers
vu_family__taxon_resolved_target__comparison_separate_votes,Lachnospiraceae UCG-001,1,0,"{""decreased_in_hcc"":1,""increased_in_hcc"":0}","{""decreased_in_hcc"":{""conflicts"":0,""opposition"":0,""passes"":false,""support"":1},""increased_in_hcc"":{""conflicts"":0,""opposition"":1,""passes"":false,""support"":0}}",,not_retained,2,0,be83edd85173b80836df62177bba3ecc92f880b000f8df3289132f8dda567090,family; resolved target taxon; comparison-specific votes,family,resolved_target,separate_votes,primary_comparisons_and_primary_evidence_tiers
vu_family__taxon_resolved_target__comparison_separate_votes,Lactobacillus,2,0,"{""decreased_in_hcc"":0,""increased_in_hcc"":2}","{""decreased_in_hcc"":{""conflicts"":0,""opposition"":2,""passes"":false,""support"":0},""increased_in_hcc"":{""conflicts"":0,""opposition"":0,""passes"":true,""support"":2}}",increased_in_hcc,retained,2,0,be83edd85173b80836df62177bba3ecc92f880b000f8df3289132f8dda567090,family; resolved target taxon; comparison-specific votes,family,resolved_target,separate_votes,primary_comparisons_and_primary_evidence_tiers
vu_family__taxon_resolved_target__comparison_separate_votes,Lactococcus,2,0,"{""decreased_in_hcc"":0,""increased_in_hcc"":2}","{""decreased_in_hcc"":{""conflicts"":0,""opposition"":2,""passes"":false,""support"":0},""increased_in_hcc"":{""conflicts"":0,""opposition"":0,""passes"":true,""support"":2}}",increased_in_hcc,retained,2,0,be83edd85173b80836df62177bba3ecc92f880b000f8df3289132f8dda567090,family; resolved target taxon; comparison-specific votes,family,resolved_target,separate_votes,primary_comparisons_and_primary_evidence_tiers
vu_family__taxon_resolved_target__comparison_separate_votes,Leptotrichia,2,0,"{""decreased_in_hcc"":0,""increased_in_hcc"":2}","{""decreased_in_hcc"":{""conflicts"":0,""opposition"":2,""passes"":false,""support"":0},""increased_in_hcc"":{""conflicts"":0,""opposition"":0,""passes"":true,""support"":2}}",increased_in_hcc,retained,2,0,be83edd85173b80836df62177bba3ecc92f880b000f8df3289132f8dda567090,family; resolved target taxon; comparison-specific votes,family,resolved_target,separate_votes,primary_comparisons_and_primary_evidence_tiers
vu_family__taxon_resolved_target__comparison_separate_votes,Megamonas,1,0,"{""decreased_in_hcc"":1,""increased_in_hcc"":0}","{""decreased_in_hcc"":{""conflicts"":0,""opposition"":0,""passes"":false,""support"":1},""increased_in_hcc"":{""conflicts"":0,""opposition"":1,""passes"":false,""support"":0}}",,not_retained,2,0,be83edd85173b80836df62177bba3ecc92f880b000f8df3289132f8dda567090,family; resolved target taxon; comparison-specific votes,family,resolved_target,separate_votes,primary_comparisons_and_primary_evidence_tiers
vu_family__taxon_resolved_target__comparison_separate_votes,Methanobrevibacter,1,0,"{""decreased_in_hcc"":1,""increased_in_hcc"":0}","{""decreased_in_hcc"":{""conflicts"":0,""opposition"":0,""passes"":false,""support"":1},""increased_in_hcc"":{""conflicts"":0,""opposition"":1,""passes"":false,""support"":0}}",,not_retained,2,0,be83edd85173b80836df62177bba3ecc92f880b000f8df3289132f8dda567090,family; resolved target taxon; comparison-specific votes,family,resolved_target,separate_votes,primary_comparisons_and_primary_evidence_tiers
vu_family__taxon_resolved_target__comparison_separate_votes,Neisseria,1,0,"{""decreased_in_hcc"":0,""increased_in_hcc"":1}","{""decreased_in_hcc"":{""conflicts"":0,""opposition"":1,""passes"":false,""support"":0},""increased_in_hcc"":{""conflicts"":0,""opposition"":0,""passes"":false,""support"":1}}",,not_retained,2,0,be83edd85173b80836df62177bba3ecc92f880b000f8df3289132f8dda567090,family; resolved target taxon; comparison-specific votes,family,resolved_target,separate_votes,primary_comparisons_and_primary_evidence_tiers
vu_family__taxon_resolved_target__comparison_separate_votes,Odoribacter,1,0,"{""decreased_in_hcc"":1,""increased_in_hcc"":0}","{""decreased_in_hcc"":{""conflicts"":0,""opposition"":0,""passes"":false,""support"":1},""increased_in_hcc"":{""conflicts"":0,""opposition"":1,""passes"":false,""support"":0}}",,not_retained,2,0,be83edd85173b80836df62177bba3ecc92f880b000f8df3289132f8dda567090,family; resolved target taxon; comparison-specific votes,family,resolved_target,separate_votes,primary_comparisons_and_primary_evidence_tiers
vu_family__taxon_resolved_target__comparison_separate_votes,Oribacterium,1,0,"{""decreased_in_hcc"":0,""increased_in_hcc"":1}","{""decreased_in_hcc"":{""conflicts"":0,""opposition"":1,""passes"":false,""support"":0},""increased_in_hcc"":{""conflicts"":0,""opposition"":0,""passes"":false,""support"":1}}",,not_retained,2,0,be83edd85173b80836df62177bba3ecc92f880b000f8df3289132f8dda567090,family; resolved target taxon; comparison-specific votes,family,resolved_target,separate_votes,primary_comparisons_and_primary_evidence_tiers
vu_family__taxon_resolved_target__comparison_separate_votes,Paraprevotella,2,0,"{""decreased_in_hcc"":0,""increased_in_hcc"":2}","{""decreased_in_hcc"":{""conflicts"":0,""opposition"":2,""passes"":false,""support"":0},""increased_in_hcc"":{""conflicts"":0,""opposition"":0,""passes"":true,""support"":2}}",increased_in_hcc,retained,2,0,be83edd85173b80836df62177bba3ecc92f880b000f8df3289132f8dda567090,family; resolved target taxon; comparison-specific votes,family,resolved_target,separate_votes,primary_comparisons_and_primary_evidence_tiers
vu_family__taxon_resolved_target__comparison_separate_votes,Phascolarctobacterium,1,0,"{""decreased_in_hcc"":0,""increased_in_hcc"":1}","{""decreased_in_hcc"":{""conflicts"":0,""opposition"":1,""passes"":false,""support"":0},""increased_in_hcc"":{""conflicts"":0,""opposition"":0,""passes"":false,""support"":1}}",,not_retained,2,0,be83edd85173b80836df62177bba3ecc92f880b000f8df3289132f8dda567090,family; resolved target taxon; comparison-specific votes,family,resolved_target,separate_votes,primary_comparisons_and_primary_evidence_tiers
vu_family__taxon_resolved_target__comparison_separate_votes,Prevotella,4,0,"{""decreased_in_hcc"":0,""increased_in_hcc"":4}","{""decreased_in_hcc"":{""conflicts"":0,""opposition"":4,""passes"":false,""support"":0},""increased_in_hcc"":{""conflicts"":0,""opposition"":0,""passes"":true,""support"":4}}",increased_in_hcc,retained,2,0,be83edd85173b80836df62177bba3ecc92f880b000f8df3289132f8dda567090,family; resolved target taxon; comparison-specific votes,family,resolved_target,separate_votes,primary_comparisons_and_primary_evidence_tiers
vu_family__taxon_resolved_target__comparison_separate_votes,Pyramidobacter,2,0,"{""decreased_in_hcc"":2,""increased_in_hcc"":0}","{""decreased_in_hcc"":{""conflicts"":0,""opposition"":0,""passes"":true,""support"":2},""increased_in_hcc"":{""conflicts"":0,""opposition"":2,""passes"":false,""support"":0}}",decreased_in_hcc,retained,2,0,be83edd85173b80836df62177bba3ecc92f880b000f8df3289132f8dda567090,family; resolved target taxon; comparison-specific votes,family,resolved_target,separate_votes,primary_comparisons_and_primary_evidence_tiers
vu_family__taxon_resolved_target__comparison_separate_votes,Raoultella,1,0,"{""decreased_in_hcc"":1,""increased_in_hcc"":0}","{""decreased_in_hcc"":{""conflicts"":0,""opposition"":0,""passes"":false,""support"":1},""increased_in_hcc"":{""conflicts"":0,""opposition"":1,""passes"":false,""support"":0}}",,not_retained,2,0,be83edd85173b80836df62177bba3ecc92f880b000f8df3289132f8dda567090,family; resolved target taxon; comparison-specific votes,family,resolved_target,separate_votes,primary_comparisons_and_primary_evidence_tiers
vu_family__taxon_resolved_target__comparison_separate_votes,Rothia,1,0,"{""decreased_in_hcc"":0,""increased_in_hcc"":1}","{""decreased_in_hcc"":{""conflicts"":0,""opposition"":1,""passes"":false,""support"":0},""increased_in_hcc"":{""conflicts"":0,""opposition"":0,""passes"":false,""support"":1}}",,not_retained,2,0,be83edd85173b80836df62177bba3ecc92f880b000f8df3289132f8dda567090,family; resolved target taxon; comparison-specific votes,family,resolved_target,separate_votes,primary_comparisons_and_primary_evidence_tiers
vu_family__taxon_resolved_target__comparison_separate_votes,Ruminococcus 2,1,0,"{""decreased_in_hcc"":1,""increased_in_hcc"":0}","{""decreased_in_hcc"":{""conflicts"":0,""opposition"":0,""passes"":false,""support"":1},""increased_in_hcc"":{""conflicts"":0,""opposition"":1,""passes"":false,""support"":0}}",,not_retained,2,0,be83edd85173b80836df62177bba3ecc92f880b000f8df3289132f8dda567090,family; resolved target taxon; comparison-specific votes,family,resolved_target,separate_votes,primary_comparisons_and_primary_evidence_tiers
vu_family__taxon_resolved_target__comparison_separate_votes,Sarcina,1,0,"{""decreased_in_hcc"":0,""increased_in_hcc"":1}","{""decreased_in_hcc"":{""conflicts"":0,""opposition"":1,""passes"":false,""support"":0},""increased_in_hcc"":{""conflicts"":0,""opposition"":0,""passes"":false,""support"":1}}",,not_retained,2,0,be83edd85173b80836df62177bba3ecc92f880b000f8df3289132f8dda567090,family; resolved target taxon; comparison-specific votes,family,resolved_target,separate_votes,primary_comparisons_and_primary_evidence_tiers
vu_family__taxon_resolved_target__comparison_separate_votes,Selenomonas,1,0,"{""decreased_in_hcc"":0,""increased_in_hcc"":1}","{""decreased_in_hcc"":{""conflicts"":0,""opposition"":1,""passes"":false,""support"":0},""increased_in_hcc"":{""conflicts"":0,""opposition"":0,""passes"":false,""support"":1}}",,not_retained,2,0,be83edd85173b80836df62177bba3ecc92f880b000f8df3289132f8dda567090,family; resolved target taxon; comparison-specific votes,family,resolved_target,separate_votes,primary_comparisons_and_primary_evidence_tiers
vu_family__taxon_resolved_target__comparison_separate_votes,Streptococcus,1,0,"{""decreased_in_hcc"":0,""increased_in_hcc"":1}","{""decreased_in_hcc"":{""conflicts"":0,""opposition"":1,""passes"":false,""support"":0},""increased_in_hcc"":{""conflicts"":0,""opposition"":0,""passes"":false,""support"":1}}",,not_retained,2,0,be83edd85173b80836df62177bba3ecc92f880b000f8df3289132f8dda567090,family; resolved target taxon; comparison-specific votes,family,resolved_target,separate_votes,primary_comparisons_and_primary_evidence_tiers
vu_family__taxon_resolved_target__comparison_separate_votes,Turicibacter,2,0,"{""decreased_in_hcc"":2,""increased_in_hcc"":0}","{""decreased_in_hcc"":{""conflicts"":0,""opposition"":0,""passes"":true,""support"":2},""increased_in_hcc"":{""conflicts"":0,""opposition"":2,""passes"":false,""support"":0}}",decreased_in_hcc,retained,2,0,be83edd85173b80836df62177bba3ecc92f880b000f8df3289132f8dda567090,family; resolved target taxon; comparison-specific votes,family,resolved_target,separate_votes,primary_comparisons_and_primary_evidence_tiers
vu_family__taxon_resolved_target__comparison_separate_votes,Veillonella,3,0,"{""decreased_in_hcc"":0,""increased_in_hcc"":3}","{""decreased_in_hcc"":{""conflicts"":0,""opposition"":3,""passes"":false,""support"":0},""increased_in_hcc"":{""conflicts"":0,""opposition"":0,""passes"":true,""support"":3}}",increased_in_hcc,retained,2,0,be83edd85173b80836df62177bba3ecc92f880b000f8df3289132f8dda567090,family; resolved target taxon; comparison-specific votes,family,resolved_target,separate_votes,primary_comparisons_and_primary_evidence_tiers
vu_family__taxon_source_label__comparison_family_state,Acidaminococcus,1,0,"{""decreased_in_hcc"":1,""increased_in_hcc"":0}","{""decreased_in_hcc"":{""conflicts"":0,""opposition"":0,""passes"":false,""support"":1},""increased_in_hcc"":{""conflicts"":0,""opposition"":1,""passes"":false,""support"":0}}",,not_retained,2,0,be83edd85173b80836df62177bba3ecc92f880b000f8df3289132f8dda567090,family; source label; family-state collapse,family,source_label,family_state,primary_comparisons_and_primary_evidence_tiers
vu_family__taxon_source_label__comparison_family_state,Acinetobacter,1,0,"{""decreased_in_hcc"":0,""increased_in_hcc"":1}","{""decreased_in_hcc"":{""conflicts"":0,""opposition"":1,""passes"":false,""support"":0},""increased_in_hcc"":{""conflicts"":0,""opposition"":0,""passes"":false,""support"":1}}",,not_retained,2,0,be83edd85173b80836df62177bba3ecc92f880b000f8df3289132f8dda567090,family; source label; family-state collapse,family,source_label,family_state,primary_comparisons_and_primary_evidence_tiers
vu_family__taxon_source_label__comparison_family_state,Actinomyces,1,0,"{""decreased_in_hcc"":0,""increased_in_hcc"":1}","{""decreased_in_hcc"":{""conflicts"":0,""opposition"":1,""passes"":false,""support"":0},""increased_in_hcc"":{""conflicts"":0,""opposition"":0,""passes"":false,""support"":1}}",,not_retained,2,0,be83edd85173b80836df62177bba3ecc92f880b000f8df3289132f8dda567090,family; source label; family-state collapse,family,source_label,family_state,primary_comparisons_and_primary_evidence_tiers
vu_family__taxon_source_label__comparison_family_state,Alloprevotella,1,0,"{""decreased_in_hcc"":1,""increased_in_hcc"":0}","{""decreased_in_hcc"":{""conflicts"":0,""opposition"":0,""passes"":false,""support"":1},""increased_in_hcc"":{""conflicts"":0,""opposition"":1,""passes"":false,""support"":0}}",,not_retained,2,0,be83edd85173b80836df62177bba3ecc92f880b000f8df3289132f8dda567090,family; source label; family-state collapse,family,source_label,family_state,primary_comparisons_and_primary_evidence_tiers
vu_family__taxon_source_label__comparison_family_state,Anaerostipes,1,0,"{""decreased_in_hcc"":1,""increased_in_hcc"":0}","{""decreased_in_hcc"":{""conflicts"":0,""opposition"":0,""passes"":false,""support"":1},""increased_in_hcc"":{""conflicts"":0,""opposition"":1,""passes"":false,""support"":0}}",,not_retained,2,0,be83edd85173b80836df62177bba3ecc92f880b000f8df3289132f8dda567090,family; source label; family-state collapse,family,source_label,family_state,primary_comparisons_and_primary_evidence_tiers
vu_family__taxon_source_label__comparison_family_state,Anaerotruncus,2,0,"{""decreased_in_hcc"":1,""increased_in_hcc"":1}","{""decreased_in_hcc"":{""conflicts"":0,""opposition"":1,""passes"":false,""support"":1},""increased_in_hcc"":{""conflicts"":0,""opposition"":1,""passes"":false,""support"":1}}",,not_retained,2,0,be83edd85173b80836df62177bba3ecc92f880b000f8df3289132f8dda567090,family; source label; family-state collapse,family,source_label,family_state,primary_comparisons_and_primary_evidence_tiers
vu_family__taxon_source_label__comparison_family_state,Atopobium,1,0,"{""decreased_in_hcc"":0,""increased_in_hcc"":1}","{""decreased_in_hcc"":{""conflicts"":0,""opposition"":1,""passes"":false,""support"":0},""increased_in_hcc"":{""conflicts"":0,""opposition"":0,""passes"":false,""support"":1}}",,not_retained,2,0,be83edd85173b80836df62177bba3ecc92f880b000f8df3289132f8dda567090,family; source label; family-state collapse,family,source_label,family_state,primary_comparisons_and_primary_evidence_tiers
vu_family__taxon_source_label__comparison_family_state,Blautia,2,0,"{""decreased_in_hcc"":0,""increased_in_hcc"":2}","{""decreased_in_hcc"":{""conflicts"":0,""opposition"":2,""passes"":false,""support"":0},""increased_in_hcc"":{""conflicts"":0,""opposition"":0,""passes"":true,""support"":2}}",increased_in_hcc,retained,2,0,be83edd85173b80836df62177bba3ecc92f880b000f8df3289132f8dda567090,family; source label; family-state collapse,family,source_label,family_state,primary_comparisons_and_primary_evidence_tiers
vu_family__taxon_source_label__comparison_family_state,Butyricimonas,1,0,"{""decreased_in_hcc"":1,""increased_in_hcc"":0}","{""decreased_in_hcc"":{""conflicts"":0,""opposition"":0,""passes"":false,""support"":1},""increased_in_hcc"":{""conflicts"":0,""opposition"":1,""passes"":false,""support"":0}}",,not_retained,2,0,be83edd85173b80836df62177bba3ecc92f880b000f8df3289132f8dda567090,family; source label; family-state collapse,family,source_label,family_state,primary_comparisons_and_primary_evidence_tiers
vu_family__taxon_source_label__comparison_family_state,Cetobacterium,1,0,"{""decreased_in_hcc"":1,""increased_in_hcc"":0}","{""decreased_in_hcc"":{""conflicts"":0,""opposition"":0,""passes"":false,""support"":1},""increased_in_hcc"":{""conflicts"":0,""opposition"":1,""passes"":false,""support"":0}}",,not_retained,2,0,be83edd85173b80836df62177bba3ecc92f880b000f8df3289132f8dda567090,family; source label; family-state collapse,family,source_label,family_state,primary_comparisons_and_primary_evidence_tiers
vu_family__taxon_source_label__comparison_family_state,Cloacibacillus,1,0,"{""decreased_in_hcc"":1,""increased_in_hcc"":0}","{""decreased_in_hcc"":{""conflicts"":0,""opposition"":0,""passes"":false,""support"":1},""increased_in_hcc"":{""conflicts"":0,""opposition"":1,""passes"":false,""support"":0}}",,not_retained,2,0,be83edd85173b80836df62177bba3ecc92f880b000f8df3289132f8dda567090,family; source label; family-state collapse,family,source_label,family_state,primary_comparisons_and_primary_evidence_tiers
vu_family__taxon_source_label__comparison_family_state,Clostridium XIVa,1,0,"{""decreased_in_hcc"":1,""increased_in_hcc"":0}","{""decreased_in_hcc"":{""conflicts"":0,""opposition"":0,""passes"":false,""support"":1},""increased_in_hcc"":{""conflicts"":0,""opposition"":1,""passes"":false,""support"":0}}",,not_retained,2,0,be83edd85173b80836df62177bba3ecc92f880b000f8df3289132f8dda567090,family; source label; family-state collapse,family,source_label,family_state,primary_comparisons_and_primary_evidence_tiers
vu_family__taxon_source_label__comparison_family_state,Coprobacillus,1,0,"{""decreased_in_hcc"":1,""increased_in_hcc"":0}","{""decreased_in_hcc"":{""conflicts"":0,""opposition"":0,""passes"":false,""support"":1},""increased_in_hcc"":{""conflicts"":0,""opposition"":1,""passes"":false,""support"":0}}",,not_retained,2,0,be83edd85173b80836df62177bba3ecc92f880b000f8df3289132f8dda567090,family; source label; family-state collapse,family,source_label,family_state,primary_comparisons_and_primary_evidence_tiers
vu_family__taxon_source_label__comparison_family_state,Desulfococcus,1,0,"{""decreased_in_hcc"":0,""increased_in_hcc"":1}","{""decreased_in_hcc"":{""conflicts"":0,""opposition"":1,""passes"":false,""support"":0},""increased_in_hcc"":{""conflicts"":0,""opposition"":0,""passes"":false,""support"":1}}",,not_retained,2,0,be83edd85173b80836df62177bba3ecc92f880b000f8df3289132f8dda567090,family; source label; family-state collapse,family,source_label,family_state,primary_comparisons_and_primary_evidence_tiers
vu_family__taxon_source_label__comparison_family_state,Enterobacter,1,0,"{""decreased_in_hcc"":0,""increased_in_hcc"":1}","{""decreased_in_hcc"":{""conflicts"":0,""opposition"":1,""passes"":false,""support"":0},""increased_in_hcc"":{""conflicts"":0,""opposition"":0,""passes"":false,""support"":1}}",,not_retained,2,0,be83edd85173b80836df62177bba3ecc92f880b000f8df3289132f8dda567090,family; source label; family-state collapse,family,source_label,family_state,primary_comparisons_and_primary_evidence_tiers
vu_family__taxon_source_label__comparison_family_state,Enterococcus,1,0,"{""decreased_in_hcc"":0,""increased_in_hcc"":1}","{""decreased_in_hcc"":{""conflicts"":0,""opposition"":1,""passes"":false,""support"":0},""increased_in_hcc"":{""conflicts"":0,""opposition"":0,""passes"":false,""support"":1}}",,not_retained,2,0,be83edd85173b80836df62177bba3ecc92f880b000f8df3289132f8dda567090,family; source label; family-state collapse,family,source_label,family_state,primary_comparisons_and_primary_evidence_tiers
vu_family__taxon_source_label__comparison_family_state,Eubacterium,1,0,"{""decreased_in_hcc"":0,""increased_in_hcc"":1}","{""decreased_in_hcc"":{""conflicts"":0,""opposition"":1,""passes"":false,""support"":0},""increased_in_hcc"":{""conflicts"":0,""opposition"":0,""passes"":false,""support"":1}}",,not_retained,2,0,be83edd85173b80836df62177bba3ecc92f880b000f8df3289132f8dda567090,family; source label; family-state collapse,family,source_label,family_state,primary_comparisons_and_primary_evidence_tiers
vu_family__taxon_source_label__comparison_family_state,Eubacterium ventriosum group,1,0,"{""decreased_in_hcc"":1,""increased_in_hcc"":0}","{""decreased_in_hcc"":{""conflicts"":0,""opposition"":0,""passes"":false,""support"":1},""increased_in_hcc"":{""conflicts"":0,""opposition"":1,""passes"":false,""support"":0}}",,not_retained,2,0,be83edd85173b80836df62177bba3ecc92f880b000f8df3289132f8dda567090,family; source label; family-state collapse,family,source_label,family_state,primary_comparisons_and_primary_evidence_tiers
vu_family__taxon_source_label__comparison_family_state,Fusobacterium,1,0,"{""decreased_in_hcc"":1,""increased_in_hcc"":0}","{""decreased_in_hcc"":{""conflicts"":0,""opposition"":0,""passes"":false,""support"":1},""increased_in_hcc"":{""conflicts"":0,""opposition"":1,""passes"":false,""support"":0}}",,not_retained,2,0,be83edd85173b80836df62177bba3ecc92f880b000f8df3289132f8dda567090,family; source label; family-state collapse,family,source_label,family_state,primary_comparisons_and_primary_evidence_tiers
vu_family__taxon_source_label__comparison_family_state,Gemmiger,1,0,"{""decreased_in_hcc"":0,""increased_in_hcc"":1}","{""decreased_in_hcc"":{""conflicts"":0,""opposition"":1,""passes"":false,""support"":0},""increased_in_hcc"":{""conflicts"":0,""opposition"":0,""passes"":false,""support"":1}}",,not_retained,2,0,be83edd85173b80836df62177bba3ecc92f880b000f8df3289132f8dda567090,family; source label; family-state collapse,family,source_label,family_state,primary_comparisons_and_primary_evidence_tiers
vu_family__taxon_source_label__comparison_family_state,Haemophilus,1,0,"{""decreased_in_hcc"":0,""increased_in_hcc"":1}","{""decreased_in_hcc"":{""conflicts"":0,""opposition"":1,""passes"":false,""support"":0},""increased_in_hcc"":{""conflicts"":0,""opposition"":0,""passes"":false,""support"":1}}",,not_retained,2,0,be83edd85173b80836df62177bba3ecc92f880b000f8df3289132f8dda567090,family; source label; family-state collapse,family,source_label,family_state,primary_comparisons_and_primary_evidence_tiers
vu_family__taxon_source_label__comparison_family_state,Holdemania,1,0,"{""decreased_in_hcc"":1,""increased_in_hcc"":0}","{""decreased_in_hcc"":{""conflicts"":0,""opposition"":0,""passes"":false,""support"":1},""increased_in_hcc"":{""conflicts"":0,""opposition"":1,""passes"":false,""support"":0}}",,not_retained,2,0,be83edd85173b80836df62177bba3ecc92f880b000f8df3289132f8dda567090,family; source label; family-state collapse,family,source_label,family_state,primary_comparisons_and_primary_evidence_tiers
vu_family__taxon_source_label__comparison_family_state,Lachnospira,1,0,"{""decreased_in_hcc"":1,""increased_in_hcc"":0}","{""decreased_in_hcc"":{""conflicts"":0,""opposition"":0,""passes"":false,""support"":1},""increased_in_hcc"":{""conflicts"":0,""opposition"":1,""passes"":false,""support"":0}}",,not_retained,2,0,be83edd85173b80836df62177bba3ecc92f880b000f8df3289132f8dda567090,family; source label; family-state collapse,family,source_label,family_state,primary_comparisons_and_primary_evidence_tiers
vu_family__taxon_source_label__comparison_family_state,Lachnospiraceae UCG-001,1,0,"{""decreased_in_hcc"":1,""increased_in_hcc"":0}","{""decreased_in_hcc"":{""conflicts"":0,""opposition"":0,""passes"":false,""support"":1},""increased_in_hcc"":{""conflicts"":0,""opposition"":1,""passes"":false,""support"":0}}",,not_retained,2,0,be83edd85173b80836df62177bba3ecc92f880b000f8df3289132f8dda567090,family; source label; family-state collapse,family,source_label,family_state,primary_comparisons_and_primary_evidence_tiers
vu_family__taxon_source_label__comparison_family_state,Lactobacillus,1,0,"{""decreased_in_hcc"":0,""increased_in_hcc"":1}","{""decreased_in_hcc"":{""conflicts"":0,""opposition"":1,""passes"":false,""support"":0},""increased_in_hcc"":{""conflicts"":0,""opposition"":0,""passes"":false,""support"":1}}",,not_retained,2,0,be83edd85173b80836df62177bba3ecc92f880b000f8df3289132f8dda567090,family; source label; family-state collapse,family,source_label,family_state,primary_comparisons_and_primary_evidence_tiers
vu_family__taxon_source_label__comparison_family_state,Lactococcus,1,0,"{""decreased_in_hcc"":0,""increased_in_hcc"":1}","{""decreased_in_hcc"":{""conflicts"":0,""opposition"":1,""passes"":false,""support"":0},""increased_in_hcc"":{""conflicts"":0,""opposition"":0,""passes"":false,""support"":1}}",,not_retained,2,0,be83edd85173b80836df62177bba3ecc92f880b000f8df3289132f8dda567090,family; source label; family-state collapse,family,source_label,family_state,primary_comparisons_and_primary_evidence_tiers
vu_family__taxon_source_label__comparison_family_state,Leptotrichia,1,0,"{""decreased_in_hcc"":0,""increased_in_hcc"":1}","{""decreased_in_hcc"":{""conflicts"":0,""opposition"":1,""passes"":false,""support"":0},""increased_in_hcc"":{""conflicts"":0,""opposition"":0,""passes"":false,""support"":1}}",,not_retained,2,0,be83edd85173b80836df62177bba3ecc92f880b000f8df3289132f8dda567090,family; source label; family-state collapse,family,source_label,family_state,primary_comparisons_and_primary_evidence_tiers
vu_family__taxon_source_label__comparison_family_state,Megamonas,1,0,"{""decreased_in_hcc"":1,""increased_in_hcc"":0}","{""decreased_in_hcc"":{""conflicts"":0,""opposition"":0,""passes"":false,""support"":1},""increased_in_hcc"":{""conflicts"":0,""opposition"":1,""passes"":false,""support"":0}}",,not_retained,2,0,be83edd85173b80836df62177bba3ecc92f880b000f8df3289132f8dda567090,family; source label; family-state collapse,family,source_label,family_state,primary_comparisons_and_primary_evidence_tiers
vu_family__taxon_source_label__comparison_family_state,Methanobrevibacter,1,0,"{""decreased_in_hcc"":1,""increased_in_hcc"":0}","{""decreased_in_hcc"":{""conflicts"":0,""opposition"":0,""passes"":false,""support"":1},""increased_in_hcc"":{""conflicts"":0,""opposition"":1,""passes"":false,""support"":0}}",,not_retained,2,0,be83edd85173b80836df62177bba3ecc92f880b000f8df3289132f8dda567090,family; source label; family-state collapse,family,source_label,family_state,primary_comparisons_and_primary_evidence_tiers
vu_family__taxon_source_label__comparison_family_state,Neisseria,1,0,"{""decreased_in_hcc"":0,""increased_in_hcc"":1}","{""decreased_in_hcc"":{""conflicts"":0,""opposition"":1,""passes"":false,""support"":0},""increased_in_hcc"":{""conflicts"":0,""opposition"":0,""passes"":false,""support"":1}}",,not_retained,2,0,be83edd85173b80836df62177bba3ecc92f880b000f8df3289132f8dda567090,family; source label; family-state collapse,family,source_label,family_state,primary_comparisons_and_primary_evidence_tiers
vu_family__taxon_source_label__comparison_family_state,Odoribacter,1,0,"{""decreased_in_hcc"":1,""increased_in_hcc"":0}","{""decreased_in_hcc"":{""conflicts"":0,""opposition"":0,""passes"":false,""support"":1},""increased_in_hcc"":{""conflicts"":0,""opposition"":1,""passes"":false,""support"":0}}",,not_retained,2,0,be83edd85173b80836df62177bba3ecc92f880b000f8df3289132f8dda567090,family; source label; family-state collapse,family,source_label,family_state,primary_comparisons_and_primary_evidence_tiers
vu_family__taxon_source_label__comparison_family_state,Oribacterium,1,0,"{""decreased_in_hcc"":0,""increased_in_hcc"":1}","{""decreased_in_hcc"":{""conflicts"":0,""opposition"":1,""passes"":false,""support"":0},""increased_in_hcc"":{""conflicts"":0,""opposition"":0,""passes"":false,""support"":1}}",,not_retained,2,0,be83edd85173b80836df62177bba3ecc92f880b000f8df3289132f8dda567090,family; source label; family-state collapse,family,source_label,family_state,primary_comparisons_and_primary_evidence_tiers
vu_family__taxon_source_label__comparison_family_state,Paraprevotella,1,0,"{""decreased_in_hcc"":0,""increased_in_hcc"":1}","{""decreased_in_hcc"":{""conflicts"":0,""opposition"":1,""passes"":false,""support"":0},""increased_in_hcc"":{""conflicts"":0,""opposition"":0,""passes"":false,""support"":1}}",,not_retained,2,0,be83edd85173b80836df62177bba3ecc92f880b000f8df3289132f8dda567090,family; source label; family-state collapse,family,source_label,family_state,primary_comparisons_and_primary_evidence_tiers
vu_family__taxon_source_label__comparison_family_state,Phascolarctobacterium,1,0,"{""decreased_in_hcc"":0,""increased_in_hcc"":1}","{""decreased_in_hcc"":{""conflicts"":0,""opposition"":1,""passes"":false,""support"":0},""increased_in_hcc"":{""conflicts"":0,""opposition"":0,""passes"":false,""support"":1}}",,not_retained,2,0,be83edd85173b80836df62177bba3ecc92f880b000f8df3289132f8dda567090,family; source label; family-state collapse,family,source_label,family_state,primary_comparisons_and_primary_evidence_tiers
vu_family__taxon_source_label__comparison_family_state,Prevotella,2,0,"{""decreased_in_hcc"":0,""increased_in_hcc"":2}","{""decreased_in_hcc"":{""conflicts"":0,""opposition"":2,""passes"":false,""support"":0},""increased_in_hcc"":{""conflicts"":0,""opposition"":0,""passes"":true,""support"":2}}",increased_in_hcc,retained,2,0,be83edd85173b80836df62177bba3ecc92f880b000f8df3289132f8dda567090,family; source label; family-state collapse,family,source_label,family_state,primary_comparisons_and_primary_evidence_tiers
vu_family__taxon_source_label__comparison_family_state,Pyramidobacter,1,0,"{""decreased_in_hcc"":1,""increased_in_hcc"":0}","{""decreased_in_hcc"":{""conflicts"":0,""opposition"":0,""passes"":false,""support"":1},""increased_in_hcc"":{""conflicts"":0,""opposition"":1,""passes"":false,""support"":0}}",,not_retained,2,0,be83edd85173b80836df62177bba3ecc92f880b000f8df3289132f8dda567090,family; source label; family-state collapse,family,source_label,family_state,primary_comparisons_and_primary_evidence_tiers
vu_family__taxon_source_label__comparison_family_state,Raoultella,1,0,"{""decreased_in_hcc"":1,""increased_in_hcc"":0}","{""decreased_in_hcc"":{""conflicts"":0,""opposition"":0,""passes"":false,""support"":1},""increased_in_hcc"":{""conflicts"":0,""opposition"":1,""passes"":false,""support"":0}}",,not_retained,2,0,be83edd85173b80836df62177bba3ecc92f880b000f8df3289132f8dda567090,family; source label; family-state collapse,family,source_label,family_state,primary_comparisons_and_primary_evidence_tiers
vu_family__taxon_source_label__comparison_family_state,Rothia,1,0,"{""decreased_in_hcc"":0,""increased_in_hcc"":1}","{""decreased_in_hcc"":{""conflicts"":0,""opposition"":1,""passes"":false,""support"":0},""increased_in_hcc"":{""conflicts"":0,""opposition"":0,""passes"":false,""support"":1}}",,not_retained,2,0,be83edd85173b80836df62177bba3ecc92f880b000f8df3289132f8dda567090,family; source label; family-state collapse,family,source_label,family_state,primary_comparisons_and_primary_evidence_tiers
vu_family__taxon_source_label__comparison_family_state,Ruminococcus 2,1,0,"{""decreased_in_hcc"":1,""increased_in_hcc"":0}","{""decreased_in_hcc"":{""conflicts"":0,""opposition"":0,""passes"":false,""support"":1},""increased_in_hcc"":{""conflicts"":0,""opposition"":1,""passes"":false,""support"":0}}",,not_retained,2,0,be83edd85173b80836df62177bba3ecc92f880b000f8df3289132f8dda567090,family; source label; family-state collapse,family,source_label,family_state,primary_comparisons_and_primary_evidence_tiers
vu_family__taxon_source_label__comparison_family_state,Sarcina,1,0,"{""decreased_in_hcc"":0,""increased_in_hcc"":1}","{""decreased_in_hcc"":{""conflicts"":0,""opposition"":1,""passes"":false,""support"":0},""increased_in_hcc"":{""conflicts"":0,""opposition"":0,""passes"":false,""support"":1}}",,not_retained,2,0,be83edd85173b80836df62177bba3ecc92f880b000f8df3289132f8dda567090,family; source label; family-state collapse,family,source_label,family_state,primary_comparisons_and_primary_evidence_tiers
vu_family__taxon_source_label__comparison_family_state,Selenomonas,1,0,"{""decreased_in_hcc"":0,""increased_in_hcc"":1}","{""decreased_in_hcc"":{""conflicts"":0,""opposition"":1,""passes"":false,""support"":0},""increased_in_hcc"":{""conflicts"":0,""opposition"":0,""passes"":false,""support"":1}}",,not_retained,2,0,be83edd85173b80836df62177bba3ecc92f880b000f8df3289132f8dda567090,family; source label; family-state collapse,family,source_label,family_state,primary_comparisons_and_primary_evidence_tiers
vu_family__taxon_source_label__comparison_family_state,Streptococcus,1,0,"{""decreased_in_hcc"":0,""increased_in_hcc"":1}","{""decreased_in_hcc"":{""conflicts"":0,""opposition"":1,""passes"":false,""support"":0},""increased_in_hcc"":{""conflicts"":0,""opposition"":0,""passes"":false,""support"":1}}",,not_retained,2,0,be83edd85173b80836df62177bba3ecc92f880b000f8df3289132f8dda567090,family; source label; family-state collapse,family,source_label,family_state,primary_comparisons_and_primary_evidence_tiers
vu_family__taxon_source_label__comparison_family_state,Turicibacter,1,0,"{""decreased_in_hcc"":1,""increased_in_hcc"":0}","{""decreased_in_hcc"":{""conflicts"":0,""opposition"":0,""passes"":false,""support"":1},""increased_in_hcc"":{""conflicts"":0,""opposition"":1,""passes"":false,""support"":0}}",,not_retained,2,0,be83edd85173b80836df62177bba3ecc92f880b000f8df3289132f8dda567090,family; source label; family-state collapse,family,source_label,family_state,primary_comparisons_and_primary_evidence_tiers
vu_family__taxon_source_label__comparison_family_state,Veillonella,1,0,"{""decreased_in_hcc"":0,""increased_in_hcc"":1}","{""decreased_in_hcc"":{""conflicts"":0,""opposition"":1,""passes"":false,""support"":0},""increased_in_hcc"":{""conflicts"":0,""opposition"":0,""passes"":false,""support"":1}}",,not_retained,2,0,be83edd85173b80836df62177bba3ecc92f880b000f8df3289132f8dda567090,family; source label; family-state collapse,family,source_label,family_state,primary_comparisons_and_primary_evidence_tiers
vu_family__taxon_source_label__comparison_ignore,Acidaminococcus,1,0,"{""decreased_in_hcc"":1,""increased_in_hcc"":0}","{""decreased_in_hcc"":{""conflicts"":0,""opposition"":0,""passes"":false,""support"":1},""increased_in_hcc"":{""conflicts"":0,""opposition"":1,""passes"":false,""support"":0}}",,not_retained,2,0,be83edd85173b80836df62177bba3ecc92f880b000f8df3289132f8dda567090,family; source label; comparisons ignored,family,source_label,ignore,primary_comparisons_and_primary_evidence_tiers
vu_family__taxon_source_label__comparison_ignore,Acinetobacter,1,0,"{""decreased_in_hcc"":0,""increased_in_hcc"":1}","{""decreased_in_hcc"":{""conflicts"":0,""opposition"":1,""passes"":false,""support"":0},""increased_in_hcc"":{""conflicts"":0,""opposition"":0,""passes"":false,""support"":1}}",,not_retained,2,0,be83edd85173b80836df62177bba3ecc92f880b000f8df3289132f8dda567090,family; source label; comparisons ignored,family,source_label,ignore,primary_comparisons_and_primary_evidence_tiers
vu_family__taxon_source_label__comparison_ignore,Actinomyces,1,0,"{""decreased_in_hcc"":0,""increased_in_hcc"":1}","{""decreased_in_hcc"":{""conflicts"":0,""opposition"":1,""passes"":false,""support"":0},""increased_in_hcc"":{""conflicts"":0,""opposition"":0,""passes"":false,""support"":1}}",,not_retained,2,0,be83edd85173b80836df62177bba3ecc92f880b000f8df3289132f8dda567090,family; source label; comparisons ignored,family,source_label,ignore,primary_comparisons_and_primary_evidence_tiers
vu_family__taxon_source_label__comparison_ignore,Alloprevotella,1,0,"{""decreased_in_hcc"":1,""increased_in_hcc"":0}","{""decreased_in_hcc"":{""conflicts"":0,""opposition"":0,""passes"":false,""support"":1},""increased_in_hcc"":{""conflicts"":0,""opposition"":1,""passes"":false,""support"":0}}",,not_retained,2,0,be83edd85173b80836df62177bba3ecc92f880b000f8df3289132f8dda567090,family; source label; comparisons ignored,family,source_label,ignore,primary_comparisons_and_primary_evidence_tiers
vu_family__taxon_source_label__comparison_ignore,Anaerostipes,1,0,"{""decreased_in_hcc"":1,""increased_in_hcc"":0}","{""decreased_in_hcc"":{""conflicts"":0,""opposition"":0,""passes"":false,""support"":1},""increased_in_hcc"":{""conflicts"":0,""opposition"":1,""passes"":false,""support"":0}}",,not_retained,2,0,be83edd85173b80836df62177bba3ecc92f880b000f8df3289132f8dda567090,family; source label; comparisons ignored,family,source_label,ignore,primary_comparisons_and_primary_evidence_tiers
vu_family__taxon_source_label__comparison_ignore,Anaerotruncus,2,0,"{""decreased_in_hcc"":1,""increased_in_hcc"":1}","{""decreased_in_hcc"":{""conflicts"":0,""opposition"":1,""passes"":false,""support"":1},""increased_in_hcc"":{""conflicts"":0,""opposition"":1,""passes"":false,""support"":1}}",,not_retained,2,0,be83edd85173b80836df62177bba3ecc92f880b000f8df3289132f8dda567090,family; source label; comparisons ignored,family,source_label,ignore,primary_comparisons_and_primary_evidence_tiers
vu_family__taxon_source_label__comparison_ignore,Atopobium,1,0,"{""decreased_in_hcc"":0,""increased_in_hcc"":1}","{""decreased_in_hcc"":{""conflicts"":0,""opposition"":1,""passes"":false,""support"":0},""increased_in_hcc"":{""conflicts"":0,""opposition"":0,""passes"":false,""support"":1}}",,not_retained,2,0,be83edd85173b80836df62177bba3ecc92f880b000f8df3289132f8dda567090,family; source label; comparisons ignored,family,source_label,ignore,primary_comparisons_and_primary_evidence_tiers
vu_family__taxon_source_label__comparison_ignore,Blautia,2,0,"{""decreased_in_hcc"":0,""increased_in_hcc"":2}","{""decreased_in_hcc"":{""conflicts"":0,""opposition"":2,""passes"":false,""support"":0},""increased_in_hcc"":{""conflicts"":0,""opposition"":0,""passes"":true,""support"":2}}",increased_in_hcc,retained,2,0,be83edd85173b80836df62177bba3ecc92f880b000f8df3289132f8dda567090,family; source label; comparisons ignored,family,source_label,ignore,primary_comparisons_and_primary_evidence_tiers
vu_family__taxon_source_label__comparison_ignore,Butyricimonas,1,0,"{""decreased_in_hcc"":1,""increased_in_hcc"":0}","{""decreased_in_hcc"":{""conflicts"":0,""opposition"":0,""passes"":false,""support"":1},""increased_in_hcc"":{""conflicts"":0,""opposition"":1,""passes"":false,""support"":0}}",,not_retained,2,0,be83edd85173b80836df62177bba3ecc92f880b000f8df3289132f8dda567090,family; source label; comparisons ignored,family,source_label,ignore,primary_comparisons_and_primary_evidence_tiers
vu_family__taxon_source_label__comparison_ignore,Cetobacterium,1,0,"{""decreased_in_hcc"":1,""increased_in_hcc"":0}","{""decreased_in_hcc"":{""conflicts"":0,""opposition"":0,""passes"":false,""support"":1},""increased_in_hcc"":{""conflicts"":0,""opposition"":1,""passes"":false,""support"":0}}",,not_retained,2,0,be83edd85173b80836df62177bba3ecc92f880b000f8df3289132f8dda567090,family; source label; comparisons ignored,family,source_label,ignore,primary_comparisons_and_primary_evidence_tiers
vu_family__taxon_source_label__comparison_ignore,Cloacibacillus,1,0,"{""decreased_in_hcc"":1,""increased_in_hcc"":0}","{""decreased_in_hcc"":{""conflicts"":0,""opposition"":0,""passes"":false,""support"":1},""increased_in_hcc"":{""conflicts"":0,""opposition"":1,""passes"":false,""support"":0}}",,not_retained,2,0,be83edd85173b80836df62177bba3ecc92f880b000f8df3289132f8dda567090,family; source label; comparisons ignored,family,source_label,ignore,primary_comparisons_and_primary_evidence_tiers
vu_family__taxon_source_label__comparison_ignore,Clostridium XIVa,1,0,"{""decreased_in_hcc"":1,""increased_in_hcc"":0}","{""decreased_in_hcc"":{""conflicts"":0,""opposition"":0,""passes"":false,""support"":1},""increased_in_hcc"":{""conflicts"":0,""opposition"":1,""passes"":false,""support"":0}}",,not_retained,2,0,be83edd85173b80836df62177bba3ecc92f880b000f8df3289132f8dda567090,family; source label; comparisons ignored,family,source_label,ignore,primary_comparisons_and_primary_evidence_tiers
vu_family__taxon_source_label__comparison_ignore,Coprobacillus,1,0,"{""decreased_in_hcc"":1,""increased_in_hcc"":0}","{""decreased_in_hcc"":{""conflicts"":0,""opposition"":0,""passes"":false,""support"":1},""increased_in_hcc"":{""conflicts"":0,""opposition"":1,""passes"":false,""support"":0}}",,not_retained,2,0,be83edd85173b80836df62177bba3ecc92f880b000f8df3289132f8dda567090,family; source label; comparisons ignored,family,source_label,ignore,primary_comparisons_and_primary_evidence_tiers
vu_family__taxon_source_label__comparison_ignore,Desulfococcus,1,0,"{""decreased_in_hcc"":0,""increased_in_hcc"":1}","{""decreased_in_hcc"":{""conflicts"":0,""opposition"":1,""passes"":false,""support"":0},""increased_in_hcc"":{""conflicts"":0,""opposition"":0,""passes"":false,""support"":1}}",,not_retained,2,0,be83edd85173b80836df62177bba3ecc92f880b000f8df3289132f8dda567090,family; source label; comparisons ignored,family,source_label,ignore,primary_comparisons_and_primary_evidence_tiers
vu_family__taxon_source_label__comparison_ignore,Enterobacter,1,0,"{""decreased_in_hcc"":0,""increased_in_hcc"":1}","{""decreased_in_hcc"":{""conflicts"":0,""opposition"":1,""passes"":false,""support"":0},""increased_in_hcc"":{""conflicts"":0,""opposition"":0,""passes"":false,""support"":1}}",,not_retained,2,0,be83edd85173b80836df62177bba3ecc92f880b000f8df3289132f8dda567090,family; source label; comparisons ignored,family,source_label,ignore,primary_comparisons_and_primary_evidence_tiers
vu_family__taxon_source_label__comparison_ignore,Enterococcus,1,0,"{""decreased_in_hcc"":0,""increased_in_hcc"":1}","{""decreased_in_hcc"":{""conflicts"":0,""opposition"":1,""passes"":false,""support"":0},""increased_in_hcc"":{""conflicts"":0,""opposition"":0,""passes"":false,""support"":1}}",,not_retained,2,0,be83edd85173b80836df62177bba3ecc92f880b000f8df3289132f8dda567090,family; source label; comparisons ignored,family,source_label,ignore,primary_comparisons_and_primary_evidence_tiers
vu_family__taxon_source_label__comparison_ignore,Eubacterium,1,0,"{""decreased_in_hcc"":0,""increased_in_hcc"":1}","{""decreased_in_hcc"":{""conflicts"":0,""opposition"":1,""passes"":false,""support"":0},""increased_in_hcc"":{""conflicts"":0,""opposition"":0,""passes"":false,""support"":1}}",,not_retained,2,0,be83edd85173b80836df62177bba3ecc92f880b000f8df3289132f8dda567090,family; source label; comparisons ignored,family,source_label,ignore,primary_comparisons_and_primary_evidence_tiers
vu_family__taxon_source_label__comparison_ignore,Eubacterium ventriosum group,1,0,"{""decreased_in_hcc"":1,""increased_in_hcc"":0}","{""decreased_in_hcc"":{""conflicts"":0,""opposition"":0,""passes"":false,""support"":1},""increased_in_hcc"":{""conflicts"":0,""opposition"":1,""passes"":false,""support"":0}}",,not_retained,2,0,be83edd85173b80836df62177bba3ecc92f880b000f8df3289132f8dda567090,family; source label; comparisons ignored,family,source_label,ignore,primary_comparisons_and_primary_evidence_tiers
vu_family__taxon_source_label__comparison_ignore,Fusobacterium,1,0,"{""decreased_in_hcc"":1,""increased_in_hcc"":0}","{""decreased_in_hcc"":{""conflicts"":0,""opposition"":0,""passes"":false,""support"":1},""increased_in_hcc"":{""conflicts"":0,""opposition"":1,""passes"":false,""support"":0}}",,not_retained,2,0,be83edd85173b80836df62177bba3ecc92f880b000f8df3289132f8dda567090,family; source label; comparisons ignored,family,source_label,ignore,primary_comparisons_and_primary_evidence_tiers
vu_family__taxon_source_label__comparison_ignore,Gemmiger,1,0,"{""decreased_in_hcc"":0,""increased_in_hcc"":1}","{""decreased_in_hcc"":{""conflicts"":0,""opposition"":1,""passes"":false,""support"":0},""increased_in_hcc"":{""conflicts"":0,""opposition"":0,""passes"":false,""support"":1}}",,not_retained,2,0,be83edd85173b80836df62177bba3ecc92f880b000f8df3289132f8dda567090,family; source label; comparisons ignored,family,source_label,ignore,primary_comparisons_and_primary_evidence_tiers
vu_family__taxon_source_label__comparison_ignore,Haemophilus,1,0,"{""decreased_in_hcc"":0,""increased_in_hcc"":1}","{""decreased_in_hcc"":{""conflicts"":0,""opposition"":1,""passes"":false,""support"":0},""increased_in_hcc"":{""conflicts"":0,""opposition"":0,""passes"":false,""support"":1}}",,not_retained,2,0,be83edd85173b80836df62177bba3ecc92f880b000f8df3289132f8dda567090,family; source label; comparisons ignored,family,source_label,ignore,primary_comparisons_and_primary_evidence_tiers
vu_family__taxon_source_label__comparison_ignore,Holdemania,1,0,"{""decreased_in_hcc"":1,""increased_in_hcc"":0}","{""decreased_in_hcc"":{""conflicts"":0,""opposition"":0,""passes"":false,""support"":1},""increased_in_hcc"":{""conflicts"":0,""opposition"":1,""passes"":false,""support"":0}}",,not_retained,2,0,be83edd85173b80836df62177bba3ecc92f880b000f8df3289132f8dda567090,family; source label; comparisons ignored,family,source_label,ignore,primary_comparisons_and_primary_evidence_tiers
vu_family__taxon_source_label__comparison_ignore,Lachnospira,1,0,"{""decreased_in_hcc"":1,""increased_in_hcc"":0}","{""decreased_in_hcc"":{""conflicts"":0,""opposition"":0,""passes"":false,""support"":1},""increased_in_hcc"":{""conflicts"":0,""opposition"":1,""passes"":false,""support"":0}}",,not_retained,2,0,be83edd85173b80836df62177bba3ecc92f880b000f8df3289132f8dda567090,family; source label; comparisons ignored,family,source_label,ignore,primary_comparisons_and_primary_evidence_tiers
vu_family__taxon_source_label__comparison_ignore,Lachnospiraceae UCG-001,1,0,"{""decreased_in_hcc"":1,""increased_in_hcc"":0}","{""decreased_in_hcc"":{""conflicts"":0,""opposition"":0,""passes"":false,""support"":1},""increased_in_hcc"":{""conflicts"":0,""opposition"":1,""passes"":false,""support"":0}}",,not_retained,2,0,be83edd85173b80836df62177bba3ecc92f880b000f8df3289132f8dda567090,family; source label; comparisons ignored,family,source_label,ignore,primary_comparisons_and_primary_evidence_tiers
vu_family__taxon_source_label__comparison_ignore,Lactobacillus,1,0,"{""decreased_in_hcc"":0,""increased_in_hcc"":1}","{""decreased_in_hcc"":{""conflicts"":0,""opposition"":1,""passes"":false,""support"":0},""increased_in_hcc"":{""conflicts"":0,""opposition"":0,""passes"":false,""support"":1}}",,not_retained,2,0,be83edd85173b80836df62177bba3ecc92f880b000f8df3289132f8dda567090,family; source label; comparisons ignored,family,source_label,ignore,primary_comparisons_and_primary_evidence_tiers
vu_family__taxon_source_label__comparison_ignore,Lactococcus,1,0,"{""decreased_in_hcc"":0,""increased_in_hcc"":1}","{""decreased_in_hcc"":{""conflicts"":0,""opposition"":1,""passes"":false,""support"":0},""increased_in_hcc"":{""conflicts"":0,""opposition"":0,""passes"":false,""support"":1}}",,not_retained,2,0,be83edd85173b80836df62177bba3ecc92f880b000f8df3289132f8dda567090,family; source label; comparisons ignored,family,source_label,ignore,primary_comparisons_and_primary_evidence_tiers
vu_family__taxon_source_label__comparison_ignore,Leptotrichia,1,0,"{""decreased_in_hcc"":0,""increased_in_hcc"":1}","{""decreased_in_hcc"":{""conflicts"":0,""opposition"":1,""passes"":false,""support"":0},""increased_in_hcc"":{""conflicts"":0,""opposition"":0,""passes"":false,""support"":1}}",,not_retained,2,0,be83edd85173b80836df62177bba3ecc92f880b000f8df3289132f8dda567090,family; source label; comparisons ignored,family,source_label,ignore,primary_comparisons_and_primary_evidence_tiers
vu_family__taxon_source_label__comparison_ignore,Megamonas,1,0,"{""decreased_in_hcc"":1,""increased_in_hcc"":0}","{""decreased_in_hcc"":{""conflicts"":0,""opposition"":0,""passes"":false,""support"":1},""increased_in_hcc"":{""conflicts"":0,""opposition"":1,""passes"":false,""support"":0}}",,not_retained,2,0,be83edd85173b80836df62177bba3ecc92f880b000f8df3289132f8dda567090,family; source label; comparisons ignored,family,source_label,ignore,primary_comparisons_and_primary_evidence_tiers
vu_family__taxon_source_label__comparison_ignore,Methanobrevibacter,1,0,"{""decreased_in_hcc"":1,""increased_in_hcc"":0}","{""decreased_in_hcc"":{""conflicts"":0,""opposition"":0,""passes"":false,""support"":1},""increased_in_hcc"":{""conflicts"":0,""opposition"":1,""passes"":false,""support"":0}}",,not_retained,2,0,be83edd85173b80836df62177bba3ecc92f880b000f8df3289132f8dda567090,family; source label; comparisons ignored,family,source_label,ignore,primary_comparisons_and_primary_evidence_tiers
vu_family__taxon_source_label__comparison_ignore,Neisseria,1,0,"{""decreased_in_hcc"":0,""increased_in_hcc"":1}","{""decreased_in_hcc"":{""conflicts"":0,""opposition"":1,""passes"":false,""support"":0},""increased_in_hcc"":{""conflicts"":0,""opposition"":0,""passes"":false,""support"":1}}",,not_retained,2,0,be83edd85173b80836df62177bba3ecc92f880b000f8df3289132f8dda567090,family; source label; comparisons ignored,family,source_label,ignore,primary_comparisons_and_primary_evidence_tiers
vu_family__taxon_source_label__comparison_ignore,Odoribacter,1,0,"{""decreased_in_hcc"":1,""increased_in_hcc"":0}","{""decreased_in_hcc"":{""conflicts"":0,""opposition"":0,""passes"":false,""support"":1},""increased_in_hcc"":{""conflicts"":0,""opposition"":1,""passes"":false,""support"":0}}",,not_retained,2,0,be83edd85173b80836df62177bba3ecc92f880b000f8df3289132f8dda567090,family; source label; comparisons ignored,family,source_label,ignore,primary_comparisons_and_primary_evidence_tiers
vu_family__taxon_source_label__comparison_ignore,Oribacterium,1,0,"{""decreased_in_hcc"":0,""increased_in_hcc"":1}","{""decreased_in_hcc"":{""conflicts"":0,""opposition"":1,""passes"":false,""support"":0},""increased_in_hcc"":{""conflicts"":0,""opposition"":0,""passes"":false,""support"":1}}",,not_retained,2,0,be83edd85173b80836df62177bba3ecc92f880b000f8df3289132f8dda567090,family; source label; comparisons ignored,family,source_label,ignore,primary_comparisons_and_primary_evidence_tiers
vu_family__taxon_source_label__comparison_ignore,Paraprevotella,1,0,"{""decreased_in_hcc"":0,""increased_in_hcc"":1}","{""decreased_in_hcc"":{""conflicts"":0,""opposition"":1,""passes"":false,""support"":0},""increased_in_hcc"":{""conflicts"":0,""opposition"":0,""passes"":false,""support"":1}}",,not_retained,2,0,be83edd85173b80836df62177bba3ecc92f880b000f8df3289132f8dda567090,family; source label; comparisons ignored,family,source_label,ignore,primary_comparisons_and_primary_evidence_tiers
vu_family__taxon_source_label__comparison_ignore,Phascolarctobacterium,1,0,"{""decreased_in_hcc"":0,""increased_in_hcc"":1}","{""decreased_in_hcc"":{""conflicts"":0,""opposition"":1,""passes"":false,""support"":0},""increased_in_hcc"":{""conflicts"":0,""opposition"":0,""passes"":false,""support"":1}}",,not_retained,2,0,be83edd85173b80836df62177bba3ecc92f880b000f8df3289132f8dda567090,family; source label; comparisons ignored,family,source_label,ignore,primary_comparisons_and_primary_evidence_tiers
vu_family__taxon_source_label__comparison_ignore,Prevotella,2,0,"{""decreased_in_hcc"":0,""increased_in_hcc"":2}","{""decreased_in_hcc"":{""conflicts"":0,""opposition"":2,""passes"":false,""support"":0},""increased_in_hcc"":{""conflicts"":0,""opposition"":0,""passes"":true,""support"":2}}",increased_in_hcc,retained,2,0,be83edd85173b80836df62177bba3ecc92f880b000f8df3289132f8dda567090,family; source label; comparisons ignored,family,source_label,ignore,primary_comparisons_and_primary_evidence_tiers
vu_family__taxon_source_label__comparison_ignore,Pyramidobacter,1,0,"{""decreased_in_hcc"":1,""increased_in_hcc"":0}","{""decreased_in_hcc"":{""conflicts"":0,""opposition"":0,""passes"":false,""support"":1},""increased_in_hcc"":{""conflicts"":0,""opposition"":1,""passes"":false,""support"":0}}",,not_retained,2,0,be83edd85173b80836df62177bba3ecc92f880b000f8df3289132f8dda567090,family; source label; comparisons ignored,family,source_label,ignore,primary_comparisons_and_primary_evidence_tiers
vu_family__taxon_source_label__comparison_ignore,Raoultella,1,0,"{""decreased_in_hcc"":1,""increased_in_hcc"":0}","{""decreased_in_hcc"":{""conflicts"":0,""opposition"":0,""passes"":false,""support"":1},""increased_in_hcc"":{""conflicts"":0,""opposition"":1,""passes"":false,""support"":0}}",,not_retained,2,0,be83edd85173b80836df62177bba3ecc92f880b000f8df3289132f8dda567090,family; source label; comparisons ignored,family,source_label,ignore,primary_comparisons_and_primary_evidence_tiers
vu_family__taxon_source_label__comparison_ignore,Rothia,1,0,"{""decreased_in_hcc"":0,""increased_in_hcc"":1}","{""decreased_in_hcc"":{""conflicts"":0,""opposition"":1,""passes"":false,""support"":0},""increased_in_hcc"":{""conflicts"":0,""opposition"":0,""passes"":false,""support"":1}}",,not_retained,2,0,be83edd85173b80836df62177bba3ecc92f880b000f8df3289132f8dda567090,family; source label; comparisons ignored,family,source_label,ignore,primary_comparisons_and_primary_evidence_tiers
vu_family__taxon_source_label__comparison_ignore,Ruminococcus 2,1,0,"{""decreased_in_hcc"":1,""increased_in_hcc"":0}","{""decreased_in_hcc"":{""conflicts"":0,""opposition"":0,""passes"":false,""support"":1},""increased_in_hcc"":{""conflicts"":0,""opposition"":1,""passes"":false,""support"":0}}",,not_retained,2,0,be83edd85173b80836df62177bba3ecc92f880b000f8df3289132f8dda567090,family; source label; comparisons ignored,family,source_label,ignore,primary_comparisons_and_primary_evidence_tiers
vu_family__taxon_source_label__comparison_ignore,Sarcina,1,0,"{""decreased_in_hcc"":0,""increased_in_hcc"":1}","{""decreased_in_hcc"":{""conflicts"":0,""opposition"":1,""passes"":false,""support"":0},""increased_in_hcc"":{""conflicts"":0,""opposition"":0,""passes"":false,""support"":1}}",,not_retained,2,0,be83edd85173b80836df62177bba3ecc92f880b000f8df3289132f8dda567090,family; source label; comparisons ignored,family,source_label,ignore,primary_comparisons_and_primary_evidence_tiers
vu_family__taxon_source_label__comparison_ignore,Selenomonas,1,0,"{""decreased_in_hcc"":0,""increased_in_hcc"":1}","{""decreased_in_hcc"":{""conflicts"":0,""opposition"":1,""passes"":false,""support"":0},""increased_in_hcc"":{""conflicts"":0,""opposition"":0,""passes"":false,""support"":1}}",,not_retained,2,0,be83edd85173b80836df62177bba3ecc92f880b000f8df3289132f8dda567090,family; source label; comparisons ignored,family,source_label,ignore,primary_comparisons_and_primary_evidence_tiers
vu_family__taxon_source_label__comparison_ignore,Streptococcus,1,0,"{""decreased_in_hcc"":0,""increased_in_hcc"":1}","{""decreased_in_hcc"":{""conflicts"":0,""opposition"":1,""passes"":false,""support"":0},""increased_in_hcc"":{""conflicts"":0,""opposition"":0,""passes"":false,""support"":1}}",,not_retained,2,0,be83edd85173b80836df62177bba3ecc92f880b000f8df3289132f8dda567090,family; source label; comparisons ignored,family,source_label,ignore,primary_comparisons_and_primary_evidence_tiers
vu_family__taxon_source_label__comparison_ignore,Turicibacter,1,0,"{""decreased_in_hcc"":1,""increased_in_hcc"":0}","{""decreased_in_hcc"":{""conflicts"":0,""opposition"":0,""passes"":false,""support"":1},""increased_in_hcc"":{""conflicts"":0,""opposition"":1,""passes"":false,""support"":0}}",,not_retained,2,0,be83edd85173b80836df62177bba3ecc92f880b000f8df3289132f8dda567090,family; source label; comparisons ignored,family,source_label,ignore,primary_comparisons_and_primary_evidence_tiers
vu_family__taxon_source_label__comparison_ignore,Veillonella,1,0,"{""decreased_in_hcc"":0,""increased_in_hcc"":1}","{""decreased_in_hcc"":{""conflicts"":0,""opposition"":1,""passes"":false,""support"":0},""increased_in_hcc"":{""conflicts"":0,""opposition"":0,""passes"":false,""support"":1}}",,not_retained,2,0,be83edd85173b80836df62177bba3ecc92f880b000f8df3289132f8dda567090,family; source label; comparisons ignored,family,source_label,ignore,primary_comparisons_and_primary_evidence_tiers
vu_family__taxon_source_label__comparison_separate_votes,Acidaminococcus,2,0,"{""decreased_in_hcc"":2,""increased_in_hcc"":0}","{""decreased_in_hcc"":{""conflicts"":0,""opposition"":0,""passes"":true,""support"":2},""increased_in_hcc"":{""conflicts"":0,""opposition"":2,""passes"":false,""support"":0}}",decreased_in_hcc,retained,2,0,be83edd85173b80836df62177bba3ecc92f880b000f8df3289132f8dda567090,family; source label; comparison-specific votes,family,source_label,separate_votes,primary_comparisons_and_primary_evidence_tiers
vu_family__taxon_source_label__comparison_separate_votes,Acinetobacter,1,0,"{""decreased_in_hcc"":0,""increased_in_hcc"":1}","{""decreased_in_hcc"":{""conflicts"":0,""opposition"":1,""passes"":false,""support"":0},""increased_in_hcc"":{""conflicts"":0,""opposition"":0,""passes"":false,""support"":1}}",,not_retained,2,0,be83edd85173b80836df62177bba3ecc92f880b000f8df3289132f8dda567090,family; source label; comparison-specific votes,family,source_label,separate_votes,primary_comparisons_and_primary_evidence_tiers
vu_family__taxon_source_label__comparison_separate_votes,Actinomyces,2,0,"{""decreased_in_hcc"":0,""increased_in_hcc"":2}","{""decreased_in_hcc"":{""conflicts"":0,""opposition"":2,""passes"":false,""support"":0},""increased_in_hcc"":{""conflicts"":0,""opposition"":0,""passes"":true,""support"":2}}",increased_in_hcc,retained,2,0,be83edd85173b80836df62177bba3ecc92f880b000f8df3289132f8dda567090,family; source label; comparison-specific votes,family,source_label,separate_votes,primary_comparisons_and_primary_evidence_tiers
vu_family__taxon_source_label__comparison_separate_votes,Alloprevotella,1,0,"{""decreased_in_hcc"":1,""increased_in_hcc"":0}","{""decreased_in_hcc"":{""conflicts"":0,""opposition"":0,""passes"":false,""support"":1},""increased_in_hcc"":{""conflicts"":0,""opposition"":1,""passes"":false,""support"":0}}",,not_retained,2,0,be83edd85173b80836df62177bba3ecc92f880b000f8df3289132f8dda567090,family; source label; comparison-specific votes,family,source_label,separate_votes,primary_comparisons_and_primary_evidence_tiers
vu_family__taxon_source_label__comparison_separate_votes,Anaerostipes,1,0,"{""decreased_in_hcc"":1,""increased_in_hcc"":0}","{""decreased_in_hcc"":{""conflicts"":0,""opposition"":0,""passes"":false,""support"":1},""increased_in_hcc"":{""conflicts"":0,""opposition"":1,""passes"":false,""support"":0}}",,not_retained,2,0,be83edd85173b80836df62177bba3ecc92f880b000f8df3289132f8dda567090,family; source label; comparison-specific votes,family,source_label,separate_votes,primary_comparisons_and_primary_evidence_tiers
vu_family__taxon_source_label__comparison_separate_votes,Anaerotruncus,3,0,"{""decreased_in_hcc"":2,""increased_in_hcc"":1}","{""decreased_in_hcc"":{""conflicts"":0,""opposition"":1,""passes"":false,""support"":2},""increased_in_hcc"":{""conflicts"":0,""opposition"":2,""passes"":false,""support"":1}}",,not_retained,2,0,be83edd85173b80836df62177bba3ecc92f880b000f8df3289132f8dda567090,family; source label; comparison-specific votes,family,source_label,separate_votes,primary_comparisons_and_primary_evidence_tiers
vu_family__taxon_source_label__comparison_separate_votes,Atopobium,2,0,"{""decreased_in_hcc"":0,""increased_in_hcc"":2}","{""decreased_in_hcc"":{""conflicts"":0,""opposition"":2,""passes"":false,""support"":0},""increased_in_hcc"":{""conflicts"":0,""opposition"":0,""passes"":true,""support"":2}}",increased_in_hcc,retained,2,0,be83edd85173b80836df62177bba3ecc92f880b000f8df3289132f8dda567090,family; source label; comparison-specific votes,family,source_label,separate_votes,primary_comparisons_and_primary_evidence_tiers
vu_family__taxon_source_label__comparison_separate_votes,Blautia,2,0,"{""decreased_in_hcc"":0,""increased_in_hcc"":2}","{""decreased_in_hcc"":{""conflicts"":0,""opposition"":2,""passes"":false,""support"":0},""increased_in_hcc"":{""conflicts"":0,""opposition"":0,""passes"":true,""support"":2}}",increased_in_hcc,retained,2,0,be83edd85173b80836df62177bba3ecc92f880b000f8df3289132f8dda567090,family; source label; comparison-specific votes,family,source_label,separate_votes,primary_comparisons_and_primary_evidence_tiers
vu_family__taxon_source_label__comparison_separate_votes,Butyricimonas,1,0,"{""decreased_in_hcc"":1,""increased_in_hcc"":0}","{""decreased_in_hcc"":{""conflicts"":0,""opposition"":0,""passes"":false,""support"":1},""increased_in_hcc"":{""conflicts"":0,""opposition"":1,""passes"":false,""support"":0}}",,not_retained,2,0,be83edd85173b80836df62177bba3ecc92f880b000f8df3289132f8dda567090,family; source label; comparison-specific votes,family,source_label,separate_votes,primary_comparisons_and_primary_evidence_tiers
vu_family__taxon_source_label__comparison_separate_votes,Cetobacterium,3,0,"{""decreased_in_hcc"":3,""increased_in_hcc"":0}","{""decreased_in_hcc"":{""conflicts"":0,""opposition"":0,""passes"":true,""support"":3},""increased_in_hcc"":{""conflicts"":0,""opposition"":3,""passes"":false,""support"":0}}",decreased_in_hcc,retained,2,0,be83edd85173b80836df62177bba3ecc92f880b000f8df3289132f8dda567090,family; source label; comparison-specific votes,family,source_label,separate_votes,primary_comparisons_and_primary_evidence_tiers
vu_family__taxon_source_label__comparison_separate_votes,Cloacibacillus,1,0,"{""decreased_in_hcc"":1,""increased_in_hcc"":0}","{""decreased_in_hcc"":{""conflicts"":0,""opposition"":0,""passes"":false,""support"":1},""increased_in_hcc"":{""conflicts"":0,""opposition"":1,""passes"":false,""support"":0}}",,not_retained,2,0,be83edd85173b80836df62177bba3ecc92f880b000f8df3289132f8dda567090,family; source label; comparison-specific votes,family,source_label,separate_votes,primary_comparisons_and_primary_evidence_tiers
vu_family__taxon_source_label__comparison_separate_votes,Clostridium XIVa,1,0,"{""decreased_in_hcc"":1,""increased_in_hcc"":0}","{""decreased_in_hcc"":{""conflicts"":0,""opposition"":0,""passes"":false,""support"":1},""increased_in_hcc"":{""conflicts"":0,""opposition"":1,""passes"":false,""support"":0}}",,not_retained,2,0,be83edd85173b80836df62177bba3ecc92f880b000f8df3289132f8dda567090,family; source label; comparison-specific votes,family,source_label,separate_votes,primary_comparisons_and_primary_evidence_tiers
vu_family__taxon_source_label__comparison_separate_votes,Coprobacillus,2,0,"{""decreased_in_hcc"":2,""increased_in_hcc"":0}","{""decreased_in_hcc"":{""conflicts"":0,""opposition"":0,""passes"":true,""support"":2},""increased_in_hcc"":{""conflicts"":0,""opposition"":2,""passes"":false,""support"":0}}",decreased_in_hcc,retained,2,0,be83edd85173b80836df62177bba3ecc92f880b000f8df3289132f8dda567090,family; source label; comparison-specific votes,family,source_label,separate_votes,primary_comparisons_and_primary_evidence_tiers
vu_family__taxon_source_label__comparison_separate_votes,Desulfococcus,3,0,"{""decreased_in_hcc"":0,""increased_in_hcc"":3}","{""decreased_in_hcc"":{""conflicts"":0,""opposition"":3,""passes"":false,""support"":0},""increased_in_hcc"":{""conflicts"":0,""opposition"":0,""passes"":true,""support"":3}}",increased_in_hcc,retained,2,0,be83edd85173b80836df62177bba3ecc92f880b000f8df3289132f8dda567090,family; source label; comparison-specific votes,family,source_label,separate_votes,primary_comparisons_and_primary_evidence_tiers
vu_family__taxon_source_label__comparison_separate_votes,Enterobacter,3,0,"{""decreased_in_hcc"":0,""increased_in_hcc"":3}","{""decreased_in_hcc"":{""conflicts"":0,""opposition"":3,""passes"":false,""support"":0},""increased_in_hcc"":{""conflicts"":0,""opposition"":0,""passes"":true,""support"":3}}",increased_in_hcc,retained,2,0,be83edd85173b80836df62177bba3ecc92f880b000f8df3289132f8dda567090,family; source label; comparison-specific votes,family,source_label,separate_votes,primary_comparisons_and_primary_evidence_tiers
vu_family__taxon_source_label__comparison_separate_votes,Enterococcus,1,0,"{""decreased_in_hcc"":0,""increased_in_hcc"":1}","{""decreased_in_hcc"":{""conflicts"":0,""opposition"":1,""passes"":false,""support"":0},""increased_in_hcc"":{""conflicts"":0,""opposition"":0,""passes"":false,""support"":1}}",,not_retained,2,0,be83edd85173b80836df62177bba3ecc92f880b000f8df3289132f8dda567090,family; source label; comparison-specific votes,family,source_label,separate_votes,primary_comparisons_and_primary_evidence_tiers
vu_family__taxon_source_label__comparison_separate_votes,Eubacterium,1,0,"{""decreased_in_hcc"":0,""increased_in_hcc"":1}","{""decreased_in_hcc"":{""conflicts"":0,""opposition"":1,""passes"":false,""support"":0},""increased_in_hcc"":{""conflicts"":0,""opposition"":0,""passes"":false,""support"":1}}",,not_retained,2,0,be83edd85173b80836df62177bba3ecc92f880b000f8df3289132f8dda567090,family; source label; comparison-specific votes,family,source_label,separate_votes,primary_comparisons_and_primary_evidence_tiers
vu_family__taxon_source_label__comparison_separate_votes,Eubacterium ventriosum group,1,0,"{""decreased_in_hcc"":1,""increased_in_hcc"":0}","{""decreased_in_hcc"":{""conflicts"":0,""opposition"":0,""passes"":false,""support"":1},""increased_in_hcc"":{""conflicts"":0,""opposition"":1,""passes"":false,""support"":0}}",,not_retained,2,0,be83edd85173b80836df62177bba3ecc92f880b000f8df3289132f8dda567090,family; source label; comparison-specific votes,family,source_label,separate_votes,primary_comparisons_and_primary_evidence_tiers
vu_family__taxon_source_label__comparison_separate_votes,Fusobacterium,1,0,"{""decreased_in_hcc"":1,""increased_in_hcc"":0}","{""decreased_in_hcc"":{""conflicts"":0,""opposition"":0,""passes"":false,""support"":1},""increased_in_hcc"":{""conflicts"":0,""opposition"":1,""passes"":false,""support"":0}}",,not_retained,2,0,be83edd85173b80836df62177bba3ecc92f880b000f8df3289132f8dda567090,family; source label; comparison-specific votes,family,source_label,separate_votes,primary_comparisons_and_primary_evidence_tiers
vu_family__taxon_source_label__comparison_separate_votes,Gemmiger,1,0,"{""decreased_in_hcc"":0,""increased_in_hcc"":1}","{""decreased_in_hcc"":{""conflicts"":0,""opposition"":1,""passes"":false,""support"":0},""increased_in_hcc"":{""conflicts"":0,""opposition"":0,""passes"":false,""support"":1}}",,not_retained,2,0,be83edd85173b80836df62177bba3ecc92f880b000f8df3289132f8dda567090,family; source label; comparison-specific votes,family,source_label,separate_votes,primary_comparisons_and_primary_evidence_tiers
vu_family__taxon_source_label__comparison_separate_votes,Haemophilus,1,0,"{""decreased_in_hcc"":0,""increased_in_hcc"":1}","{""decreased_in_hcc"":{""conflicts"":0,""opposition"":1,""passes"":false,""support"":0},""increased_in_hcc"":{""conflicts"":0,""opposition"":0,""passes"":false,""support"":1}}",,not_retained,2,0,be83edd85173b80836df62177bba3ecc92f880b000f8df3289132f8dda567090,family; source label; comparison-specific votes,family,source_label,separate_votes,primary_comparisons_and_primary_evidence_tiers
vu_family__taxon_source_label__comparison_separate_votes,Holdemania,1,0,"{""decreased_in_hcc"":1,""increased_in_hcc"":0}","{""decreased_in_hcc"":{""conflicts"":0,""opposition"":0,""passes"":false,""support"":1},""increased_in_hcc"":{""conflicts"":0,""opposition"":1,""passes"":false,""support"":0}}",,not_retained,2,0,be83edd85173b80836df62177bba3ecc92f880b000f8df3289132f8dda567090,family; source label; comparison-specific votes,family,source_label,separate_votes,primary_comparisons_and_primary_evidence_tiers
vu_family__taxon_source_label__comparison_separate_votes,Lachnospira,1,0,"{""decreased_in_hcc"":1,""increased_in_hcc"":0}","{""decreased_in_hcc"":{""conflicts"":0,""opposition"":0,""passes"":false,""support"":1},""increased_in_hcc"":{""conflicts"":0,""opposition"":1,""passes"":false,""support"":0}}",,not_retained,2,0,be83edd85173b80836df62177bba3ecc92f880b000f8df3289132f8dda567090,family; source label; comparison-specific votes,family,source_label,separate_votes,primary_comparisons_and_primary_evidence_tiers
vu_family__taxon_source_label__comparison_separate_votes,Lachnospiraceae UCG-001,1,0,"{""decreased_in_hcc"":1,""increased_in_hcc"":0}","{""decreased_in_hcc"":{""conflicts"":0,""opposition"":0,""passes"":false,""support"":1},""increased_in_hcc"":{""conflicts"":0,""opposition"":1,""passes"":false,""support"":0}}",,not_retained,2,0,be83edd85173b80836df62177bba3ecc92f880b000f8df3289132f8dda567090,family; source label; comparison-specific votes,family,source_label,separate_votes,primary_comparisons_and_primary_evidence_tiers
vu_family__taxon_source_label__comparison_separate_votes,Lactobacillus,2,0,"{""decreased_in_hcc"":0,""increased_in_hcc"":2}","{""decreased_in_hcc"":{""conflicts"":0,""opposition"":2,""passes"":false,""support"":0},""increased_in_hcc"":{""conflicts"":0,""opposition"":0,""passes"":true,""support"":2}}",increased_in_hcc,retained,2,0,be83edd85173b80836df62177bba3ecc92f880b000f8df3289132f8dda567090,family; source label; comparison-specific votes,family,source_label,separate_votes,primary_comparisons_and_primary_evidence_tiers
vu_family__taxon_source_label__comparison_separate_votes,Lactococcus,2,0,"{""decreased_in_hcc"":0,""increased_in_hcc"":2}","{""decreased_in_hcc"":{""conflicts"":0,""opposition"":2,""passes"":false,""support"":0},""increased_in_hcc"":{""conflicts"":0,""opposition"":0,""passes"":true,""support"":2}}",increased_in_hcc,retained,2,0,be83edd85173b80836df62177bba3ecc92f880b000f8df3289132f8dda567090,family; source label; comparison-specific votes,family,source_label,separate_votes,primary_comparisons_and_primary_evidence_tiers
vu_family__taxon_source_label__comparison_separate_votes,Leptotrichia,2,0,"{""decreased_in_hcc"":0,""increased_in_hcc"":2}","{""decreased_in_hcc"":{""conflicts"":0,""opposition"":2,""passes"":false,""support"":0},""increased_in_hcc"":{""conflicts"":0,""opposition"":0,""passes"":true,""support"":2}}",increased_in_hcc,retained,2,0,be83edd85173b80836df62177bba3ecc92f880b000f8df3289132f8dda567090,family; source label; comparison-specific votes,family,source_label,separate_votes,primary_comparisons_and_primary_evidence_tiers
vu_family__taxon_source_label__comparison_separate_votes,Megamonas,1,0,"{""decreased_in_hcc"":1,""increased_in_hcc"":0}","{""decreased_in_hcc"":{""conflicts"":0,""opposition"":0,""passes"":false,""support"":1},""increased_in_hcc"":{""conflicts"":0,""opposition"":1,""passes"":false,""support"":0}}",,not_retained,2,0,be83edd85173b80836df62177bba3ecc92f880b000f8df3289132f8dda567090,family; source label; comparison-specific votes,family,source_label,separate_votes,primary_comparisons_and_primary_evidence_tiers
vu_family__taxon_source_label__comparison_separate_votes,Methanobrevibacter,1,0,"{""decreased_in_hcc"":1,""increased_in_hcc"":0}","{""decreased_in_hcc"":{""conflicts"":0,""opposition"":0,""passes"":false,""support"":1},""increased_in_hcc"":{""conflicts"":0,""opposition"":1,""passes"":false,""support"":0}}",,not_retained,2,0,be83edd85173b80836df62177bba3ecc92f880b000f8df3289132f8dda567090,family; source label; comparison-specific votes,family,source_label,separate_votes,primary_comparisons_and_primary_evidence_tiers
vu_family__taxon_source_label__comparison_separate_votes,Neisseria,1,0,"{""decreased_in_hcc"":0,""increased_in_hcc"":1}","{""decreased_in_hcc"":{""conflicts"":0,""opposition"":1,""passes"":false,""support"":0},""increased_in_hcc"":{""conflicts"":0,""opposition"":0,""passes"":false,""support"":1}}",,not_retained,2,0,be83edd85173b80836df62177bba3ecc92f880b000f8df3289132f8dda567090,family; source label; comparison-specific votes,family,source_label,separate_votes,primary_comparisons_and_primary_evidence_tiers
vu_family__taxon_source_label__comparison_separate_votes,Odoribacter,1,0,"{""decreased_in_hcc"":1,""increased_in_hcc"":0}","{""decreased_in_hcc"":{""conflicts"":0,""opposition"":0,""passes"":false,""support"":1},""increased_in_hcc"":{""conflicts"":0,""opposition"":1,""passes"":false,""support"":0}}",,not_retained,2,0,be83edd85173b80836df62177bba3ecc92f880b000f8df3289132f8dda567090,family; source label; comparison-specific votes,family,source_label,separate_votes,primary_comparisons_and_primary_evidence_tiers
vu_family__taxon_source_label__comparison_separate_votes,Oribacterium,1,0,"{""decreased_in_hcc"":0,""increased_in_hcc"":1}","{""decreased_in_hcc"":{""conflicts"":0,""opposition"":1,""passes"":false,""support"":0},""increased_in_hcc"":{""conflicts"":0,""opposition"":0,""passes"":false,""support"":1}}",,not_retained,2,0,be83edd85173b80836df62177bba3ecc92f880b000f8df3289132f8dda567090,family; source label; comparison-specific votes,family,source_label,separate_votes,primary_comparisons_and_primary_evidence_tiers
vu_family__taxon_source_label__comparison_separate_votes,Paraprevotella,2,0,"{""decreased_in_hcc"":0,""increased_in_hcc"":2}","{""decreased_in_hcc"":{""conflicts"":0,""opposition"":2,""passes"":false,""support"":0},""increased_in_hcc"":{""conflicts"":0,""opposition"":0,""passes"":true,""support"":2}}",increased_in_hcc,retained,2,0,be83edd85173b80836df62177bba3ecc92f880b000f8df3289132f8dda567090,family; source label; comparison-specific votes,family,source_label,separate_votes,primary_comparisons_and_primary_evidence_tiers
vu_family__taxon_source_label__comparison_separate_votes,Phascolarctobacterium,1,0,"{""decreased_in_hcc"":0,""increased_in_hcc"":1}","{""decreased_in_hcc"":{""conflicts"":0,""opposition"":1,""passes"":false,""support"":0},""increased_in_hcc"":{""conflicts"":0,""opposition"":0,""passes"":false,""support"":1}}",,not_retained,2,0,be83edd85173b80836df62177bba3ecc92f880b000f8df3289132f8dda567090,family; source label; comparison-specific votes,family,source_label,separate_votes,primary_comparisons_and_primary_evidence_tiers
vu_family__taxon_source_label__comparison_separate_votes,Prevotella,4,0,"{""decreased_in_hcc"":0,""increased_in_hcc"":4}","{""decreased_in_hcc"":{""conflicts"":0,""opposition"":4,""passes"":false,""support"":0},""increased_in_hcc"":{""conflicts"":0,""opposition"":0,""passes"":true,""support"":4}}",increased_in_hcc,retained,2,0,be83edd85173b80836df62177bba3ecc92f880b000f8df3289132f8dda567090,family; source label; comparison-specific votes,family,source_label,separate_votes,primary_comparisons_and_primary_evidence_tiers
vu_family__taxon_source_label__comparison_separate_votes,Pyramidobacter,2,0,"{""decreased_in_hcc"":2,""increased_in_hcc"":0}","{""decreased_in_hcc"":{""conflicts"":0,""opposition"":0,""passes"":true,""support"":2},""increased_in_hcc"":{""conflicts"":0,""opposition"":2,""passes"":false,""support"":0}}",decreased_in_hcc,retained,2,0,be83edd85173b80836df62177bba3ecc92f880b000f8df3289132f8dda567090,family; source label; comparison-specific votes,family,source_label,separate_votes,primary_comparisons_and_primary_evidence_tiers
vu_family__taxon_source_label__comparison_separate_votes,Raoultella,1,0,"{""decreased_in_hcc"":1,""increased_in_hcc"":0}","{""decreased_in_hcc"":{""conflicts"":0,""opposition"":0,""passes"":false,""support"":1},""increased_in_hcc"":{""conflicts"":0,""opposition"":1,""passes"":false,""support"":0}}",,not_retained,2,0,be83edd85173b80836df62177bba3ecc92f880b000f8df3289132f8dda567090,family; source label; comparison-specific votes,family,source_label,separate_votes,primary_comparisons_and_primary_evidence_tiers
vu_family__taxon_source_label__comparison_separate_votes,Rothia,1,0,"{""decreased_in_hcc"":0,""increased_in_hcc"":1}","{""decreased_in_hcc"":{""conflicts"":0,""opposition"":1,""passes"":false,""support"":0},""increased_in_hcc"":{""conflicts"":0,""opposition"":0,""passes"":false,""support"":1}}",,not_retained,2,0,be83edd85173b80836df62177bba3ecc92f880b000f8df3289132f8dda567090,family; source label; comparison-specific votes,family,source_label,separate_votes,primary_comparisons_and_primary_evidence_tiers
vu_family__taxon_source_label__comparison_separate_votes,Ruminococcus 2,1,0,"{""decreased_in_hcc"":1,""increased_in_hcc"":0}","{""decreased_in_hcc"":{""conflicts"":0,""opposition"":0,""passes"":false,""support"":1},""increased_in_hcc"":{""conflicts"":0,""opposition"":1,""passes"":false,""support"":0}}",,not_retained,2,0,be83edd85173b80836df62177bba3ecc92f880b000f8df3289132f8dda567090,family; source label; comparison-specific votes,family,source_label,separate_votes,primary_comparisons_and_primary_evidence_tiers
vu_family__taxon_source_label__comparison_separate_votes,Sarcina,1,0,"{""decreased_in_hcc"":0,""increased_in_hcc"":1}","{""decreased_in_hcc"":{""conflicts"":0,""opposition"":1,""passes"":false,""support"":0},""increased_in_hcc"":{""conflicts"":0,""opposition"":0,""passes"":false,""support"":1}}",,not_retained,2,0,be83edd85173b80836df62177bba3ecc92f880b000f8df3289132f8dda567090,family; source label; comparison-specific votes,family,source_label,separate_votes,primary_comparisons_and_primary_evidence_tiers
vu_family__taxon_source_label__comparison_separate_votes,Selenomonas,1,0,"{""decreased_in_hcc"":0,""increased_in_hcc"":1}","{""decreased_in_hcc"":{""conflicts"":0,""opposition"":1,""passes"":false,""support"":0},""increased_in_hcc"":{""conflicts"":0,""opposition"":0,""passes"":false,""support"":1}}",,not_retained,2,0,be83edd85173b80836df62177bba3ecc92f880b000f8df3289132f8dda567090,family; source label; comparison-specific votes,family,source_label,separate_votes,primary_comparisons_and_primary_evidence_tiers
vu_family__taxon_source_label__comparison_separate_votes,Streptococcus,1,0,"{""decreased_in_hcc"":0,""increased_in_hcc"":1}","{""decreased_in_hcc"":{""conflicts"":0,""opposition"":1,""passes"":false,""support"":0},""increased_in_hcc"":{""conflicts"":0,""opposition"":0,""passes"":false,""support"":1}}",,not_retained,2,0,be83edd85173b80836df62177bba3ecc92f880b000f8df3289132f8dda567090,family; source label; comparison-specific votes,family,source_label,separate_votes,primary_comparisons_and_primary_evidence_tiers
vu_family__taxon_source_label__comparison_separate_votes,Turicibacter,2,0,"{""decreased_in_hcc"":2,""increased_in_hcc"":0}","{""decreased_in_hcc"":{""conflicts"":0,""opposition"":0,""passes"":true,""support"":2},""increased_in_hcc"":{""conflicts"":0,""opposition"":2,""passes"":false,""support"":0}}",decreased_in_hcc,retained,2,0,be83edd85173b80836df62177bba3ecc92f880b000f8df3289132f8dda567090,family; source label; comparison-specific votes,family,source_label,separate_votes,primary_comparisons_and_primary_evidence_tiers
vu_family__taxon_source_label__comparison_separate_votes,Veillonella,3,0,"{""decreased_in_hcc"":0,""increased_in_hcc"":3}","{""decreased_in_hcc"":{""conflicts"":0,""opposition"":3,""passes"":false,""support"":0},""increased_in_hcc"":{""conflicts"":0,""opposition"":0,""passes"":true,""support"":3}}",increased_in_hcc,retained,2,0,be83edd85173b80836df62177bba3ecc92f880b000f8df3289132f8dda567090,family; source label; comparison-specific votes,family,source_label,separate_votes,primary_comparisons_and_primary_evidence_tiers
vu_report__taxon_resolved_target__comparison_family_state,Acidaminococcus,1,0,"{""decreased_in_hcc"":1,""increased_in_hcc"":0}","{""decreased_in_hcc"":{""conflicts"":0,""opposition"":0,""passes"":false,""support"":1},""increased_in_hcc"":{""conflicts"":0,""opposition"":1,""passes"":false,""support"":0}}",,not_retained,2,0,be83edd85173b80836df62177bba3ecc92f880b000f8df3289132f8dda567090,report; resolved target taxon; family-state collapse,report,resolved_target,family_state,primary_comparisons_and_primary_evidence_tiers
vu_report__taxon_resolved_target__comparison_family_state,Acinetobacter,1,0,"{""decreased_in_hcc"":0,""increased_in_hcc"":1}","{""decreased_in_hcc"":{""conflicts"":0,""opposition"":1,""passes"":false,""support"":0},""increased_in_hcc"":{""conflicts"":0,""opposition"":0,""passes"":false,""support"":1}}",,not_retained,2,0,be83edd85173b80836df62177bba3ecc92f880b000f8df3289132f8dda567090,report; resolved target taxon; family-state collapse,report,resolved_target,family_state,primary_comparisons_and_primary_evidence_tiers
vu_report__taxon_resolved_target__comparison_family_state,Actinomyces,1,0,"{""decreased_in_hcc"":0,""increased_in_hcc"":1}","{""decreased_in_hcc"":{""conflicts"":0,""opposition"":1,""passes"":false,""support"":0},""increased_in_hcc"":{""conflicts"":0,""opposition"":0,""passes"":false,""support"":1}}",,not_retained,2,0,be83edd85173b80836df62177bba3ecc92f880b000f8df3289132f8dda567090,report; resolved target taxon; family-state collapse,report,resolved_target,family_state,primary_comparisons_and_primary_evidence_tiers
vu_report__taxon_resolved_target__comparison_family_state,Alloprevotella,1,0,"{""decreased_in_hcc"":1,""increased_in_hcc"":0}","{""decreased_in_hcc"":{""conflicts"":0,""opposition"":0,""passes"":false,""support"":1},""increased_in_hcc"":{""conflicts"":0,""opposition"":1,""passes"":false,""support"":0}}",,not_retained,2,0,be83edd85173b80836df62177bba3ecc92f880b000f8df3289132f8dda567090,report; resolved target taxon; family-state collapse,report,resolved_target,family_state,primary_comparisons_and_primary_evidence_tiers
vu_report__taxon_resolved_target__comparison_family_state,Anaerostipes,1,0,"{""decreased_in_hcc"":1,""increased_in_hcc"":0}","{""decreased_in_hcc"":{""conflicts"":0,""opposition"":0,""passes"":false,""support"":1},""increased_in_hcc"":{""conflicts"":0,""opposition"":1,""passes"":false,""support"":0}}",,not_retained,2,0,be83edd85173b80836df62177bba3ecc92f880b000f8df3289132f8dda567090,report; resolved target taxon; family-state collapse,report,resolved_target,family_state,primary_comparisons_and_primary_evidence_tiers
vu_report__taxon_resolved_target__comparison_family_state,Anaerotruncus,2,0,"{""decreased_in_hcc"":1,""increased_in_hcc"":1}","{""decreased_in_hcc"":{""conflicts"":0,""opposition"":1,""passes"":false,""support"":1},""increased_in_hcc"":{""conflicts"":0,""opposition"":1,""passes"":false,""support"":1}}",,not_retained,2,0,be83edd85173b80836df62177bba3ecc92f880b000f8df3289132f8dda567090,report; resolved target taxon; family-state collapse,report,resolved_target,family_state,primary_comparisons_and_primary_evidence_tiers
vu_report__taxon_resolved_target__comparison_family_state,Atopobium,1,0,"{""decreased_in_hcc"":0,""increased_in_hcc"":1}","{""decreased_in_hcc"":{""conflicts"":0,""opposition"":1,""passes"":false,""support"":0},""increased_in_hcc"":{""conflicts"":0,""opposition"":0,""passes"":false,""support"":1}}",,not_retained,2,0,be83edd85173b80836df62177bba3ecc92f880b000f8df3289132f8dda567090,report; resolved target taxon; family-state collapse,report,resolved_target,family_state,primary_comparisons_and_primary_evidence_tiers
vu_report__taxon_resolved_target__comparison_family_state,Blautia,2,0,"{""decreased_in_hcc"":0,""increased_in_hcc"":2}","{""decreased_in_hcc"":{""conflicts"":0,""opposition"":2,""passes"":false,""support"":0},""increased_in_hcc"":{""conflicts"":0,""opposition"":0,""passes"":true,""support"":2}}",increased_in_hcc,retained,2,0,be83edd85173b80836df62177bba3ecc92f880b000f8df3289132f8dda567090,report; resolved target taxon; family-state collapse,report,resolved_target,family_state,primary_comparisons_and_primary_evidence_tiers
vu_report__taxon_resolved_target__comparison_family_state,Butyricimonas,1,0,"{""decreased_in_hcc"":1,""increased_in_hcc"":0}","{""decreased_in_hcc"":{""conflicts"":0,""opposition"":0,""passes"":false,""support"":1},""increased_in_hcc"":{""conflicts"":0,""opposition"":1,""passes"":false,""support"":0}}",,not_retained,2,0,be83edd85173b80836df62177bba3ecc92f880b000f8df3289132f8dda567090,report; resolved target taxon; family-state collapse,report,resolved_target,family_state,primary_comparisons_and_primary_evidence_tiers
vu_report__taxon_resolved_target__comparison_family_state,Cetobacterium,1,0,"{""decreased_in_hcc"":1,""increased_in_hcc"":0}","{""decreased_in_hcc"":{""conflicts"":0,""opposition"":0,""passes"":false,""support"":1},""increased_in_hcc"":{""conflicts"":0,""opposition"":1,""passes"":false,""support"":0}}",,not_retained,2,0,be83edd85173b80836df62177bba3ecc92f880b000f8df3289132f8dda567090,report; resolved target taxon; family-state collapse,report,resolved_target,family_state,primary_comparisons_and_primary_evidence_tiers
vu_report__taxon_resolved_target__comparison_family_state,Cloacibacillus,1,0,"{""decreased_in_hcc"":1,""increased_in_hcc"":0}","{""decreased_in_hcc"":{""conflicts"":0,""opposition"":0,""passes"":false,""support"":1},""increased_in_hcc"":{""conflicts"":0,""opposition"":1,""passes"":false,""support"":0}}",,not_retained,2,0,be83edd85173b80836df62177bba3ecc92f880b000f8df3289132f8dda567090,report; resolved target taxon; family-state collapse,report,resolved_target,family_state,primary_comparisons_and_primary_evidence_tiers
vu_report__taxon_resolved_target__comparison_family_state,Clostridium XIVa,1,0,"{""decreased_in_hcc"":1,""increased_in_hcc"":0}","{""decreased_in_hcc"":{""conflicts"":0,""opposition"":0,""passes"":false,""support"":1},""increased_in_hcc"":{""conflicts"":0,""opposition"":1,""passes"":false,""support"":0}}",,not_retained,2,0,be83edd85173b80836df62177bba3ecc92f880b000f8df3289132f8dda567090,report; resolved target taxon; family-state collapse,report,resolved_target,family_state,primary_comparisons_and_primary_evidence_tiers
vu_report__taxon_resolved_target__comparison_family_state,Coprobacillus,1,0,"{""decreased_in_hcc"":1,""increased_in_hcc"":0}","{""decreased_in_hcc"":{""conflicts"":0,""opposition"":0,""passes"":false,""support"":1},""increased_in_hcc"":{""conflicts"":0,""opposition"":1,""passes"":false,""support"":0}}",,not_retained,2,0,be83edd85173b80836df62177bba3ecc92f880b000f8df3289132f8dda567090,report; resolved target taxon; family-state collapse,report,resolved_target,family_state,primary_comparisons_and_primary_evidence_tiers
vu_report__taxon_resolved_target__comparison_family_state,Desulfococcus,1,0,"{""decreased_in_hcc"":0,""increased_in_hcc"":1}","{""decreased_in_hcc"":{""conflicts"":0,""opposition"":1,""passes"":false,""support"":0},""increased_in_hcc"":{""conflicts"":0,""opposition"":0,""passes"":false,""support"":1}}",,not_retained,2,0,be83edd85173b80836df62177bba3ecc92f880b000f8df3289132f8dda567090,report; resolved target taxon; family-state collapse,report,resolved_target,family_state,primary_comparisons_and_primary_evidence_tiers
vu_report__taxon_resolved_target__comparison_family_state,Enterobacter,1,0,"{""decreased_in_hcc"":0,""increased_in_hcc"":1}","{""decreased_in_hcc"":{""conflicts"":0,""opposition"":1,""passes"":false,""support"":0},""increased_in_hcc"":{""conflicts"":0,""opposition"":0,""passes"":false,""support"":1}}",,not_retained,2,0,be83edd85173b80836df62177bba3ecc92f880b000f8df3289132f8dda567090,report; resolved target taxon; family-state collapse,report,resolved_target,family_state,primary_comparisons_and_primary_evidence_tiers
vu_report__taxon_resolved_target__comparison_family_state,Enterococcus,1,0,"{""decreased_in_hcc"":0,""increased_in_hcc"":1}","{""decreased_in_hcc"":{""conflicts"":0,""opposition"":1,""passes"":false,""support"":0},""increased_in_hcc"":{""conflicts"":0,""opposition"":0,""passes"":false,""support"":1}}",,not_retained,2,0,be83edd85173b80836df62177bba3ecc92f880b000f8df3289132f8dda567090,report; resolved target taxon; family-state collapse,report,resolved_target,family_state,primary_comparisons_and_primary_evidence_tiers
vu_report__taxon_resolved_target__comparison_family_state,Eubacterium,1,0,"{""decreased_in_hcc"":0,""increased_in_hcc"":1}","{""decreased_in_hcc"":{""conflicts"":0,""opposition"":1,""passes"":false,""support"":0},""increased_in_hcc"":{""conflicts"":0,""opposition"":0,""passes"":false,""support"":1}}",,not_retained,2,0,be83edd85173b80836df62177bba3ecc92f880b000f8df3289132f8dda567090,report; resolved target taxon; family-state collapse,report,resolved_target,family_state,primary_comparisons_and_primary_evidence_tiers
vu_report__taxon_resolved_target__comparison_family_state,Eubacterium ventriosum group,1,0,"{""decreased_in_hcc"":1,""increased_in_hcc"":0}","{""decreased_in_hcc"":{""conflicts"":0,""opposition"":0,""passes"":false,""support"":1},""increased_in_hcc"":{""conflicts"":0,""opposition"":1,""passes"":false,""support"":0}}",,not_retained,2,0,be83edd85173b80836df62177bba3ecc92f880b000f8df3289132f8dda567090,report; resolved target taxon; family-state collapse,report,resolved_target,family_state,primary_comparisons_and_primary_evidence_tiers
vu_report__taxon_resolved_target__comparison_family_state,Fusobacterium,1,0,"{""decreased_in_hcc"":1,""increased_in_hcc"":0}","{""decreased_in_hcc"":{""conflicts"":0,""opposition"":0,""passes"":false,""support"":1},""increased_in_hcc"":{""conflicts"":0,""opposition"":1,""passes"":false,""support"":0}}",,not_retained,2,0,be83edd85173b80836df62177bba3ecc92f880b000f8df3289132f8dda567090,report; resolved target taxon; family-state collapse,report,resolved_target,family_state,primary_comparisons_and_primary_evidence_tiers
vu_report__taxon_resolved_target__comparison_family_state,Gemmiger,1,0,"{""decreased_in_hcc"":0,""increased_in_hcc"":1}","{""decreased_in_hcc"":{""conflicts"":0,""opposition"":1,""passes"":false,""support"":0},""increased_in_hcc"":{""conflicts"":0,""opposition"":0,""passes"":false,""support"":1}}",,not_retained,2,0,be83edd85173b80836df62177bba3ecc92f880b000f8df3289132f8dda567090,report; resolved target taxon; family-state collapse,report,resolved_target,family_state,primary_comparisons_and_primary_evidence_tiers
vu_report__taxon_resolved_target__comparison_family_state,Haemophilus,1,0,"{""decreased_in_hcc"":0,""increased_in_hcc"":1}","{""decreased_in_hcc"":{""conflicts"":0,""opposition"":1,""passes"":false,""support"":0},""increased_in_hcc"":{""conflicts"":0,""opposition"":0,""passes"":false,""support"":1}}",,not_retained,2,0,be83edd85173b80836df62177bba3ecc92f880b000f8df3289132f8dda567090,report; resolved target taxon; family-state collapse,report,resolved_target,family_state,primary_comparisons_and_primary_evidence_tiers
vu_report__taxon_resolved_target__comparison_family_state,Holdemania,1,0,"{""decreased_in_hcc"":1,""increased_in_hcc"":0}","{""decreased_in_hcc"":{""conflicts"":0,""opposition"":0,""passes"":false,""support"":1},""increased_in_hcc"":{""conflicts"":0,""opposition"":1,""passes"":false,""support"":0}}",,not_retained,2,0,be83edd85173b80836df62177bba3ecc92f880b000f8df3289132f8dda567090,report; resolved target taxon; family-state collapse,report,resolved_target,family_state,primary_comparisons_and_primary_evidence_tiers
vu_report__taxon_resolved_target__comparison_family_state,Lachnospira,1,0,"{""decreased_in_hcc"":1,""increased_in_hcc"":0}","{""decreased_in_hcc"":{""conflicts"":0,""opposition"":0,""passes"":false,""support"":1},""increased_in_hcc"":{""conflicts"":0,""opposition"":1,""passes"":false,""support"":0}}",,not_retained,2,0,be83edd85173b80836df62177bba3ecc92f880b000f8df3289132f8dda567090,report; resolved target taxon; family-state collapse,report,resolved_target,family_state,primary_comparisons_and_primary_evidence_tiers
vu_report__taxon_resolved_target__comparison_family_state,Lachnospiraceae UCG-001,1,0,"{""decreased_in_hcc"":1,""increased_in_hcc"":0}","{""decreased_in_hcc"":{""conflicts"":0,""opposition"":0,""passes"":false,""support"":1},""increased_in_hcc"":{""conflicts"":0,""opposition"":1,""passes"":false,""support"":0}}",,not_retained,2,0,be83edd85173b80836df62177bba3ecc92f880b000f8df3289132f8dda567090,report; resolved target taxon; family-state collapse,report,resolved_target,family_state,primary_comparisons_and_primary_evidence_tiers
vu_report__taxon_resolved_target__comparison_family_state,Lactobacillus,1,0,"{""decreased_in_hcc"":0,""increased_in_hcc"":1}","{""decreased_in_hcc"":{""conflicts"":0,""opposition"":1,""passes"":false,""support"":0},""increased_in_hcc"":{""conflicts"":0,""opposition"":0,""passes"":false,""support"":1}}",,not_retained,2,0,be83edd85173b80836df62177bba3ecc92f880b000f8df3289132f8dda567090,report; resolved target taxon; family-state collapse,report,resolved_target,family_state,primary_comparisons_and_primary_evidence_tiers
vu_report__taxon_resolved_target__comparison_family_state,Lactococcus,1,0,"{""decreased_in_hcc"":0,""increased_in_hcc"":1}","{""decreased_in_hcc"":{""conflicts"":0,""opposition"":1,""passes"":false,""support"":0},""increased_in_hcc"":{""conflicts"":0,""opposition"":0,""passes"":false,""support"":1}}",,not_retained,2,0,be83edd85173b80836df62177bba3ecc92f880b000f8df3289132f8dda567090,report; resolved target taxon; family-state collapse,report,resolved_target,family_state,primary_comparisons_and_primary_evidence_tiers
vu_report__taxon_resolved_target__comparison_family_state,Leptotrichia,1,0,"{""decreased_in_hcc"":0,""increased_in_hcc"":1}","{""decreased_in_hcc"":{""conflicts"":0,""opposition"":1,""passes"":false,""support"":0},""increased_in_hcc"":{""conflicts"":0,""opposition"":0,""passes"":false,""support"":1}}",,not_retained,2,0,be83edd85173b80836df62177bba3ecc92f880b000f8df3289132f8dda567090,report; resolved target taxon; family-state collapse,report,resolved_target,family_state,primary_comparisons_and_primary_evidence_tiers
vu_report__taxon_resolved_target__comparison_family_state,Megamonas,1,0,"{""decreased_in_hcc"":1,""increased_in_hcc"":0}","{""decreased_in_hcc"":{""conflicts"":0,""opposition"":0,""passes"":false,""support"":1},""increased_in_hcc"":{""conflicts"":0,""opposition"":1,""passes"":false,""support"":0}}",,not_retained,2,0,be83edd85173b80836df62177bba3ecc92f880b000f8df3289132f8dda567090,report; resolved target taxon; family-state collapse,report,resolved_target,family_state,primary_comparisons_and_primary_evidence_tiers
vu_report__taxon_resolved_target__comparison_family_state,Methanobrevibacter,1,0,"{""decreased_in_hcc"":1,""increased_in_hcc"":0}","{""decreased_in_hcc"":{""conflicts"":0,""opposition"":0,""passes"":false,""support"":1},""increased_in_hcc"":{""conflicts"":0,""opposition"":1,""passes"":false,""support"":0}}",,not_retained,2,0,be83edd85173b80836df62177bba3ecc92f880b000f8df3289132f8dda567090,report; resolved target taxon; family-state collapse,report,resolved_target,family_state,primary_comparisons_and_primary_evidence_tiers
vu_report__taxon_resolved_target__comparison_family_state,Neisseria,1,0,"{""decreased_in_hcc"":0,""increased_in_hcc"":1}","{""decreased_in_hcc"":{""conflicts"":0,""opposition"":1,""passes"":false,""support"":0},""increased_in_hcc"":{""conflicts"":0,""opposition"":0,""passes"":false,""support"":1}}",,not_retained,2,0,be83edd85173b80836df62177bba3ecc92f880b000f8df3289132f8dda567090,report; resolved target taxon; family-state collapse,report,resolved_target,family_state,primary_comparisons_and_primary_evidence_tiers
vu_report__taxon_resolved_target__comparison_family_state,Odoribacter,1,0,"{""decreased_in_hcc"":1,""increased_in_hcc"":0}","{""decreased_in_hcc"":{""conflicts"":0,""opposition"":0,""passes"":false,""support"":1},""increased_in_hcc"":{""conflicts"":0,""opposition"":1,""passes"":false,""support"":0}}",,not_retained,2,0,be83edd85173b80836df62177bba3ecc92f880b000f8df3289132f8dda567090,report; resolved target taxon; family-state collapse,report,resolved_target,family_state,primary_comparisons_and_primary_evidence_tiers
vu_report__taxon_resolved_target__comparison_family_state,Oribacterium,1,0,"{""decreased_in_hcc"":0,""increased_in_hcc"":1}","{""decreased_in_hcc"":{""conflicts"":0,""opposition"":1,""passes"":false,""support"":0},""increased_in_hcc"":{""conflicts"":0,""opposition"":0,""passes"":false,""support"":1}}",,not_retained,2,0,be83edd85173b80836df62177bba3ecc92f880b000f8df3289132f8dda567090,report; resolved target taxon; family-state collapse,report,resolved_target,family_state,primary_comparisons_and_primary_evidence_tiers
vu_report__taxon_resolved_target__comparison_family_state,Paraprevotella,1,0,"{""decreased_in_hcc"":0,""increased_in_hcc"":1}","{""decreased_in_hcc"":{""conflicts"":0,""opposition"":1,""passes"":false,""support"":0},""increased_in_hcc"":{""conflicts"":0,""opposition"":0,""passes"":false,""support"":1}}",,not_retained,2,0,be83edd85173b80836df62177bba3ecc92f880b000f8df3289132f8dda567090,report; resolved target taxon; family-state collapse,report,resolved_target,family_state,primary_comparisons_and_primary_evidence_tiers
vu_report__taxon_resolved_target__comparison_family_state,Phascolarctobacterium,1,0,"{""decreased_in_hcc"":0,""increased_in_hcc"":1}","{""decreased_in_hcc"":{""conflicts"":0,""opposition"":1,""passes"":false,""support"":0},""increased_in_hcc"":{""conflicts"":0,""opposition"":0,""passes"":false,""support"":1}}",,not_retained,2,0,be83edd85173b80836df62177bba3ecc92f880b000f8df3289132f8dda567090,report; resolved target taxon; family-state collapse,report,resolved_target,family_state,primary_comparisons_and_primary_evidence_tiers
vu_report__taxon_resolved_target__comparison_family_state,Prevotella,2,0,"{""decreased_in_hcc"":0,""increased_in_hcc"":2}","{""decreased_in_hcc"":{""conflicts"":0,""opposition"":2,""passes"":false,""support"":0},""increased_in_hcc"":{""conflicts"":0,""opposition"":0,""passes"":true,""support"":2}}",increased_in_hcc,retained,2,0,be83edd85173b80836df62177bba3ecc92f880b000f8df3289132f8dda567090,report; resolved target taxon; family-state collapse,report,resolved_target,family_state,primary_comparisons_and_primary_evidence_tiers
vu_report__taxon_resolved_target__comparison_family_state,Pyramidobacter,1,0,"{""decreased_in_hcc"":1,""increased_in_hcc"":0}","{""decreased_in_hcc"":{""conflicts"":0,""opposition"":0,""passes"":false,""support"":1},""increased_in_hcc"":{""conflicts"":0,""opposition"":1,""passes"":false,""support"":0}}",,not_retained,2,0,be83edd85173b80836df62177bba3ecc92f880b000f8df3289132f8dda567090,report; resolved target taxon; family-state collapse,report,resolved_target,family_state,primary_comparisons_and_primary_evidence_tiers
vu_report__taxon_resolved_target__comparison_family_state,Raoultella,1,0,"{""decreased_in_hcc"":1,""increased_in_hcc"":0}","{""decreased_in_hcc"":{""conflicts"":0,""opposition"":0,""passes"":false,""support"":1},""increased_in_hcc"":{""conflicts"":0,""opposition"":1,""passes"":false,""support"":0}}",,not_retained,2,0,be83edd85173b80836df62177bba3ecc92f880b000f8df3289132f8dda567090,report; resolved target taxon; family-state collapse,report,resolved_target,family_state,primary_comparisons_and_primary_evidence_tiers
vu_report__taxon_resolved_target__comparison_family_state,Rothia,1,0,"{""decreased_in_hcc"":0,""increased_in_hcc"":1}","{""decreased_in_hcc"":{""conflicts"":0,""opposition"":1,""passes"":false,""support"":0},""increased_in_hcc"":{""conflicts"":0,""opposition"":0,""passes"":false,""support"":1}}",,not_retained,2,0,be83edd85173b80836df62177bba3ecc92f880b000f8df3289132f8dda567090,report; resolved target taxon; family-state collapse,report,resolved_target,family_state,primary_comparisons_and_primary_evidence_tiers
vu_report__taxon_resolved_target__comparison_family_state,Ruminococcus 2,1,0,"{""decreased_in_hcc"":1,""increased_in_hcc"":0}","{""decreased_in_hcc"":{""conflicts"":0,""opposition"":0,""passes"":false,""support"":1},""increased_in_hcc"":{""conflicts"":0,""opposition"":1,""passes"":false,""support"":0}}",,not_retained,2,0,be83edd85173b80836df62177bba3ecc92f880b000f8df3289132f8dda567090,report; resolved target taxon; family-state collapse,report,resolved_target,family_state,primary_comparisons_and_primary_evidence_tiers
vu_report__taxon_resolved_target__comparison_family_state,Sarcina,1,0,"{""decreased_in_hcc"":0,""increased_in_hcc"":1}","{""decreased_in_hcc"":{""conflicts"":0,""opposition"":1,""passes"":false,""support"":0},""increased_in_hcc"":{""conflicts"":0,""opposition"":0,""passes"":false,""support"":1}}",,not_retained,2,0,be83edd85173b80836df62177bba3ecc92f880b000f8df3289132f8dda567090,report; resolved target taxon; family-state collapse,report,resolved_target,family_state,primary_comparisons_and_primary_evidence_tiers
vu_report__taxon_resolved_target__comparison_family_state,Selenomonas,1,0,"{""decreased_in_hcc"":0,""increased_in_hcc"":1}","{""decreased_in_hcc"":{""conflicts"":0,""opposition"":1,""passes"":false,""support"":0},""increased_in_hcc"":{""conflicts"":0,""opposition"":0,""passes"":false,""support"":1}}",,not_retained,2,0,be83edd85173b80836df62177bba3ecc92f880b000f8df3289132f8dda567090,report; resolved target taxon; family-state collapse,report,resolved_target,family_state,primary_comparisons_and_primary_evidence_tiers
vu_report__taxon_resolved_target__comparison_family_state,Streptococcus,1,0,"{""decreased_in_hcc"":0,""increased_in_hcc"":1}","{""decreased_in_hcc"":{""conflicts"":0,""opposition"":1,""passes"":false,""support"":0},""increased_in_hcc"":{""conflicts"":0,""opposition"":0,""passes"":false,""support"":1}}",,not_retained,2,0,be83edd85173b80836df62177bba3ecc92f880b000f8df3289132f8dda567090,report; resolved target taxon; family-state collapse,report,resolved_target,family_state,primary_comparisons_and_primary_evidence_tiers
vu_report__taxon_resolved_target__comparison_family_state,Turicibacter,1,0,"{""decreased_in_hcc"":1,""increased_in_hcc"":0}","{""decreased_in_hcc"":{""conflicts"":0,""opposition"":0,""passes"":false,""support"":1},""increased_in_hcc"":{""conflicts"":0,""opposition"":1,""passes"":false,""support"":0}}",,not_retained,2,0,be83edd85173b80836df62177bba3ecc92f880b000f8df3289132f8dda567090,report; resolved target taxon; family-state collapse,report,resolved_target,family_state,primary_comparisons_and_primary_evidence_tiers
vu_report__taxon_resolved_target__comparison_family_state,Veillonella,1,0,"{""decreased_in_hcc"":0,""increased_in_hcc"":1}","{""decreased_in_hcc"":{""conflicts"":0,""opposition"":1,""passes"":false,""support"":0},""increased_in_hcc"":{""conflicts"":0,""opposition"":0,""passes"":false,""support"":1}}",,not_retained,2,0,be83edd85173b80836df62177bba3ecc92f880b000f8df3289132f8dda567090,report; resolved target taxon; family-state collapse,report,resolved_target,family_state,primary_comparisons_and_primary_evidence_tiers
vu_report__taxon_resolved_target__comparison_ignore,Acidaminococcus,1,0,"{""decreased_in_hcc"":1,""increased_in_hcc"":0}","{""decreased_in_hcc"":{""conflicts"":0,""opposition"":0,""passes"":false,""support"":1},""increased_in_hcc"":{""conflicts"":0,""opposition"":1,""passes"":false,""support"":0}}",,not_retained,2,0,be83edd85173b80836df62177bba3ecc92f880b000f8df3289132f8dda567090,report; resolved target taxon; comparisons ignored,report,resolved_target,ignore,primary_comparisons_and_primary_evidence_tiers
vu_report__taxon_resolved_target__comparison_ignore,Acinetobacter,1,0,"{""decreased_in_hcc"":0,""increased_in_hcc"":1}","{""decreased_in_hcc"":{""conflicts"":0,""opposition"":1,""passes"":false,""support"":0},""increased_in_hcc"":{""conflicts"":0,""opposition"":0,""passes"":false,""support"":1}}",,not_retained,2,0,be83edd85173b80836df62177bba3ecc92f880b000f8df3289132f8dda567090,report; resolved target taxon; comparisons ignored,report,resolved_target,ignore,primary_comparisons_and_primary_evidence_tiers
vu_report__taxon_resolved_target__comparison_ignore,Actinomyces,1,0,"{""decreased_in_hcc"":0,""increased_in_hcc"":1}","{""decreased_in_hcc"":{""conflicts"":0,""opposition"":1,""passes"":false,""support"":0},""increased_in_hcc"":{""conflicts"":0,""opposition"":0,""passes"":false,""support"":1}}",,not_retained,2,0,be83edd85173b80836df62177bba3ecc92f880b000f8df3289132f8dda567090,report; resolved target taxon; comparisons ignored,report,resolved_target,ignore,primary_comparisons_and_primary_evidence_tiers
vu_report__taxon_resolved_target__comparison_ignore,Alloprevotella,1,0,"{""decreased_in_hcc"":1,""increased_in_hcc"":0}","{""decreased_in_hcc"":{""conflicts"":0,""opposition"":0,""passes"":false,""support"":1},""increased_in_hcc"":{""conflicts"":0,""opposition"":1,""passes"":false,""support"":0}}",,not_retained,2,0,be83edd85173b80836df62177bba3ecc92f880b000f8df3289132f8dda567090,report; resolved target taxon; comparisons ignored,report,resolved_target,ignore,primary_comparisons_and_primary_evidence_tiers
vu_report__taxon_resolved_target__comparison_ignore,Anaerostipes,1,0,"{""decreased_in_hcc"":1,""increased_in_hcc"":0}","{""decreased_in_hcc"":{""conflicts"":0,""opposition"":0,""passes"":false,""support"":1},""increased_in_hcc"":{""conflicts"":0,""opposition"":1,""passes"":false,""support"":0}}",,not_retained,2,0,be83edd85173b80836df62177bba3ecc92f880b000f8df3289132f8dda567090,report; resolved target taxon; comparisons ignored,report,resolved_target,ignore,primary_comparisons_and_primary_evidence_tiers
vu_report__taxon_resolved_target__comparison_ignore,Anaerotruncus,2,0,"{""decreased_in_hcc"":1,""increased_in_hcc"":1}","{""decreased_in_hcc"":{""conflicts"":0,""opposition"":1,""passes"":false,""support"":1},""increased_in_hcc"":{""conflicts"":0,""opposition"":1,""passes"":false,""support"":1}}",,not_retained,2,0,be83edd85173b80836df62177bba3ecc92f880b000f8df3289132f8dda567090,report; resolved target taxon; comparisons ignored,report,resolved_target,ignore,primary_comparisons_and_primary_evidence_tiers
vu_report__taxon_resolved_target__comparison_ignore,Atopobium,1,0,"{""decreased_in_hcc"":0,""increased_in_hcc"":1}","{""decreased_in_hcc"":{""conflicts"":0,""opposition"":1,""passes"":false,""support"":0},""increased_in_hcc"":{""conflicts"":0,""opposition"":0,""passes"":false,""support"":1}}",,not_retained,2,0,be83edd85173b80836df62177bba3ecc92f880b000f8df3289132f8dda567090,report; resolved target taxon; comparisons ignored,report,resolved_target,ignore,primary_comparisons_and_primary_evidence_tiers
vu_report__taxon_resolved_target__comparison_ignore,Blautia,2,0,"{""decreased_in_hcc"":0,""increased_in_hcc"":2}","{""decreased_in_hcc"":{""conflicts"":0,""opposition"":2,""passes"":false,""support"":0},""increased_in_hcc"":{""conflicts"":0,""opposition"":0,""passes"":true,""support"":2}}",increased_in_hcc,retained,2,0,be83edd85173b80836df62177bba3ecc92f880b000f8df3289132f8dda567090,report; resolved target taxon; comparisons ignored,report,resolved_target,ignore,primary_comparisons_and_primary_evidence_tiers
vu_report__taxon_resolved_target__comparison_ignore,Butyricimonas,1,0,"{""decreased_in_hcc"":1,""increased_in_hcc"":0}","{""decreased_in_hcc"":{""conflicts"":0,""opposition"":0,""passes"":false,""support"":1},""increased_in_hcc"":{""conflicts"":0,""opposition"":1,""passes"":false,""support"":0}}",,not_retained,2,0,be83edd85173b80836df62177bba3ecc92f880b000f8df3289132f8dda567090,report; resolved target taxon; comparisons ignored,report,resolved_target,ignore,primary_comparisons_and_primary_evidence_tiers
vu_report__taxon_resolved_target__comparison_ignore,Cetobacterium,1,0,"{""decreased_in_hcc"":1,""increased_in_hcc"":0}","{""decreased_in_hcc"":{""conflicts"":0,""opposition"":0,""passes"":false,""support"":1},""increased_in_hcc"":{""conflicts"":0,""opposition"":1,""passes"":false,""support"":0}}",,not_retained,2,0,be83edd85173b80836df62177bba3ecc92f880b000f8df3289132f8dda567090,report; resolved target taxon; comparisons ignored,report,resolved_target,ignore,primary_comparisons_and_primary_evidence_tiers
vu_report__taxon_resolved_target__comparison_ignore,Cloacibacillus,1,0,"{""decreased_in_hcc"":1,""increased_in_hcc"":0}","{""decreased_in_hcc"":{""conflicts"":0,""opposition"":0,""passes"":false,""support"":1},""increased_in_hcc"":{""conflicts"":0,""opposition"":1,""passes"":false,""support"":0}}",,not_retained,2,0,be83edd85173b80836df62177bba3ecc92f880b000f8df3289132f8dda567090,report; resolved target taxon; comparisons ignored,report,resolved_target,ignore,primary_comparisons_and_primary_evidence_tiers
vu_report__taxon_resolved_target__comparison_ignore,Clostridium XIVa,1,0,"{""decreased_in_hcc"":1,""increased_in_hcc"":0}","{""decreased_in_hcc"":{""conflicts"":0,""opposition"":0,""passes"":false,""support"":1},""increased_in_hcc"":{""conflicts"":0,""opposition"":1,""passes"":false,""support"":0}}",,not_retained,2,0,be83edd85173b80836df62177bba3ecc92f880b000f8df3289132f8dda567090,report; resolved target taxon; comparisons ignored,report,resolved_target,ignore,primary_comparisons_and_primary_evidence_tiers
vu_report__taxon_resolved_target__comparison_ignore,Coprobacillus,1,0,"{""decreased_in_hcc"":1,""increased_in_hcc"":0}","{""decreased_in_hcc"":{""conflicts"":0,""opposition"":0,""passes"":false,""support"":1},""increased_in_hcc"":{""conflicts"":0,""opposition"":1,""passes"":false,""support"":0}}",,not_retained,2,0,be83edd85173b80836df62177bba3ecc92f880b000f8df3289132f8dda567090,report; resolved target taxon; comparisons ignored,report,resolved_target,ignore,primary_comparisons_and_primary_evidence_tiers
vu_report__taxon_resolved_target__comparison_ignore,Desulfococcus,1,0,"{""decreased_in_hcc"":0,""increased_in_hcc"":1}","{""decreased_in_hcc"":{""conflicts"":0,""opposition"":1,""passes"":false,""support"":0},""increased_in_hcc"":{""conflicts"":0,""opposition"":0,""passes"":false,""support"":1}}",,not_retained,2,0,be83edd85173b80836df62177bba3ecc92f880b000f8df3289132f8dda567090,report; resolved target taxon; comparisons ignored,report,resolved_target,ignore,primary_comparisons_and_primary_evidence_tiers
vu_report__taxon_resolved_target__comparison_ignore,Enterobacter,1,0,"{""decreased_in_hcc"":0,""increased_in_hcc"":1}","{""decreased_in_hcc"":{""conflicts"":0,""opposition"":1,""passes"":false,""support"":0},""increased_in_hcc"":{""conflicts"":0,""opposition"":0,""passes"":false,""support"":1}}",,not_retained,2,0,be83edd85173b80836df62177bba3ecc92f880b000f8df3289132f8dda567090,report; resolved target taxon; comparisons ignored,report,resolved_target,ignore,primary_comparisons_and_primary_evidence_tiers
vu_report__taxon_resolved_target__comparison_ignore,Enterococcus,1,0,"{""decreased_in_hcc"":0,""increased_in_hcc"":1}","{""decreased_in_hcc"":{""conflicts"":0,""opposition"":1,""passes"":false,""support"":0},""increased_in_hcc"":{""conflicts"":0,""opposition"":0,""passes"":false,""support"":1}}",,not_retained,2,0,be83edd85173b80836df62177bba3ecc92f880b000f8df3289132f8dda567090,report; resolved target taxon; comparisons ignored,report,resolved_target,ignore,primary_comparisons_and_primary_evidence_tiers
vu_report__taxon_resolved_target__comparison_ignore,Eubacterium,1,0,"{""decreased_in_hcc"":0,""increased_in_hcc"":1}","{""decreased_in_hcc"":{""conflicts"":0,""opposition"":1,""passes"":false,""support"":0},""increased_in_hcc"":{""conflicts"":0,""opposition"":0,""passes"":false,""support"":1}}",,not_retained,2,0,be83edd85173b80836df62177bba3ecc92f880b000f8df3289132f8dda567090,report; resolved target taxon; comparisons ignored,report,resolved_target,ignore,primary_comparisons_and_primary_evidence_tiers
vu_report__taxon_resolved_target__comparison_ignore,Eubacterium ventriosum group,1,0,"{""decreased_in_hcc"":1,""increased_in_hcc"":0}","{""decreased_in_hcc"":{""conflicts"":0,""opposition"":0,""passes"":false,""support"":1},""increased_in_hcc"":{""conflicts"":0,""opposition"":1,""passes"":false,""support"":0}}",,not_retained,2,0,be83edd85173b80836df62177bba3ecc92f880b000f8df3289132f8dda567090,report; resolved target taxon; comparisons ignored,report,resolved_target,ignore,primary_comparisons_and_primary_evidence_tiers
vu_report__taxon_resolved_target__comparison_ignore,Fusobacterium,1,0,"{""decreased_in_hcc"":1,""increased_in_hcc"":0}","{""decreased_in_hcc"":{""conflicts"":0,""opposition"":0,""passes"":false,""support"":1},""increased_in_hcc"":{""conflicts"":0,""opposition"":1,""passes"":false,""support"":0}}",,not_retained,2,0,be83edd85173b80836df62177bba3ecc92f880b000f8df3289132f8dda567090,report; resolved target taxon; comparisons ignored,report,resolved_target,ignore,primary_comparisons_and_primary_evidence_tiers
vu_report__taxon_resolved_target__comparison_ignore,Gemmiger,1,0,"{""decreased_in_hcc"":0,""increased_in_hcc"":1}","{""decreased_in_hcc"":{""conflicts"":0,""opposition"":1,""passes"":false,""support"":0},""increased_in_hcc"":{""conflicts"":0,""opposition"":0,""passes"":false,""support"":1}}",,not_retained,2,0,be83edd85173b80836df62177bba3ecc92f880b000f8df3289132f8dda567090,report; resolved target taxon; comparisons ignored,report,resolved_target,ignore,primary_comparisons_and_primary_evidence_tiers
vu_report__taxon_resolved_target__comparison_ignore,Haemophilus,1,0,"{""decreased_in_hcc"":0,""increased_in_hcc"":1}","{""decreased_in_hcc"":{""conflicts"":0,""opposition"":1,""passes"":false,""support"":0},""increased_in_hcc"":{""conflicts"":0,""opposition"":0,""passes"":false,""support"":1}}",,not_retained,2,0,be83edd85173b80836df62177bba3ecc92f880b000f8df3289132f8dda567090,report; resolved target taxon; comparisons ignored,report,resolved_target,ignore,primary_comparisons_and_primary_evidence_tiers
vu_report__taxon_resolved_target__comparison_ignore,Holdemania,1,0,"{""decreased_in_hcc"":1,""increased_in_hcc"":0}","{""decreased_in_hcc"":{""conflicts"":0,""opposition"":0,""passes"":false,""support"":1},""increased_in_hcc"":{""conflicts"":0,""opposition"":1,""passes"":false,""support"":0}}",,not_retained,2,0,be83edd85173b80836df62177bba3ecc92f880b000f8df3289132f8dda567090,report; resolved target taxon; comparisons ignored,report,resolved_target,ignore,primary_comparisons_and_primary_evidence_tiers
vu_report__taxon_resolved_target__comparison_ignore,Lachnospira,1,0,"{""decreased_in_hcc"":1,""increased_in_hcc"":0}","{""decreased_in_hcc"":{""conflicts"":0,""opposition"":0,""passes"":false,""support"":1},""increased_in_hcc"":{""conflicts"":0,""opposition"":1,""passes"":false,""support"":0}}",,not_retained,2,0,be83edd85173b80836df62177bba3ecc92f880b000f8df3289132f8dda567090,report; resolved target taxon; comparisons ignored,report,resolved_target,ignore,primary_comparisons_and_primary_evidence_tiers
vu_report__taxon_resolved_target__comparison_ignore,Lachnospiraceae UCG-001,1,0,"{""decreased_in_hcc"":1,""increased_in_hcc"":0}","{""decreased_in_hcc"":{""conflicts"":0,""opposition"":0,""passes"":false,""support"":1},""increased_in_hcc"":{""conflicts"":0,""opposition"":1,""passes"":false,""support"":0}}",,not_retained,2,0,be83edd85173b80836df62177bba3ecc92f880b000f8df3289132f8dda567090,report; resolved target taxon; comparisons ignored,report,resolved_target,ignore,primary_comparisons_and_primary_evidence_tiers
vu_report__taxon_resolved_target__comparison_ignore,Lactobacillus,1,0,"{""decreased_in_hcc"":0,""increased_in_hcc"":1}","{""decreased_in_hcc"":{""conflicts"":0,""opposition"":1,""passes"":false,""support"":0},""increased_in_hcc"":{""conflicts"":0,""opposition"":0,""passes"":false,""support"":1}}",,not_retained,2,0,be83edd85173b80836df62177bba3ecc92f880b000f8df3289132f8dda567090,report; resolved target taxon; comparisons ignored,report,resolved_target,ignore,primary_comparisons_and_primary_evidence_tiers
vu_report__taxon_resolved_target__comparison_ignore,Lactococcus,1,0,"{""decreased_in_hcc"":0,""increased_in_hcc"":1}","{""decreased_in_hcc"":{""conflicts"":0,""opposition"":1,""passes"":false,""support"":0},""increased_in_hcc"":{""conflicts"":0,""opposition"":0,""passes"":false,""support"":1}}",,not_retained,2,0,be83edd85173b80836df62177bba3ecc92f880b000f8df3289132f8dda567090,report; resolved target taxon; comparisons ignored,report,resolved_target,ignore,primary_comparisons_and_primary_evidence_tiers
vu_report__taxon_resolved_target__comparison_ignore,Leptotrichia,1,0,"{""decreased_in_hcc"":0,""increased_in_hcc"":1}","{""decreased_in_hcc"":{""conflicts"":0,""opposition"":1,""passes"":false,""support"":0},""increased_in_hcc"":{""conflicts"":0,""opposition"":0,""passes"":false,""support"":1}}",,not_retained,2,0,be83edd85173b80836df62177bba3ecc92f880b000f8df3289132f8dda567090,report; resolved target taxon; comparisons ignored,report,resolved_target,ignore,primary_comparisons_and_primary_evidence_tiers
vu_report__taxon_resolved_target__comparison_ignore,Megamonas,2,0,"{""decreased_in_hcc"":2,""increased_in_hcc"":0}","{""decreased_in_hcc"":{""conflicts"":0,""opposition"":0,""passes"":true,""support"":2},""increased_in_hcc"":{""conflicts"":0,""opposition"":2,""passes"":false,""support"":0}}",decreased_in_hcc,retained,2,0,be83edd85173b80836df62177bba3ecc92f880b000f8df3289132f8dda567090,report; resolved target taxon; comparisons ignored,report,resolved_target,ignore,primary_comparisons_and_primary_evidence_tiers
vu_report__taxon_resolved_target__comparison_ignore,Methanobrevibacter,1,0,"{""decreased_in_hcc"":1,""increased_in_hcc"":0}","{""decreased_in_hcc"":{""conflicts"":0,""opposition"":0,""passes"":false,""support"":1},""increased_in_hcc"":{""conflicts"":0,""opposition"":1,""passes"":false,""support"":0}}",,not_retained,2,0,be83edd85173b80836df62177bba3ecc92f880b000f8df3289132f8dda567090,report; resolved target taxon; comparisons ignored,report,resolved_target,ignore,primary_comparisons_and_primary_evidence_tiers
vu_report__taxon_resolved_target__comparison_ignore,Neisseria,1,0,"{""decreased_in_hcc"":0,""increased_in_hcc"":1}","{""decreased_in_hcc"":{""conflicts"":0,""opposition"":1,""passes"":false,""support"":0},""increased_in_hcc"":{""conflicts"":0,""opposition"":0,""passes"":false,""support"":1}}",,not_retained,2,0,be83edd85173b80836df62177bba3ecc92f880b000f8df3289132f8dda567090,report; resolved target taxon; comparisons ignored,report,resolved_target,ignore,primary_comparisons_and_primary_evidence_tiers
vu_report__taxon_resolved_target__comparison_ignore,Odoribacter,1,0,"{""decreased_in_hcc"":1,""increased_in_hcc"":0}","{""decreased_in_hcc"":{""conflicts"":0,""opposition"":0,""passes"":false,""support"":1},""increased_in_hcc"":{""conflicts"":0,""opposition"":1,""passes"":false,""support"":0}}",,not_retained,2,0,be83edd85173b80836df62177bba3ecc92f880b000f8df3289132f8dda567090,report; resolved target taxon; comparisons ignored,report,resolved_target,ignore,primary_comparisons_and_primary_evidence_tiers
vu_report__taxon_resolved_target__comparison_ignore,Oribacterium,1,0,"{""decreased_in_hcc"":0,""increased_in_hcc"":1}","{""decreased_in_hcc"":{""conflicts"":0,""opposition"":1,""passes"":false,""support"":0},""increased_in_hcc"":{""conflicts"":0,""opposition"":0,""passes"":false,""support"":1}}",,not_retained,2,0,be83edd85173b80836df62177bba3ecc92f880b000f8df3289132f8dda567090,report; resolved target taxon; comparisons ignored,report,resolved_target,ignore,primary_comparisons_and_primary_evidence_tiers
vu_report__taxon_resolved_target__comparison_ignore,Paraprevotella,1,0,"{""decreased_in_hcc"":0,""increased_in_hcc"":1}","{""decreased_in_hcc"":{""conflicts"":0,""opposition"":1,""passes"":false,""support"":0},""increased_in_hcc"":{""conflicts"":0,""opposition"":0,""passes"":false,""support"":1}}",,not_retained,2,0,be83edd85173b80836df62177bba3ecc92f880b000f8df3289132f8dda567090,report; resolved target taxon; comparisons ignored,report,resolved_target,ignore,primary_comparisons_and_primary_evidence_tiers
vu_report__taxon_resolved_target__comparison_ignore,Phascolarctobacterium,1,0,"{""decreased_in_hcc"":0,""increased_in_hcc"":1}","{""decreased_in_hcc"":{""conflicts"":0,""opposition"":1,""passes"":false,""support"":0},""increased_in_hcc"":{""conflicts"":0,""opposition"":0,""passes"":false,""support"":1}}",,not_retained,2,0,be83edd85173b80836df62177bba3ecc92f880b000f8df3289132f8dda567090,report; resolved target taxon; comparisons ignored,report,resolved_target,ignore,primary_comparisons_and_primary_evidence_tiers
vu_report__taxon_resolved_target__comparison_ignore,Prevotella,2,0,"{""decreased_in_hcc"":0,""increased_in_hcc"":2}","{""decreased_in_hcc"":{""conflicts"":0,""opposition"":2,""passes"":false,""support"":0},""increased_in_hcc"":{""conflicts"":0,""opposition"":0,""passes"":true,""support"":2}}",increased_in_hcc,retained,2,0,be83edd85173b80836df62177bba3ecc92f880b000f8df3289132f8dda567090,report; resolved target taxon; comparisons ignored,report,resolved_target,ignore,primary_comparisons_and_primary_evidence_tiers
vu_report__taxon_resolved_target__comparison_ignore,Pyramidobacter,1,0,"{""decreased_in_hcc"":1,""increased_in_hcc"":0}","{""decreased_in_hcc"":{""conflicts"":0,""opposition"":0,""passes"":false,""support"":1},""increased_in_hcc"":{""conflicts"":0,""opposition"":1,""passes"":false,""support"":0}}",,not_retained,2,0,be83edd85173b80836df62177bba3ecc92f880b000f8df3289132f8dda567090,report; resolved target taxon; comparisons ignored,report,resolved_target,ignore,primary_comparisons_and_primary_evidence_tiers
vu_report__taxon_resolved_target__comparison_ignore,Raoultella,1,0,"{""decreased_in_hcc"":1,""increased_in_hcc"":0}","{""decreased_in_hcc"":{""conflicts"":0,""opposition"":0,""passes"":false,""support"":1},""increased_in_hcc"":{""conflicts"":0,""opposition"":1,""passes"":false,""support"":0}}",,not_retained,2,0,be83edd85173b80836df62177bba3ecc92f880b000f8df3289132f8dda567090,report; resolved target taxon; comparisons ignored,report,resolved_target,ignore,primary_comparisons_and_primary_evidence_tiers
vu_report__taxon_resolved_target__comparison_ignore,Rothia,1,0,"{""decreased_in_hcc"":0,""increased_in_hcc"":1}","{""decreased_in_hcc"":{""conflicts"":0,""opposition"":1,""passes"":false,""support"":0},""increased_in_hcc"":{""conflicts"":0,""opposition"":0,""passes"":false,""support"":1}}",,not_retained,2,0,be83edd85173b80836df62177bba3ecc92f880b000f8df3289132f8dda567090,report; resolved target taxon; comparisons ignored,report,resolved_target,ignore,primary_comparisons_and_primary_evidence_tiers
vu_report__taxon_resolved_target__comparison_ignore,Ruminococcus 2,1,0,"{""decreased_in_hcc"":1,""increased_in_hcc"":0}","{""decreased_in_hcc"":{""conflicts"":0,""opposition"":0,""passes"":false,""support"":1},""increased_in_hcc"":{""conflicts"":0,""opposition"":1,""passes"":false,""support"":0}}",,not_retained,2,0,be83edd85173b80836df62177bba3ecc92f880b000f8df3289132f8dda567090,report; resolved target taxon; comparisons ignored,report,resolved_target,ignore,primary_comparisons_and_primary_evidence_tiers
vu_report__taxon_resolved_target__comparison_ignore,Sarcina,1,0,"{""decreased_in_hcc"":0,""increased_in_hcc"":1}","{""decreased_in_hcc"":{""conflicts"":0,""opposition"":1,""passes"":false,""support"":0},""increased_in_hcc"":{""conflicts"":0,""opposition"":0,""passes"":false,""support"":1}}",,not_retained,2,0,be83edd85173b80836df62177bba3ecc92f880b000f8df3289132f8dda567090,report; resolved target taxon; comparisons ignored,report,resolved_target,ignore,primary_comparisons_and_primary_evidence_tiers
vu_report__taxon_resolved_target__comparison_ignore,Selenomonas,1,0,"{""decreased_in_hcc"":0,""increased_in_hcc"":1}","{""decreased_in_hcc"":{""conflicts"":0,""opposition"":1,""passes"":false,""support"":0},""increased_in_hcc"":{""conflicts"":0,""opposition"":0,""passes"":false,""support"":1}}",,not_retained,2,0,be83edd85173b80836df62177bba3ecc92f880b000f8df3289132f8dda567090,report; resolved target taxon; comparisons ignored,report,resolved_target,ignore,primary_comparisons_and_primary_evidence_tiers
vu_report__taxon_resolved_target__comparison_ignore,Streptococcus,1,0,"{""decreased_in_hcc"":0,""increased_in_hcc"":1}","{""decreased_in_hcc"":{""conflicts"":0,""opposition"":1,""passes"":false,""support"":0},""increased_in_hcc"":{""conflicts"":0,""opposition"":0,""passes"":false,""support"":1}}",,not_retained,2,0,be83edd85173b80836df62177bba3ecc92f880b000f8df3289132f8dda567090,report; resolved target taxon; comparisons ignored,report,resolved_target,ignore,primary_comparisons_and_primary_evidence_tiers
vu_report__taxon_resolved_target__comparison_ignore,Turicibacter,1,0,"{""decreased_in_hcc"":1,""increased_in_hcc"":0}","{""decreased_in_hcc"":{""conflicts"":0,""opposition"":0,""passes"":false,""support"":1},""increased_in_hcc"":{""conflicts"":0,""opposition"":1,""passes"":false,""support"":0}}",,not_retained,2,0,be83edd85173b80836df62177bba3ecc92f880b000f8df3289132f8dda567090,report; resolved target taxon; comparisons ignored,report,resolved_target,ignore,primary_comparisons_and_primary_evidence_tiers
vu_report__taxon_resolved_target__comparison_ignore,Veillonella,1,0,"{""decreased_in_hcc"":0,""increased_in_hcc"":1}","{""decreased_in_hcc"":{""conflicts"":0,""opposition"":1,""passes"":false,""support"":0},""increased_in_hcc"":{""conflicts"":0,""opposition"":0,""passes"":false,""support"":1}}",,not_retained,2,0,be83edd85173b80836df62177bba3ecc92f880b000f8df3289132f8dda567090,report; resolved target taxon; comparisons ignored,report,resolved_target,ignore,primary_comparisons_and_primary_evidence_tiers
vu_report__taxon_resolved_target__comparison_separate_votes,Acidaminococcus,2,0,"{""decreased_in_hcc"":2,""increased_in_hcc"":0}","{""decreased_in_hcc"":{""conflicts"":0,""opposition"":0,""passes"":true,""support"":2},""increased_in_hcc"":{""conflicts"":0,""opposition"":2,""passes"":false,""support"":0}}",decreased_in_hcc,retained,2,0,be83edd85173b80836df62177bba3ecc92f880b000f8df3289132f8dda567090,report; resolved target taxon; comparison-specific votes,report,resolved_target,separate_votes,primary_comparisons_and_primary_evidence_tiers
vu_report__taxon_resolved_target__comparison_separate_votes,Acinetobacter,1,0,"{""decreased_in_hcc"":0,""increased_in_hcc"":1}","{""decreased_in_hcc"":{""conflicts"":0,""opposition"":1,""passes"":false,""support"":0},""increased_in_hcc"":{""conflicts"":0,""opposition"":0,""passes"":false,""support"":1}}",,not_retained,2,0,be83edd85173b80836df62177bba3ecc92f880b000f8df3289132f8dda567090,report; resolved target taxon; comparison-specific votes,report,resolved_target,separate_votes,primary_comparisons_and_primary_evidence_tiers
vu_report__taxon_resolved_target__comparison_separate_votes,Actinomyces,2,0,"{""decreased_in_hcc"":0,""increased_in_hcc"":2}","{""decreased_in_hcc"":{""conflicts"":0,""opposition"":2,""passes"":false,""support"":0},""increased_in_hcc"":{""conflicts"":0,""opposition"":0,""passes"":true,""support"":2}}",increased_in_hcc,retained,2,0,be83edd85173b80836df62177bba3ecc92f880b000f8df3289132f8dda567090,report; resolved target taxon; comparison-specific votes,report,resolved_target,separate_votes,primary_comparisons_and_primary_evidence_tiers
vu_report__taxon_resolved_target__comparison_separate_votes,Alloprevotella,1,0,"{""decreased_in_hcc"":1,""increased_in_hcc"":0}","{""decreased_in_hcc"":{""conflicts"":0,""opposition"":0,""passes"":false,""support"":1},""increased_in_hcc"":{""conflicts"":0,""opposition"":1,""passes"":false,""support"":0}}",,not_retained,2,0,be83edd85173b80836df62177bba3ecc92f880b000f8df3289132f8dda567090,report; resolved target taxon; comparison-specific votes,report,resolved_target,separate_votes,primary_comparisons_and_primary_evidence_tiers
vu_report__taxon_resolved_target__comparison_separate_votes,Anaerostipes,1,0,"{""decreased_in_hcc"":1,""increased_in_hcc"":0}","{""decreased_in_hcc"":{""conflicts"":0,""opposition"":0,""passes"":false,""support"":1},""increased_in_hcc"":{""conflicts"":0,""opposition"":1,""passes"":false,""support"":0}}",,not_retained,2,0,be83edd85173b80836df62177bba3ecc92f880b000f8df3289132f8dda567090,report; resolved target taxon; comparison-specific votes,report,resolved_target,separate_votes,primary_comparisons_and_primary_evidence_tiers
vu_report__taxon_resolved_target__comparison_separate_votes,Anaerotruncus,3,0,"{""decreased_in_hcc"":2,""increased_in_hcc"":1}","{""decreased_in_hcc"":{""conflicts"":0,""opposition"":1,""passes"":false,""support"":2},""increased_in_hcc"":{""conflicts"":0,""opposition"":2,""passes"":false,""support"":1}}",,not_retained,2,0,be83edd85173b80836df62177bba3ecc92f880b000f8df3289132f8dda567090,report; resolved target taxon; comparison-specific votes,report,resolved_target,separate_votes,primary_comparisons_and_primary_evidence_tiers
vu_report__taxon_resolved_target__comparison_separate_votes,Atopobium,2,0,"{""decreased_in_hcc"":0,""increased_in_hcc"":2}","{""decreased_in_hcc"":{""conflicts"":0,""opposition"":2,""passes"":false,""support"":0},""increased_in_hcc"":{""conflicts"":0,""opposition"":0,""passes"":true,""support"":2}}",increased_in_hcc,retained,2,0,be83edd85173b80836df62177bba3ecc92f880b000f8df3289132f8dda567090,report; resolved target taxon; comparison-specific votes,report,resolved_target,separate_votes,primary_comparisons_and_primary_evidence_tiers
vu_report__taxon_resolved_target__comparison_separate_votes,Blautia,2,0,"{""decreased_in_hcc"":0,""increased_in_hcc"":2}","{""decreased_in_hcc"":{""conflicts"":0,""opposition"":2,""passes"":false,""support"":0},""increased_in_hcc"":{""conflicts"":0,""opposition"":0,""passes"":true,""support"":2}}",increased_in_hcc,retained,2,0,be83edd85173b80836df62177bba3ecc92f880b000f8df3289132f8dda567090,report; resolved target taxon; comparison-specific votes,report,resolved_target,separate_votes,primary_comparisons_and_primary_evidence_tiers
vu_report__taxon_resolved_target__comparison_separate_votes,Butyricimonas,1,0,"{""decreased_in_hcc"":1,""increased_in_hcc"":0}","{""decreased_in_hcc"":{""conflicts"":0,""opposition"":0,""passes"":false,""support"":1},""increased_in_hcc"":{""conflicts"":0,""opposition"":1,""passes"":false,""support"":0}}",,not_retained,2,0,be83edd85173b80836df62177bba3ecc92f880b000f8df3289132f8dda567090,report; resolved target taxon; comparison-specific votes,report,resolved_target,separate_votes,primary_comparisons_and_primary_evidence_tiers
vu_report__taxon_resolved_target__comparison_separate_votes,Cetobacterium,3,0,"{""decreased_in_hcc"":3,""increased_in_hcc"":0}","{""decreased_in_hcc"":{""conflicts"":0,""opposition"":0,""passes"":true,""support"":3},""increased_in_hcc"":{""conflicts"":0,""opposition"":3,""passes"":false,""support"":0}}",decreased_in_hcc,retained,2,0,be83edd85173b80836df62177bba3ecc92f880b000f8df3289132f8dda567090,report; resolved target taxon; comparison-specific votes,report,resolved_target,separate_votes,primary_comparisons_and_primary_evidence_tiers
vu_report__taxon_resolved_target__comparison_separate_votes,Cloacibacillus,1,0,"{""decreased_in_hcc"":1,""increased_in_hcc"":0}","{""decreased_in_hcc"":{""conflicts"":0,""opposition"":0,""passes"":false,""support"":1},""increased_in_hcc"":{""conflicts"":0,""opposition"":1,""passes"":false,""support"":0}}",,not_retained,2,0,be83edd85173b80836df62177bba3ecc92f880b000f8df3289132f8dda567090,report; resolved target taxon; comparison-specific votes,report,resolved_target,separate_votes,primary_comparisons_and_primary_evidence_tiers
vu_report__taxon_resolved_target__comparison_separate_votes,Clostridium XIVa,1,0,"{""decreased_in_hcc"":1,""increased_in_hcc"":0}","{""decreased_in_hcc"":{""conflicts"":0,""opposition"":0,""passes"":false,""support"":1},""increased_in_hcc"":{""conflicts"":0,""opposition"":1,""passes"":false,""support"":0}}",,not_retained,2,0,be83edd85173b80836df62177bba3ecc92f880b000f8df3289132f8dda567090,report; resolved target taxon; comparison-specific votes,report,resolved_target,separate_votes,primary_comparisons_and_primary_evidence_tiers
vu_report__taxon_resolved_target__comparison_separate_votes,Coprobacillus,2,0,"{""decreased_in_hcc"":2,""increased_in_hcc"":0}","{""decreased_in_hcc"":{""conflicts"":0,""opposition"":0,""passes"":true,""support"":2},""increased_in_hcc"":{""conflicts"":0,""opposition"":2,""passes"":false,""support"":0}}",decreased_in_hcc,retained,2,0,be83edd85173b80836df62177bba3ecc92f880b000f8df3289132f8dda567090,report; resolved target taxon; comparison-specific votes,report,resolved_target,separate_votes,primary_comparisons_and_primary_evidence_tiers
vu_report__taxon_resolved_target__comparison_separate_votes,Desulfococcus,3,0,"{""decreased_in_hcc"":0,""increased_in_hcc"":3}","{""decreased_in_hcc"":{""conflicts"":0,""opposition"":3,""passes"":false,""support"":0},""increased_in_hcc"":{""conflicts"":0,""opposition"":0,""passes"":true,""support"":3}}",increased_in_hcc,retained,2,0,be83edd85173b80836df62177bba3ecc92f880b000f8df3289132f8dda567090,report; resolved target taxon; comparison-specific votes,report,resolved_target,separate_votes,primary_comparisons_and_primary_evidence_tiers
vu_report__taxon_resolved_target__comparison_separate_votes,Enterobacter,3,0,"{""decreased_in_hcc"":0,""increased_in_hcc"":3}","{""decreased_in_hcc"":{""conflicts"":0,""opposition"":3,""passes"":false,""support"":0},""increased_in_hcc"":{""conflicts"":0,""opposition"":0,""passes"":true,""support"":3}}",increased_in_hcc,retained,2,0,be83edd85173b80836df62177bba3ecc92f880b000f8df3289132f8dda567090,report; resolved target taxon; comparison-specific votes,report,resolved_target,separate_votes,primary_comparisons_and_primary_evidence_tiers
vu_report__taxon_resolved_target__comparison_separate_votes,Enterococcus,1,0,"{""decreased_in_hcc"":0,""increased_in_hcc"":1}","{""decreased_in_hcc"":{""conflicts"":0,""opposition"":1,""passes"":false,""support"":0},""increased_in_hcc"":{""conflicts"":0,""opposition"":0,""passes"":false,""support"":1}}",,not_retained,2,0,be83edd85173b80836df62177bba3ecc92f880b000f8df3289132f8dda567090,report; resolved target taxon; comparison-specific votes,report,resolved_target,separate_votes,primary_comparisons_and_primary_evidence_tiers
vu_report__taxon_resolved_target__comparison_separate_votes,Eubacterium,1,0,"{""decreased_in_hcc"":0,""increased_in_hcc"":1}","{""decreased_in_hcc"":{""conflicts"":0,""opposition"":1,""passes"":false,""support"":0},""increased_in_hcc"":{""conflicts"":0,""opposition"":0,""passes"":false,""support"":1}}",,not_retained,2,0,be83edd85173b80836df62177bba3ecc92f880b000f8df3289132f8dda567090,report; resolved target taxon; comparison-specific votes,report,resolved_target,separate_votes,primary_comparisons_and_primary_evidence_tiers
vu_report__taxon_resolved_target__comparison_separate_votes,Eubacterium ventriosum group,1,0,"{""decreased_in_hcc"":1,""increased_in_hcc"":0}","{""decreased_in_hcc"":{""conflicts"":0,""opposition"":0,""passes"":false,""support"":1},""increased_in_hcc"":{""conflicts"":0,""opposition"":1,""passes"":false,""support"":0}}",,not_retained,2,0,be83edd85173b80836df62177bba3ecc92f880b000f8df3289132f8dda567090,report; resolved target taxon; comparison-specific votes,report,resolved_target,separate_votes,primary_comparisons_and_primary_evidence_tiers
vu_report__taxon_resolved_target__comparison_separate_votes,Fusobacterium,1,0,"{""decreased_in_hcc"":1,""increased_in_hcc"":0}","{""decreased_in_hcc"":{""conflicts"":0,""opposition"":0,""passes"":false,""support"":1},""increased_in_hcc"":{""conflicts"":0,""opposition"":1,""passes"":false,""support"":0}}",,not_retained,2,0,be83edd85173b80836df62177bba3ecc92f880b000f8df3289132f8dda567090,report; resolved target taxon; comparison-specific votes,report,resolved_target,separate_votes,primary_comparisons_and_primary_evidence_tiers
vu_report__taxon_resolved_target__comparison_separate_votes,Gemmiger,1,0,"{""decreased_in_hcc"":0,""increased_in_hcc"":1}","{""decreased_in_hcc"":{""conflicts"":0,""opposition"":1,""passes"":false,""support"":0},""increased_in_hcc"":{""conflicts"":0,""opposition"":0,""passes"":false,""support"":1}}",,not_retained,2,0,be83edd85173b80836df62177bba3ecc92f880b000f8df3289132f8dda567090,report; resolved target taxon; comparison-specific votes,report,resolved_target,separate_votes,primary_comparisons_and_primary_evidence_tiers
vu_report__taxon_resolved_target__comparison_separate_votes,Haemophilus,1,0,"{""decreased_in_hcc"":0,""increased_in_hcc"":1}","{""decreased_in_hcc"":{""conflicts"":0,""opposition"":1,""passes"":false,""support"":0},""increased_in_hcc"":{""conflicts"":0,""opposition"":0,""passes"":false,""support"":1}}",,not_retained,2,0,be83edd85173b80836df62177bba3ecc92f880b000f8df3289132f8dda567090,report; resolved target taxon; comparison-specific votes,report,resolved_target,separate_votes,primary_comparisons_and_primary_evidence_tiers
vu_report__taxon_resolved_target__comparison_separate_votes,Holdemania,1,0,"{""decreased_in_hcc"":1,""increased_in_hcc"":0}","{""decreased_in_hcc"":{""conflicts"":0,""opposition"":0,""passes"":false,""support"":1},""increased_in_hcc"":{""conflicts"":0,""opposition"":1,""passes"":false,""support"":0}}",,not_retained,2,0,be83edd85173b80836df62177bba3ecc92f880b000f8df3289132f8dda567090,report; resolved target taxon; comparison-specific votes,report,resolved_target,separate_votes,primary_comparisons_and_primary_evidence_tiers
vu_report__taxon_resolved_target__comparison_separate_votes,Lachnospira,1,0,"{""decreased_in_hcc"":1,""increased_in_hcc"":0}","{""decreased_in_hcc"":{""conflicts"":0,""opposition"":0,""passes"":false,""support"":1},""increased_in_hcc"":{""conflicts"":0,""opposition"":1,""passes"":false,""support"":0}}",,not_retained,2,0,be83edd85173b80836df62177bba3ecc92f880b000f8df3289132f8dda567090,report; resolved target taxon; comparison-specific votes,report,resolved_target,separate_votes,primary_comparisons_and_primary_evidence_tiers
vu_report__taxon_resolved_target__comparison_separate_votes,Lachnospiraceae UCG-001,1,0,"{""decreased_in_hcc"":1,""increased_in_hcc"":0}","{""decreased_in_hcc"":{""conflicts"":0,""opposition"":0,""passes"":false,""support"":1},""increased_in_hcc"":{""conflicts"":0,""opposition"":1,""passes"":false,""support"":0}}",,not_retained,2,0,be83edd85173b80836df62177bba3ecc92f880b000f8df3289132f8dda567090,report; resolved target taxon; comparison-specific votes,report,resolved_target,separate_votes,primary_comparisons_and_primary_evidence_tiers
vu_report__taxon_resolved_target__comparison_separate_votes,Lactobacillus,2,0,"{""decreased_in_hcc"":0,""increased_in_hcc"":2}","{""decreased_in_hcc"":{""conflicts"":0,""opposition"":2,""passes"":false,""support"":0},""increased_in_hcc"":{""conflicts"":0,""opposition"":0,""passes"":true,""support"":2}}",increased_in_hcc,retained,2,0,be83edd85173b80836df62177bba3ecc92f880b000f8df3289132f8dda567090,report; resolved target taxon; comparison-specific votes,report,resolved_target,separate_votes,primary_comparisons_and_primary_evidence_tiers
vu_report__taxon_resolved_target__comparison_separate_votes,Lactococcus,2,0,"{""decreased_in_hcc"":0,""increased_in_hcc"":2}","{""decreased_in_hcc"":{""conflicts"":0,""opposition"":2,""passes"":false,""support"":0},""increased_in_hcc"":{""conflicts"":0,""opposition"":0,""passes"":true,""support"":2}}",increased_in_hcc,retained,2,0,be83edd85173b80836df62177bba3ecc92f880b000f8df3289132f8dda567090,report; resolved target taxon; comparison-specific votes,report,resolved_target,separate_votes,primary_comparisons_and_primary_evidence_tiers
vu_report__taxon_resolved_target__comparison_separate_votes,Leptotrichia,2,0,"{""decreased_in_hcc"":0,""increased_in_hcc"":2}","{""decreased_in_hcc"":{""conflicts"":0,""opposition"":2,""passes"":false,""support"":0},""increased_in_hcc"":{""conflicts"":0,""opposition"":0,""passes"":true,""support"":2}}",increased_in_hcc,retained,2,0,be83edd85173b80836df62177bba3ecc92f880b000f8df3289132f8dda567090,report; resolved target taxon; comparison-specific votes,report,resolved_target,separate_votes,primary_comparisons_and_primary_evidence_tiers
vu_report__taxon_resolved_target__comparison_separate_votes,Megamonas,2,0,"{""decreased_in_hcc"":2,""increased_in_hcc"":0}","{""decreased_in_hcc"":{""conflicts"":0,""opposition"":0,""passes"":true,""support"":2},""increased_in_hcc"":{""conflicts"":0,""opposition"":2,""passes"":false,""support"":0}}",decreased_in_hcc,retained,2,0,be83edd85173b80836df62177bba3ecc92f880b000f8df3289132f8dda567090,report; resolved target taxon; comparison-specific votes,report,resolved_target,separate_votes,primary_comparisons_and_primary_evidence_tiers
vu_report__taxon_resolved_target__comparison_separate_votes,Methanobrevibacter,1,0,"{""decreased_in_hcc"":1,""increased_in_hcc"":0}","{""decreased_in_hcc"":{""conflicts"":0,""opposition"":0,""passes"":false,""support"":1},""increased_in_hcc"":{""conflicts"":0,""opposition"":1,""passes"":false,""support"":0}}",,not_retained,2,0,be83edd85173b80836df62177bba3ecc92f880b000f8df3289132f8dda567090,report; resolved target taxon; comparison-specific votes,report,resolved_target,separate_votes,primary_comparisons_and_primary_evidence_tiers
vu_report__taxon_resolved_target__comparison_separate_votes,Neisseria,1,0,"{""decreased_in_hcc"":0,""increased_in_hcc"":1}","{""decreased_in_hcc"":{""conflicts"":0,""opposition"":1,""passes"":false,""support"":0},""increased_in_hcc"":{""conflicts"":0,""opposition"":0,""passes"":false,""support"":1}}",,not_retained,2,0,be83edd85173b80836df62177bba3ecc92f880b000f8df3289132f8dda567090,report; resolved target taxon; comparison-specific votes,report,resolved_target,separate_votes,primary_comparisons_and_primary_evidence_tiers
vu_report__taxon_resolved_target__comparison_separate_votes,Odoribacter,1,0,"{""decreased_in_hcc"":1,""increased_in_hcc"":0}","{""decreased_in_hcc"":{""conflicts"":0,""opposition"":0,""passes"":false,""support"":1},""increased_in_hcc"":{""conflicts"":0,""opposition"":1,""passes"":false,""support"":0}}",,not_retained,2,0,be83edd85173b80836df62177bba3ecc92f880b000f8df3289132f8dda567090,report; resolved target taxon; comparison-specific votes,report,resolved_target,separate_votes,primary_comparisons_and_primary_evidence_tiers
vu_report__taxon_resolved_target__comparison_separate_votes,Oribacterium,1,0,"{""decreased_in_hcc"":0,""increased_in_hcc"":1}","{""decreased_in_hcc"":{""conflicts"":0,""opposition"":1,""passes"":false,""support"":0},""increased_in_hcc"":{""conflicts"":0,""opposition"":0,""passes"":false,""support"":1}}",,not_retained,2,0,be83edd85173b80836df62177bba3ecc92f880b000f8df3289132f8dda567090,report; resolved target taxon; comparison-specific votes,report,resolved_target,separate_votes,primary_comparisons_and_primary_evidence_tiers
vu_report__taxon_resolved_target__comparison_separate_votes,Paraprevotella,2,0,"{""decreased_in_hcc"":0,""increased_in_hcc"":2}","{""decreased_in_hcc"":{""conflicts"":0,""opposition"":2,""passes"":false,""support"":0},""increased_in_hcc"":{""conflicts"":0,""opposition"":0,""passes"":true,""support"":2}}",increased_in_hcc,retained,2,0,be83edd85173b80836df62177bba3ecc92f880b000f8df3289132f8dda567090,report; resolved target taxon; comparison-specific votes,report,resolved_target,separate_votes,primary_comparisons_and_primary_evidence_tiers
vu_report__taxon_resolved_target__comparison_separate_votes,Phascolarctobacterium,1,0,"{""decreased_in_hcc"":0,""increased_in_hcc"":1}","{""decreased_in_hcc"":{""conflicts"":0,""opposition"":1,""passes"":false,""support"":0},""increased_in_hcc"":{""conflicts"":0,""opposition"":0,""passes"":false,""support"":1}}",,not_retained,2,0,be83edd85173b80836df62177bba3ecc92f880b000f8df3289132f8dda567090,report; resolved target taxon; comparison-specific votes,report,resolved_target,separate_votes,primary_comparisons_and_primary_evidence_tiers
vu_report__taxon_resolved_target__comparison_separate_votes,Prevotella,4,0,"{""decreased_in_hcc"":0,""increased_in_hcc"":4}","{""decreased_in_hcc"":{""conflicts"":0,""opposition"":4,""passes"":false,""support"":0},""increased_in_hcc"":{""conflicts"":0,""opposition"":0,""passes"":true,""support"":4}}",increased_in_hcc,retained,2,0,be83edd85173b80836df62177bba3ecc92f880b000f8df3289132f8dda567090,report; resolved target taxon; comparison-specific votes,report,resolved_target,separate_votes,primary_comparisons_and_primary_evidence_tiers
vu_report__taxon_resolved_target__comparison_separate_votes,Pyramidobacter,2,0,"{""decreased_in_hcc"":2,""increased_in_hcc"":0}","{""decreased_in_hcc"":{""conflicts"":0,""opposition"":0,""passes"":true,""support"":2},""increased_in_hcc"":{""conflicts"":0,""opposition"":2,""passes"":false,""support"":0}}",decreased_in_hcc,retained,2,0,be83edd85173b80836df62177bba3ecc92f880b000f8df3289132f8dda567090,report; resolved target taxon; comparison-specific votes,report,resolved_target,separate_votes,primary_comparisons_and_primary_evidence_tiers
vu_report__taxon_resolved_target__comparison_separate_votes,Raoultella,1,0,"{""decreased_in_hcc"":1,""increased_in_hcc"":0}","{""decreased_in_hcc"":{""conflicts"":0,""opposition"":0,""passes"":false,""support"":1},""increased_in_hcc"":{""conflicts"":0,""opposition"":1,""passes"":false,""support"":0}}",,not_retained,2,0,be83edd85173b80836df62177bba3ecc92f880b000f8df3289132f8dda567090,report; resolved target taxon; comparison-specific votes,report,resolved_target,separate_votes,primary_comparisons_and_primary_evidence_tiers
vu_report__taxon_resolved_target__comparison_separate_votes,Rothia,1,0,"{""decreased_in_hcc"":0,""increased_in_hcc"":1}","{""decreased_in_hcc"":{""conflicts"":0,""opposition"":1,""passes"":false,""support"":0},""increased_in_hcc"":{""conflicts"":0,""opposition"":0,""passes"":false,""support"":1}}",,not_retained,2,0,be83edd85173b80836df62177bba3ecc92f880b000f8df3289132f8dda567090,report; resolved target taxon; comparison-specific votes,report,resolved_target,separate_votes,primary_comparisons_and_primary_evidence_tiers
vu_report__taxon_resolved_target__comparison_separate_votes,Ruminococcus 2,1,0,"{""decreased_in_hcc"":1,""increased_in_hcc"":0}","{""decreased_in_hcc"":{""conflicts"":0,""opposition"":0,""passes"":false,""support"":1},""increased_in_hcc"":{""conflicts"":0,""opposition"":1,""passes"":false,""support"":0}}",,not_retained,2,0,be83edd85173b80836df62177bba3ecc92f880b000f8df3289132f8dda567090,report; resolved target taxon; comparison-specific votes,report,resolved_target,separate_votes,primary_comparisons_and_primary_evidence_tiers
vu_report__taxon_resolved_target__comparison_separate_votes,Sarcina,1,0,"{""decreased_in_hcc"":0,""increased_in_hcc"":1}","{""decreased_in_hcc"":{""conflicts"":0,""opposition"":1,""passes"":false,""support"":0},""increased_in_hcc"":{""conflicts"":0,""opposition"":0,""passes"":false,""support"":1}}",,not_retained,2,0,be83edd85173b80836df62177bba3ecc92f880b000f8df3289132f8dda567090,report; resolved target taxon; comparison-specific votes,report,resolved_target,separate_votes,primary_comparisons_and_primary_evidence_tiers
vu_report__taxon_resolved_target__comparison_separate_votes,Selenomonas,1,0,"{""decreased_in_hcc"":0,""increased_in_hcc"":1}","{""decreased_in_hcc"":{""conflicts"":0,""opposition"":1,""passes"":false,""support"":0},""increased_in_hcc"":{""conflicts"":0,""opposition"":0,""passes"":false,""support"":1}}",,not_retained,2,0,be83edd85173b80836df62177bba3ecc92f880b000f8df3289132f8dda567090,report; resolved target taxon; comparison-specific votes,report,resolved_target,separate_votes,primary_comparisons_and_primary_evidence_tiers
vu_report__taxon_resolved_target__comparison_separate_votes,Streptococcus,1,0,"{""decreased_in_hcc"":0,""increased_in_hcc"":1}","{""decreased_in_hcc"":{""conflicts"":0,""opposition"":1,""passes"":false,""support"":0},""increased_in_hcc"":{""conflicts"":0,""opposition"":0,""passes"":false,""support"":1}}",,not_retained,2,0,be83edd85173b80836df62177bba3ecc92f880b000f8df3289132f8dda567090,report; resolved target taxon; comparison-specific votes,report,resolved_target,separate_votes,primary_comparisons_and_primary_evidence_tiers
vu_report__taxon_resolved_target__comparison_separate_votes,Turicibacter,2,0,"{""decreased_in_hcc"":2,""increased_in_hcc"":0}","{""decreased_in_hcc"":{""conflicts"":0,""opposition"":0,""passes"":true,""support"":2},""increased_in_hcc"":{""conflicts"":0,""opposition"":2,""passes"":false,""support"":0}}",decreased_in_hcc,retained,2,0,be83edd85173b80836df62177bba3ecc92f880b000f8df3289132f8dda567090,report; resolved target taxon; comparison-specific votes,report,resolved_target,separate_votes,primary_comparisons_and_primary_evidence_tiers
vu_report__taxon_resolved_target__comparison_separate_votes,Veillonella,3,0,"{""decreased_in_hcc"":0,""increased_in_hcc"":3}","{""decreased_in_hcc"":{""conflicts"":0,""opposition"":3,""passes"":false,""support"":0},""increased_in_hcc"":{""conflicts"":0,""opposition"":0,""passes"":true,""support"":3}}",increased_in_hcc,retained,2,0,be83edd85173b80836df62177bba3ecc92f880b000f8df3289132f8dda567090,report; resolved target taxon; comparison-specific votes,report,resolved_target,separate_votes,primary_comparisons_and_primary_evidence_tiers
vu_report__taxon_source_label__comparison_family_state,Acidaminococcus,1,0,"{""decreased_in_hcc"":1,""increased_in_hcc"":0}","{""decreased_in_hcc"":{""conflicts"":0,""opposition"":0,""passes"":false,""support"":1},""increased_in_hcc"":{""conflicts"":0,""opposition"":1,""passes"":false,""support"":0}}",,not_retained,2,0,be83edd85173b80836df62177bba3ecc92f880b000f8df3289132f8dda567090,report; source label; family-state collapse,report,source_label,family_state,primary_comparisons_and_primary_evidence_tiers
vu_report__taxon_source_label__comparison_family_state,Acinetobacter,1,0,"{""decreased_in_hcc"":0,""increased_in_hcc"":1}","{""decreased_in_hcc"":{""conflicts"":0,""opposition"":1,""passes"":false,""support"":0},""increased_in_hcc"":{""conflicts"":0,""opposition"":0,""passes"":false,""support"":1}}",,not_retained,2,0,be83edd85173b80836df62177bba3ecc92f880b000f8df3289132f8dda567090,report; source label; family-state collapse,report,source_label,family_state,primary_comparisons_and_primary_evidence_tiers
vu_report__taxon_source_label__comparison_family_state,Actinomyces,1,0,"{""decreased_in_hcc"":0,""increased_in_hcc"":1}","{""decreased_in_hcc"":{""conflicts"":0,""opposition"":1,""passes"":false,""support"":0},""increased_in_hcc"":{""conflicts"":0,""opposition"":0,""passes"":false,""support"":1}}",,not_retained,2,0,be83edd85173b80836df62177bba3ecc92f880b000f8df3289132f8dda567090,report; source label; family-state collapse,report,source_label,family_state,primary_comparisons_and_primary_evidence_tiers
vu_report__taxon_source_label__comparison_family_state,Alloprevotella,1,0,"{""decreased_in_hcc"":1,""increased_in_hcc"":0}","{""decreased_in_hcc"":{""conflicts"":0,""opposition"":0,""passes"":false,""support"":1},""increased_in_hcc"":{""conflicts"":0,""opposition"":1,""passes"":false,""support"":0}}",,not_retained,2,0,be83edd85173b80836df62177bba3ecc92f880b000f8df3289132f8dda567090,report; source label; family-state collapse,report,source_label,family_state,primary_comparisons_and_primary_evidence_tiers
vu_report__taxon_source_label__comparison_family_state,Anaerostipes,1,0,"{""decreased_in_hcc"":1,""increased_in_hcc"":0}","{""decreased_in_hcc"":{""conflicts"":0,""opposition"":0,""passes"":false,""support"":1},""increased_in_hcc"":{""conflicts"":0,""opposition"":1,""passes"":false,""support"":0}}",,not_retained,2,0,be83edd85173b80836df62177bba3ecc92f880b000f8df3289132f8dda567090,report; source label; family-state collapse,report,source_label,family_state,primary_comparisons_and_primary_evidence_tiers
vu_report__taxon_source_label__comparison_family_state,Anaerotruncus,2,0,"{""decreased_in_hcc"":1,""increased_in_hcc"":1}","{""decreased_in_hcc"":{""conflicts"":0,""opposition"":1,""passes"":false,""support"":1},""increased_in_hcc"":{""conflicts"":0,""opposition"":1,""passes"":false,""support"":1}}",,not_retained,2,0,be83edd85173b80836df62177bba3ecc92f880b000f8df3289132f8dda567090,report; source label; family-state collapse,report,source_label,family_state,primary_comparisons_and_primary_evidence_tiers
vu_report__taxon_source_label__comparison_family_state,Atopobium,1,0,"{""decreased_in_hcc"":0,""increased_in_hcc"":1}","{""decreased_in_hcc"":{""conflicts"":0,""opposition"":1,""passes"":false,""support"":0},""increased_in_hcc"":{""conflicts"":0,""opposition"":0,""passes"":false,""support"":1}}",,not_retained,2,0,be83edd85173b80836df62177bba3ecc92f880b000f8df3289132f8dda567090,report; source label; family-state collapse,report,source_label,family_state,primary_comparisons_and_primary_evidence_tiers
vu_report__taxon_source_label__comparison_family_state,Blautia,2,0,"{""decreased_in_hcc"":0,""increased_in_hcc"":2}","{""decreased_in_hcc"":{""conflicts"":0,""opposition"":2,""passes"":false,""support"":0},""increased_in_hcc"":{""conflicts"":0,""opposition"":0,""passes"":true,""support"":2}}",increased_in_hcc,retained,2,0,be83edd85173b80836df62177bba3ecc92f880b000f8df3289132f8dda567090,report; source label; family-state collapse,report,source_label,family_state,primary_comparisons_and_primary_evidence_tiers
vu_report__taxon_source_label__comparison_family_state,Butyricimonas,1,0,"{""decreased_in_hcc"":1,""increased_in_hcc"":0}","{""decreased_in_hcc"":{""conflicts"":0,""opposition"":0,""passes"":false,""support"":1},""increased_in_hcc"":{""conflicts"":0,""opposition"":1,""passes"":false,""support"":0}}",,not_retained,2,0,be83edd85173b80836df62177bba3ecc92f880b000f8df3289132f8dda567090,report; source label; family-state collapse,report,source_label,family_state,primary_comparisons_and_primary_evidence_tiers
vu_report__taxon_source_label__comparison_family_state,Cetobacterium,1,0,"{""decreased_in_hcc"":1,""increased_in_hcc"":0}","{""decreased_in_hcc"":{""conflicts"":0,""opposition"":0,""passes"":false,""support"":1},""increased_in_hcc"":{""conflicts"":0,""opposition"":1,""passes"":false,""support"":0}}",,not_retained,2,0,be83edd85173b80836df62177bba3ecc92f880b000f8df3289132f8dda567090,report; source label; family-state collapse,report,source_label,family_state,primary_comparisons_and_primary_evidence_tiers
vu_report__taxon_source_label__comparison_family_state,Cloacibacillus,1,0,"{""decreased_in_hcc"":1,""increased_in_hcc"":0}","{""decreased_in_hcc"":{""conflicts"":0,""opposition"":0,""passes"":false,""support"":1},""increased_in_hcc"":{""conflicts"":0,""opposition"":1,""passes"":false,""support"":0}}",,not_retained,2,0,be83edd85173b80836df62177bba3ecc92f880b000f8df3289132f8dda567090,report; source label; family-state collapse,report,source_label,family_state,primary_comparisons_and_primary_evidence_tiers
vu_report__taxon_source_label__comparison_family_state,Clostridium XIVa,1,0,"{""decreased_in_hcc"":1,""increased_in_hcc"":0}","{""decreased_in_hcc"":{""conflicts"":0,""opposition"":0,""passes"":false,""support"":1},""increased_in_hcc"":{""conflicts"":0,""opposition"":1,""passes"":false,""support"":0}}",,not_retained,2,0,be83edd85173b80836df62177bba3ecc92f880b000f8df3289132f8dda567090,report; source label; family-state collapse,report,source_label,family_state,primary_comparisons_and_primary_evidence_tiers
vu_report__taxon_source_label__comparison_family_state,Coprobacillus,1,0,"{""decreased_in_hcc"":1,""increased_in_hcc"":0}","{""decreased_in_hcc"":{""conflicts"":0,""opposition"":0,""passes"":false,""support"":1},""increased_in_hcc"":{""conflicts"":0,""opposition"":1,""passes"":false,""support"":0}}",,not_retained,2,0,be83edd85173b80836df62177bba3ecc92f880b000f8df3289132f8dda567090,report; source label; family-state collapse,report,source_label,family_state,primary_comparisons_and_primary_evidence_tiers
vu_report__taxon_source_label__comparison_family_state,Desulfococcus,1,0,"{""decreased_in_hcc"":0,""increased_in_hcc"":1}","{""decreased_in_hcc"":{""conflicts"":0,""opposition"":1,""passes"":false,""support"":0},""increased_in_hcc"":{""conflicts"":0,""opposition"":0,""passes"":false,""support"":1}}",,not_retained,2,0,be83edd85173b80836df62177bba3ecc92f880b000f8df3289132f8dda567090,report; source label; family-state collapse,report,source_label,family_state,primary_comparisons_and_primary_evidence_tiers
vu_report__taxon_source_label__comparison_family_state,Enterobacter,1,0,"{""decreased_in_hcc"":0,""increased_in_hcc"":1}","{""decreased_in_hcc"":{""conflicts"":0,""opposition"":1,""passes"":false,""support"":0},""increased_in_hcc"":{""conflicts"":0,""opposition"":0,""passes"":false,""support"":1}}",,not_retained,2,0,be83edd85173b80836df62177bba3ecc92f880b000f8df3289132f8dda567090,report; source label; family-state collapse,report,source_label,family_state,primary_comparisons_and_primary_evidence_tiers
vu_report__taxon_source_label__comparison_family_state,Enterococcus,1,0,"{""decreased_in_hcc"":0,""increased_in_hcc"":1}","{""decreased_in_hcc"":{""conflicts"":0,""opposition"":1,""passes"":false,""support"":0},""increased_in_hcc"":{""conflicts"":0,""opposition"":0,""passes"":false,""support"":1}}",,not_retained,2,0,be83edd85173b80836df62177bba3ecc92f880b000f8df3289132f8dda567090,report; source label; family-state collapse,report,source_label,family_state,primary_comparisons_and_primary_evidence_tiers
vu_report__taxon_source_label__comparison_family_state,Eubacterium,1,0,"{""decreased_in_hcc"":0,""increased_in_hcc"":1}","{""decreased_in_hcc"":{""conflicts"":0,""opposition"":1,""passes"":false,""support"":0},""increased_in_hcc"":{""conflicts"":0,""opposition"":0,""passes"":false,""support"":1}}",,not_retained,2,0,be83edd85173b80836df62177bba3ecc92f880b000f8df3289132f8dda567090,report; source label; family-state collapse,report,source_label,family_state,primary_comparisons_and_primary_evidence_tiers
vu_report__taxon_source_label__comparison_family_state,Eubacterium ventriosum group,1,0,"{""decreased_in_hcc"":1,""increased_in_hcc"":0}","{""decreased_in_hcc"":{""conflicts"":0,""opposition"":0,""passes"":false,""support"":1},""increased_in_hcc"":{""conflicts"":0,""opposition"":1,""passes"":false,""support"":0}}",,not_retained,2,0,be83edd85173b80836df62177bba3ecc92f880b000f8df3289132f8dda567090,report; source label; family-state collapse,report,source_label,family_state,primary_comparisons_and_primary_evidence_tiers
vu_report__taxon_source_label__comparison_family_state,Fusobacterium,1,0,"{""decreased_in_hcc"":1,""increased_in_hcc"":0}","{""decreased_in_hcc"":{""conflicts"":0,""opposition"":0,""passes"":false,""support"":1},""increased_in_hcc"":{""conflicts"":0,""opposition"":1,""passes"":false,""support"":0}}",,not_retained,2,0,be83edd85173b80836df62177bba3ecc92f880b000f8df3289132f8dda567090,report; source label; family-state collapse,report,source_label,family_state,primary_comparisons_and_primary_evidence_tiers
vu_report__taxon_source_label__comparison_family_state,Gemmiger,1,0,"{""decreased_in_hcc"":0,""increased_in_hcc"":1}","{""decreased_in_hcc"":{""conflicts"":0,""opposition"":1,""passes"":false,""support"":0},""increased_in_hcc"":{""conflicts"":0,""opposition"":0,""passes"":false,""support"":1}}",,not_retained,2,0,be83edd85173b80836df62177bba3ecc92f880b000f8df3289132f8dda567090,report; source label; family-state collapse,report,source_label,family_state,primary_comparisons_and_primary_evidence_tiers
vu_report__taxon_source_label__comparison_family_state,Haemophilus,1,0,"{""decreased_in_hcc"":0,""increased_in_hcc"":1}","{""decreased_in_hcc"":{""conflicts"":0,""opposition"":1,""passes"":false,""support"":0},""increased_in_hcc"":{""conflicts"":0,""opposition"":0,""passes"":false,""support"":1}}",,not_retained,2,0,be83edd85173b80836df62177bba3ecc92f880b000f8df3289132f8dda567090,report; source label; family-state collapse,report,source_label,family_state,primary_comparisons_and_primary_evidence_tiers
vu_report__taxon_source_label__comparison_family_state,Holdemania,1,0,"{""decreased_in_hcc"":1,""increased_in_hcc"":0}","{""decreased_in_hcc"":{""conflicts"":0,""opposition"":0,""passes"":false,""support"":1},""increased_in_hcc"":{""conflicts"":0,""opposition"":1,""passes"":false,""support"":0}}",,not_retained,2,0,be83edd85173b80836df62177bba3ecc92f880b000f8df3289132f8dda567090,report; source label; family-state collapse,report,source_label,family_state,primary_comparisons_and_primary_evidence_tiers
vu_report__taxon_source_label__comparison_family_state,Lachnospira,1,0,"{""decreased_in_hcc"":1,""increased_in_hcc"":0}","{""decreased_in_hcc"":{""conflicts"":0,""opposition"":0,""passes"":false,""support"":1},""increased_in_hcc"":{""conflicts"":0,""opposition"":1,""passes"":false,""support"":0}}",,not_retained,2,0,be83edd85173b80836df62177bba3ecc92f880b000f8df3289132f8dda567090,report; source label; family-state collapse,report,source_label,family_state,primary_comparisons_and_primary_evidence_tiers
vu_report__taxon_source_label__comparison_family_state,Lachnospiraceae UCG-001,1,0,"{""decreased_in_hcc"":1,""increased_in_hcc"":0}","{""decreased_in_hcc"":{""conflicts"":0,""opposition"":0,""passes"":false,""support"":1},""increased_in_hcc"":{""conflicts"":0,""opposition"":1,""passes"":false,""support"":0}}",,not_retained,2,0,be83edd85173b80836df62177bba3ecc92f880b000f8df3289132f8dda567090,report; source label; family-state collapse,report,source_label,family_state,primary_comparisons_and_primary_evidence_tiers
vu_report__taxon_source_label__comparison_family_state,Lactobacillus,1,0,"{""decreased_in_hcc"":0,""increased_in_hcc"":1}","{""decreased_in_hcc"":{""conflicts"":0,""opposition"":1,""passes"":false,""support"":0},""increased_in_hcc"":{""conflicts"":0,""opposition"":0,""passes"":false,""support"":1}}",,not_retained,2,0,be83edd85173b80836df62177bba3ecc92f880b000f8df3289132f8dda567090,report; source label; family-state collapse,report,source_label,family_state,primary_comparisons_and_primary_evidence_tiers
vu_report__taxon_source_label__comparison_family_state,Lactococcus,1,0,"{""decreased_in_hcc"":0,""increased_in_hcc"":1}","{""decreased_in_hcc"":{""conflicts"":0,""opposition"":1,""passes"":false,""support"":0},""increased_in_hcc"":{""conflicts"":0,""opposition"":0,""passes"":false,""support"":1}}",,not_retained,2,0,be83edd85173b80836df62177bba3ecc92f880b000f8df3289132f8dda567090,report; source label; family-state collapse,report,source_label,family_state,primary_comparisons_and_primary_evidence_tiers
vu_report__taxon_source_label__comparison_family_state,Leptotrichia,1,0,"{""decreased_in_hcc"":0,""increased_in_hcc"":1}","{""decreased_in_hcc"":{""conflicts"":0,""opposition"":1,""passes"":false,""support"":0},""increased_in_hcc"":{""conflicts"":0,""opposition"":0,""passes"":false,""support"":1}}",,not_retained,2,0,be83edd85173b80836df62177bba3ecc92f880b000f8df3289132f8dda567090,report; source label; family-state collapse,report,source_label,family_state,primary_comparisons_and_primary_evidence_tiers
vu_report__taxon_source_label__comparison_family_state,Megamonas,1,0,"{""decreased_in_hcc"":1,""increased_in_hcc"":0}","{""decreased_in_hcc"":{""conflicts"":0,""opposition"":0,""passes"":false,""support"":1},""increased_in_hcc"":{""conflicts"":0,""opposition"":1,""passes"":false,""support"":0}}",,not_retained,2,0,be83edd85173b80836df62177bba3ecc92f880b000f8df3289132f8dda567090,report; source label; family-state collapse,report,source_label,family_state,primary_comparisons_and_primary_evidence_tiers
vu_report__taxon_source_label__comparison_family_state,Methanobrevibacter,1,0,"{""decreased_in_hcc"":1,""increased_in_hcc"":0}","{""decreased_in_hcc"":{""conflicts"":0,""opposition"":0,""passes"":false,""support"":1},""increased_in_hcc"":{""conflicts"":0,""opposition"":1,""passes"":false,""support"":0}}",,not_retained,2,0,be83edd85173b80836df62177bba3ecc92f880b000f8df3289132f8dda567090,report; source label; family-state collapse,report,source_label,family_state,primary_comparisons_and_primary_evidence_tiers
vu_report__taxon_source_label__comparison_family_state,Neisseria,1,0,"{""decreased_in_hcc"":0,""increased_in_hcc"":1}","{""decreased_in_hcc"":{""conflicts"":0,""opposition"":1,""passes"":false,""support"":0},""increased_in_hcc"":{""conflicts"":0,""opposition"":0,""passes"":false,""support"":1}}",,not_retained,2,0,be83edd85173b80836df62177bba3ecc92f880b000f8df3289132f8dda567090,report; source label; family-state collapse,report,source_label,family_state,primary_comparisons_and_primary_evidence_tiers
vu_report__taxon_source_label__comparison_family_state,Odoribacter,1,0,"{""decreased_in_hcc"":1,""increased_in_hcc"":0}","{""decreased_in_hcc"":{""conflicts"":0,""opposition"":0,""passes"":false,""support"":1},""increased_in_hcc"":{""conflicts"":0,""opposition"":1,""passes"":false,""support"":0}}",,not_retained,2,0,be83edd85173b80836df62177bba3ecc92f880b000f8df3289132f8dda567090,report; source label; family-state collapse,report,source_label,family_state,primary_comparisons_and_primary_evidence_tiers
vu_report__taxon_source_label__comparison_family_state,Oribacterium,1,0,"{""decreased_in_hcc"":0,""increased_in_hcc"":1}","{""decreased_in_hcc"":{""conflicts"":0,""opposition"":1,""passes"":false,""support"":0},""increased_in_hcc"":{""conflicts"":0,""opposition"":0,""passes"":false,""support"":1}}",,not_retained,2,0,be83edd85173b80836df62177bba3ecc92f880b000f8df3289132f8dda567090,report; source label; family-state collapse,report,source_label,family_state,primary_comparisons_and_primary_evidence_tiers
vu_report__taxon_source_label__comparison_family_state,Paraprevotella,1,0,"{""decreased_in_hcc"":0,""increased_in_hcc"":1}","{""decreased_in_hcc"":{""conflicts"":0,""opposition"":1,""passes"":false,""support"":0},""increased_in_hcc"":{""conflicts"":0,""opposition"":0,""passes"":false,""support"":1}}",,not_retained,2,0,be83edd85173b80836df62177bba3ecc92f880b000f8df3289132f8dda567090,report; source label; family-state collapse,report,source_label,family_state,primary_comparisons_and_primary_evidence_tiers
vu_report__taxon_source_label__comparison_family_state,Phascolarctobacterium,1,0,"{""decreased_in_hcc"":0,""increased_in_hcc"":1}","{""decreased_in_hcc"":{""conflicts"":0,""opposition"":1,""passes"":false,""support"":0},""increased_in_hcc"":{""conflicts"":0,""opposition"":0,""passes"":false,""support"":1}}",,not_retained,2,0,be83edd85173b80836df62177bba3ecc92f880b000f8df3289132f8dda567090,report; source label; family-state collapse,report,source_label,family_state,primary_comparisons_and_primary_evidence_tiers
vu_report__taxon_source_label__comparison_family_state,Prevotella,2,0,"{""decreased_in_hcc"":0,""increased_in_hcc"":2}","{""decreased_in_hcc"":{""conflicts"":0,""opposition"":2,""passes"":false,""support"":0},""increased_in_hcc"":{""conflicts"":0,""opposition"":0,""passes"":true,""support"":2}}",increased_in_hcc,retained,2,0,be83edd85173b80836df62177bba3ecc92f880b000f8df3289132f8dda567090,report; source label; family-state collapse,report,source_label,family_state,primary_comparisons_and_primary_evidence_tiers
vu_report__taxon_source_label__comparison_family_state,Pyramidobacter,1,0,"{""decreased_in_hcc"":1,""increased_in_hcc"":0}","{""decreased_in_hcc"":{""conflicts"":0,""opposition"":0,""passes"":false,""support"":1},""increased_in_hcc"":{""conflicts"":0,""opposition"":1,""passes"":false,""support"":0}}",,not_retained,2,0,be83edd85173b80836df62177bba3ecc92f880b000f8df3289132f8dda567090,report; source label; family-state collapse,report,source_label,family_state,primary_comparisons_and_primary_evidence_tiers
vu_report__taxon_source_label__comparison_family_state,Raoultella,1,0,"{""decreased_in_hcc"":1,""increased_in_hcc"":0}","{""decreased_in_hcc"":{""conflicts"":0,""opposition"":0,""passes"":false,""support"":1},""increased_in_hcc"":{""conflicts"":0,""opposition"":1,""passes"":false,""support"":0}}",,not_retained,2,0,be83edd85173b80836df62177bba3ecc92f880b000f8df3289132f8dda567090,report; source label; family-state collapse,report,source_label,family_state,primary_comparisons_and_primary_evidence_tiers
vu_report__taxon_source_label__comparison_family_state,Rothia,1,0,"{""decreased_in_hcc"":0,""increased_in_hcc"":1}","{""decreased_in_hcc"":{""conflicts"":0,""opposition"":1,""passes"":false,""support"":0},""increased_in_hcc"":{""conflicts"":0,""opposition"":0,""passes"":false,""support"":1}}",,not_retained,2,0,be83edd85173b80836df62177bba3ecc92f880b000f8df3289132f8dda567090,report; source label; family-state collapse,report,source_label,family_state,primary_comparisons_and_primary_evidence_tiers
vu_report__taxon_source_label__comparison_family_state,Ruminococcus 2,1,0,"{""decreased_in_hcc"":1,""increased_in_hcc"":0}","{""decreased_in_hcc"":{""conflicts"":0,""opposition"":0,""passes"":false,""support"":1},""increased_in_hcc"":{""conflicts"":0,""opposition"":1,""passes"":false,""support"":0}}",,not_retained,2,0,be83edd85173b80836df62177bba3ecc92f880b000f8df3289132f8dda567090,report; source label; family-state collapse,report,source_label,family_state,primary_comparisons_and_primary_evidence_tiers
vu_report__taxon_source_label__comparison_family_state,Sarcina,1,0,"{""decreased_in_hcc"":0,""increased_in_hcc"":1}","{""decreased_in_hcc"":{""conflicts"":0,""opposition"":1,""passes"":false,""support"":0},""increased_in_hcc"":{""conflicts"":0,""opposition"":0,""passes"":false,""support"":1}}",,not_retained,2,0,be83edd85173b80836df62177bba3ecc92f880b000f8df3289132f8dda567090,report; source label; family-state collapse,report,source_label,family_state,primary_comparisons_and_primary_evidence_tiers
vu_report__taxon_source_label__comparison_family_state,Selenomonas,1,0,"{""decreased_in_hcc"":0,""increased_in_hcc"":1}","{""decreased_in_hcc"":{""conflicts"":0,""opposition"":1,""passes"":false,""support"":0},""increased_in_hcc"":{""conflicts"":0,""opposition"":0,""passes"":false,""support"":1}}",,not_retained,2,0,be83edd85173b80836df62177bba3ecc92f880b000f8df3289132f8dda567090,report; source label; family-state collapse,report,source_label,family_state,primary_comparisons_and_primary_evidence_tiers
vu_report__taxon_source_label__comparison_family_state,Streptococcus,1,0,"{""decreased_in_hcc"":0,""increased_in_hcc"":1}","{""decreased_in_hcc"":{""conflicts"":0,""opposition"":1,""passes"":false,""support"":0},""increased_in_hcc"":{""conflicts"":0,""opposition"":0,""passes"":false,""support"":1}}",,not_retained,2,0,be83edd85173b80836df62177bba3ecc92f880b000f8df3289132f8dda567090,report; source label; family-state collapse,report,source_label,family_state,primary_comparisons_and_primary_evidence_tiers
vu_report__taxon_source_label__comparison_family_state,Turicibacter,1,0,"{""decreased_in_hcc"":1,""increased_in_hcc"":0}","{""decreased_in_hcc"":{""conflicts"":0,""opposition"":0,""passes"":false,""support"":1},""increased_in_hcc"":{""conflicts"":0,""opposition"":1,""passes"":false,""support"":0}}",,not_retained,2,0,be83edd85173b80836df62177bba3ecc92f880b000f8df3289132f8dda567090,report; source label; family-state collapse,report,source_label,family_state,primary_comparisons_and_primary_evidence_tiers
vu_report__taxon_source_label__comparison_family_state,Veillonella,1,0,"{""decreased_in_hcc"":0,""increased_in_hcc"":1}","{""decreased_in_hcc"":{""conflicts"":0,""opposition"":1,""passes"":false,""support"":0},""increased_in_hcc"":{""conflicts"":0,""opposition"":0,""passes"":false,""support"":1}}",,not_retained,2,0,be83edd85173b80836df62177bba3ecc92f880b000f8df3289132f8dda567090,report; source label; family-state collapse,report,source_label,family_state,primary_comparisons_and_primary_evidence_tiers
vu_report__taxon_source_label__comparison_ignore,Acidaminococcus,1,0,"{""decreased_in_hcc"":1,""increased_in_hcc"":0}","{""decreased_in_hcc"":{""conflicts"":0,""opposition"":0,""passes"":false,""support"":1},""increased_in_hcc"":{""conflicts"":0,""opposition"":1,""passes"":false,""support"":0}}",,not_retained,2,0,be83edd85173b80836df62177bba3ecc92f880b000f8df3289132f8dda567090,report; source label; comparisons ignored,report,source_label,ignore,primary_comparisons_and_primary_evidence_tiers
vu_report__taxon_source_label__comparison_ignore,Acinetobacter,1,0,"{""decreased_in_hcc"":0,""increased_in_hcc"":1}","{""decreased_in_hcc"":{""conflicts"":0,""opposition"":1,""passes"":false,""support"":0},""increased_in_hcc"":{""conflicts"":0,""opposition"":0,""passes"":false,""support"":1}}",,not_retained,2,0,be83edd85173b80836df62177bba3ecc92f880b000f8df3289132f8dda567090,report; source label; comparisons ignored,report,source_label,ignore,primary_comparisons_and_primary_evidence_tiers
vu_report__taxon_source_label__comparison_ignore,Actinomyces,1,0,"{""decreased_in_hcc"":0,""increased_in_hcc"":1}","{""decreased_in_hcc"":{""conflicts"":0,""opposition"":1,""passes"":false,""support"":0},""increased_in_hcc"":{""conflicts"":0,""opposition"":0,""passes"":false,""support"":1}}",,not_retained,2,0,be83edd85173b80836df62177bba3ecc92f880b000f8df3289132f8dda567090,report; source label; comparisons ignored,report,source_label,ignore,primary_comparisons_and_primary_evidence_tiers
vu_report__taxon_source_label__comparison_ignore,Alloprevotella,1,0,"{""decreased_in_hcc"":1,""increased_in_hcc"":0}","{""decreased_in_hcc"":{""conflicts"":0,""opposition"":0,""passes"":false,""support"":1},""increased_in_hcc"":{""conflicts"":0,""opposition"":1,""passes"":false,""support"":0}}",,not_retained,2,0,be83edd85173b80836df62177bba3ecc92f880b000f8df3289132f8dda567090,report; source label; comparisons ignored,report,source_label,ignore,primary_comparisons_and_primary_evidence_tiers
vu_report__taxon_source_label__comparison_ignore,Anaerostipes,1,0,"{""decreased_in_hcc"":1,""increased_in_hcc"":0}","{""decreased_in_hcc"":{""conflicts"":0,""opposition"":0,""passes"":false,""support"":1},""increased_in_hcc"":{""conflicts"":0,""opposition"":1,""passes"":false,""support"":0}}",,not_retained,2,0,be83edd85173b80836df62177bba3ecc92f880b000f8df3289132f8dda567090,report; source label; comparisons ignored,report,source_label,ignore,primary_comparisons_and_primary_evidence_tiers
vu_report__taxon_source_label__comparison_ignore,Anaerotruncus,2,0,"{""decreased_in_hcc"":1,""increased_in_hcc"":1}","{""decreased_in_hcc"":{""conflicts"":0,""opposition"":1,""passes"":false,""support"":1},""increased_in_hcc"":{""conflicts"":0,""opposition"":1,""passes"":false,""support"":1}}",,not_retained,2,0,be83edd85173b80836df62177bba3ecc92f880b000f8df3289132f8dda567090,report; source label; comparisons ignored,report,source_label,ignore,primary_comparisons_and_primary_evidence_tiers
vu_report__taxon_source_label__comparison_ignore,Atopobium,1,0,"{""decreased_in_hcc"":0,""increased_in_hcc"":1}","{""decreased_in_hcc"":{""conflicts"":0,""opposition"":1,""passes"":false,""support"":0},""increased_in_hcc"":{""conflicts"":0,""opposition"":0,""passes"":false,""support"":1}}",,not_retained,2,0,be83edd85173b80836df62177bba3ecc92f880b000f8df3289132f8dda567090,report; source label; comparisons ignored,report,source_label,ignore,primary_comparisons_and_primary_evidence_tiers
vu_report__taxon_source_label__comparison_ignore,Blautia,2,0,"{""decreased_in_hcc"":0,""increased_in_hcc"":2}","{""decreased_in_hcc"":{""conflicts"":0,""opposition"":2,""passes"":false,""support"":0},""increased_in_hcc"":{""conflicts"":0,""opposition"":0,""passes"":true,""support"":2}}",increased_in_hcc,retained,2,0,be83edd85173b80836df62177bba3ecc92f880b000f8df3289132f8dda567090,report; source label; comparisons ignored,report,source_label,ignore,primary_comparisons_and_primary_evidence_tiers
vu_report__taxon_source_label__comparison_ignore,Butyricimonas,1,0,"{""decreased_in_hcc"":1,""increased_in_hcc"":0}","{""decreased_in_hcc"":{""conflicts"":0,""opposition"":0,""passes"":false,""support"":1},""increased_in_hcc"":{""conflicts"":0,""opposition"":1,""passes"":false,""support"":0}}",,not_retained,2,0,be83edd85173b80836df62177bba3ecc92f880b000f8df3289132f8dda567090,report; source label; comparisons ignored,report,source_label,ignore,primary_comparisons_and_primary_evidence_tiers
vu_report__taxon_source_label__comparison_ignore,Cetobacterium,1,0,"{""decreased_in_hcc"":1,""increased_in_hcc"":0}","{""decreased_in_hcc"":{""conflicts"":0,""opposition"":0,""passes"":false,""support"":1},""increased_in_hcc"":{""conflicts"":0,""opposition"":1,""passes"":false,""support"":0}}",,not_retained,2,0,be83edd85173b80836df62177bba3ecc92f880b000f8df3289132f8dda567090,report; source label; comparisons ignored,report,source_label,ignore,primary_comparisons_and_primary_evidence_tiers
vu_report__taxon_source_label__comparison_ignore,Cloacibacillus,1,0,"{""decreased_in_hcc"":1,""increased_in_hcc"":0}","{""decreased_in_hcc"":{""conflicts"":0,""opposition"":0,""passes"":false,""support"":1},""increased_in_hcc"":{""conflicts"":0,""opposition"":1,""passes"":false,""support"":0}}",,not_retained,2,0,be83edd85173b80836df62177bba3ecc92f880b000f8df3289132f8dda567090,report; source label; comparisons ignored,report,source_label,ignore,primary_comparisons_and_primary_evidence_tiers
vu_report__taxon_source_label__comparison_ignore,Clostridium XIVa,1,0,"{""decreased_in_hcc"":1,""increased_in_hcc"":0}","{""decreased_in_hcc"":{""conflicts"":0,""opposition"":0,""passes"":false,""support"":1},""increased_in_hcc"":{""conflicts"":0,""opposition"":1,""passes"":false,""support"":0}}",,not_retained,2,0,be83edd85173b80836df62177bba3ecc92f880b000f8df3289132f8dda567090,report; source label; comparisons ignored,report,source_label,ignore,primary_comparisons_and_primary_evidence_tiers
vu_report__taxon_source_label__comparison_ignore,Coprobacillus,1,0,"{""decreased_in_hcc"":1,""increased_in_hcc"":0}","{""decreased_in_hcc"":{""conflicts"":0,""opposition"":0,""passes"":false,""support"":1},""increased_in_hcc"":{""conflicts"":0,""opposition"":1,""passes"":false,""support"":0}}",,not_retained,2,0,be83edd85173b80836df62177bba3ecc92f880b000f8df3289132f8dda567090,report; source label; comparisons ignored,report,source_label,ignore,primary_comparisons_and_primary_evidence_tiers
vu_report__taxon_source_label__comparison_ignore,Desulfococcus,1,0,"{""decreased_in_hcc"":0,""increased_in_hcc"":1}","{""decreased_in_hcc"":{""conflicts"":0,""opposition"":1,""passes"":false,""support"":0},""increased_in_hcc"":{""conflicts"":0,""opposition"":0,""passes"":false,""support"":1}}",,not_retained,2,0,be83edd85173b80836df62177bba3ecc92f880b000f8df3289132f8dda567090,report; source label; comparisons ignored,report,source_label,ignore,primary_comparisons_and_primary_evidence_tiers
vu_report__taxon_source_label__comparison_ignore,Enterobacter,1,0,"{""decreased_in_hcc"":0,""increased_in_hcc"":1}","{""decreased_in_hcc"":{""conflicts"":0,""opposition"":1,""passes"":false,""support"":0},""increased_in_hcc"":{""conflicts"":0,""opposition"":0,""passes"":false,""support"":1}}",,not_retained,2,0,be83edd85173b80836df62177bba3ecc92f880b000f8df3289132f8dda567090,report; source label; comparisons ignored,report,source_label,ignore,primary_comparisons_and_primary_evidence_tiers
vu_report__taxon_source_label__comparison_ignore,Enterococcus,1,0,"{""decreased_in_hcc"":0,""increased_in_hcc"":1}","{""decreased_in_hcc"":{""conflicts"":0,""opposition"":1,""passes"":false,""support"":0},""increased_in_hcc"":{""conflicts"":0,""opposition"":0,""passes"":false,""support"":1}}",,not_retained,2,0,be83edd85173b80836df62177bba3ecc92f880b000f8df3289132f8dda567090,report; source label; comparisons ignored,report,source_label,ignore,primary_comparisons_and_primary_evidence_tiers
vu_report__taxon_source_label__comparison_ignore,Eubacterium,1,0,"{""decreased_in_hcc"":0,""increased_in_hcc"":1}","{""decreased_in_hcc"":{""conflicts"":0,""opposition"":1,""passes"":false,""support"":0},""increased_in_hcc"":{""conflicts"":0,""opposition"":0,""passes"":false,""support"":1}}",,not_retained,2,0,be83edd85173b80836df62177bba3ecc92f880b000f8df3289132f8dda567090,report; source label; comparisons ignored,report,source_label,ignore,primary_comparisons_and_primary_evidence_tiers
vu_report__taxon_source_label__comparison_ignore,Eubacterium ventriosum group,1,0,"{""decreased_in_hcc"":1,""increased_in_hcc"":0}","{""decreased_in_hcc"":{""conflicts"":0,""opposition"":0,""passes"":false,""support"":1},""increased_in_hcc"":{""conflicts"":0,""opposition"":1,""passes"":false,""support"":0}}",,not_retained,2,0,be83edd85173b80836df62177bba3ecc92f880b000f8df3289132f8dda567090,report; source label; comparisons ignored,report,source_label,ignore,primary_comparisons_and_primary_evidence_tiers
vu_report__taxon_source_label__comparison_ignore,Fusobacterium,1,0,"{""decreased_in_hcc"":1,""increased_in_hcc"":0}","{""decreased_in_hcc"":{""conflicts"":0,""opposition"":0,""passes"":false,""support"":1},""increased_in_hcc"":{""conflicts"":0,""opposition"":1,""passes"":false,""support"":0}}",,not_retained,2,0,be83edd85173b80836df62177bba3ecc92f880b000f8df3289132f8dda567090,report; source label; comparisons ignored,report,source_label,ignore,primary_comparisons_and_primary_evidence_tiers
vu_report__taxon_source_label__comparison_ignore,Gemmiger,1,0,"{""decreased_in_hcc"":0,""increased_in_hcc"":1}","{""decreased_in_hcc"":{""conflicts"":0,""opposition"":1,""passes"":false,""support"":0},""increased_in_hcc"":{""conflicts"":0,""opposition"":0,""passes"":false,""support"":1}}",,not_retained,2,0,be83edd85173b80836df62177bba3ecc92f880b000f8df3289132f8dda567090,report; source label; comparisons ignored,report,source_label,ignore,primary_comparisons_and_primary_evidence_tiers
vu_report__taxon_source_label__comparison_ignore,Haemophilus,1,0,"{""decreased_in_hcc"":0,""increased_in_hcc"":1}","{""decreased_in_hcc"":{""conflicts"":0,""opposition"":1,""passes"":false,""support"":0},""increased_in_hcc"":{""conflicts"":0,""opposition"":0,""passes"":false,""support"":1}}",,not_retained,2,0,be83edd85173b80836df62177bba3ecc92f880b000f8df3289132f8dda567090,report; source label; comparisons ignored,report,source_label,ignore,primary_comparisons_and_primary_evidence_tiers
vu_report__taxon_source_label__comparison_ignore,Holdemania,1,0,"{""decreased_in_hcc"":1,""increased_in_hcc"":0}","{""decreased_in_hcc"":{""conflicts"":0,""opposition"":0,""passes"":false,""support"":1},""increased_in_hcc"":{""conflicts"":0,""opposition"":1,""passes"":false,""support"":0}}",,not_retained,2,0,be83edd85173b80836df62177bba3ecc92f880b000f8df3289132f8dda567090,report; source label; comparisons ignored,report,source_label,ignore,primary_comparisons_and_primary_evidence_tiers
vu_report__taxon_source_label__comparison_ignore,Lachnospira,1,0,"{""decreased_in_hcc"":1,""increased_in_hcc"":0}","{""decreased_in_hcc"":{""conflicts"":0,""opposition"":0,""passes"":false,""support"":1},""increased_in_hcc"":{""conflicts"":0,""opposition"":1,""passes"":false,""support"":0}}",,not_retained,2,0,be83edd85173b80836df62177bba3ecc92f880b000f8df3289132f8dda567090,report; source label; comparisons ignored,report,source_label,ignore,primary_comparisons_and_primary_evidence_tiers
vu_report__taxon_source_label__comparison_ignore,Lachnospiraceae UCG-001,1,0,"{""decreased_in_hcc"":1,""increased_in_hcc"":0}","{""decreased_in_hcc"":{""conflicts"":0,""opposition"":0,""passes"":false,""support"":1},""increased_in_hcc"":{""conflicts"":0,""opposition"":1,""passes"":false,""support"":0}}",,not_retained,2,0,be83edd85173b80836df62177bba3ecc92f880b000f8df3289132f8dda567090,report; source label; comparisons ignored,report,source_label,ignore,primary_comparisons_and_primary_evidence_tiers
vu_report__taxon_source_label__comparison_ignore,Lactobacillus,1,0,"{""decreased_in_hcc"":0,""increased_in_hcc"":1}","{""decreased_in_hcc"":{""conflicts"":0,""opposition"":1,""passes"":false,""support"":0},""increased_in_hcc"":{""conflicts"":0,""opposition"":0,""passes"":false,""support"":1}}",,not_retained,2,0,be83edd85173b80836df62177bba3ecc92f880b000f8df3289132f8dda567090,report; source label; comparisons ignored,report,source_label,ignore,primary_comparisons_and_primary_evidence_tiers
vu_report__taxon_source_label__comparison_ignore,Lactococcus,1,0,"{""decreased_in_hcc"":0,""increased_in_hcc"":1}","{""decreased_in_hcc"":{""conflicts"":0,""opposition"":1,""passes"":false,""support"":0},""increased_in_hcc"":{""conflicts"":0,""opposition"":0,""passes"":false,""support"":1}}",,not_retained,2,0,be83edd85173b80836df62177bba3ecc92f880b000f8df3289132f8dda567090,report; source label; comparisons ignored,report,source_label,ignore,primary_comparisons_and_primary_evidence_tiers
vu_report__taxon_source_label__comparison_ignore,Leptotrichia,1,0,"{""decreased_in_hcc"":0,""increased_in_hcc"":1}","{""decreased_in_hcc"":{""conflicts"":0,""opposition"":1,""passes"":false,""support"":0},""increased_in_hcc"":{""conflicts"":0,""opposition"":0,""passes"":false,""support"":1}}",,not_retained,2,0,be83edd85173b80836df62177bba3ecc92f880b000f8df3289132f8dda567090,report; source label; comparisons ignored,report,source_label,ignore,primary_comparisons_and_primary_evidence_tiers
vu_report__taxon_source_label__comparison_ignore,Megamonas,2,0,"{""decreased_in_hcc"":2,""increased_in_hcc"":0}","{""decreased_in_hcc"":{""conflicts"":0,""opposition"":0,""passes"":true,""support"":2},""increased_in_hcc"":{""conflicts"":0,""opposition"":2,""passes"":false,""support"":0}}",decreased_in_hcc,retained,2,0,be83edd85173b80836df62177bba3ecc92f880b000f8df3289132f8dda567090,report; source label; comparisons ignored,report,source_label,ignore,primary_comparisons_and_primary_evidence_tiers
vu_report__taxon_source_label__comparison_ignore,Methanobrevibacter,1,0,"{""decreased_in_hcc"":1,""increased_in_hcc"":0}","{""decreased_in_hcc"":{""conflicts"":0,""opposition"":0,""passes"":false,""support"":1},""increased_in_hcc"":{""conflicts"":0,""opposition"":1,""passes"":false,""support"":0}}",,not_retained,2,0,be83edd85173b80836df62177bba3ecc92f880b000f8df3289132f8dda567090,report; source label; comparisons ignored,report,source_label,ignore,primary_comparisons_and_primary_evidence_tiers
vu_report__taxon_source_label__comparison_ignore,Neisseria,1,0,"{""decreased_in_hcc"":0,""increased_in_hcc"":1}","{""decreased_in_hcc"":{""conflicts"":0,""opposition"":1,""passes"":false,""support"":0},""increased_in_hcc"":{""conflicts"":0,""opposition"":0,""passes"":false,""support"":1}}",,not_retained,2,0,be83edd85173b80836df62177bba3ecc92f880b000f8df3289132f8dda567090,report; source label; comparisons ignored,report,source_label,ignore,primary_comparisons_and_primary_evidence_tiers
vu_report__taxon_source_label__comparison_ignore,Odoribacter,1,0,"{""decreased_in_hcc"":1,""increased_in_hcc"":0}","{""decreased_in_hcc"":{""conflicts"":0,""opposition"":0,""passes"":false,""support"":1},""increased_in_hcc"":{""conflicts"":0,""opposition"":1,""passes"":false,""support"":0}}",,not_retained,2,0,be83edd85173b80836df62177bba3ecc92f880b000f8df3289132f8dda567090,report; source label; comparisons ignored,report,source_label,ignore,primary_comparisons_and_primary_evidence_tiers
vu_report__taxon_source_label__comparison_ignore,Oribacterium,1,0,"{""decreased_in_hcc"":0,""increased_in_hcc"":1}","{""decreased_in_hcc"":{""conflicts"":0,""opposition"":1,""passes"":false,""support"":0},""increased_in_hcc"":{""conflicts"":0,""opposition"":0,""passes"":false,""support"":1}}",,not_retained,2,0,be83edd85173b80836df62177bba3ecc92f880b000f8df3289132f8dda567090,report; source label; comparisons ignored,report,source_label,ignore,primary_comparisons_and_primary_evidence_tiers
vu_report__taxon_source_label__comparison_ignore,Paraprevotella,1,0,"{""decreased_in_hcc"":0,""increased_in_hcc"":1}","{""decreased_in_hcc"":{""conflicts"":0,""opposition"":1,""passes"":false,""support"":0},""increased_in_hcc"":{""conflicts"":0,""opposition"":0,""passes"":false,""support"":1}}",,not_retained,2,0,be83edd85173b80836df62177bba3ecc92f880b000f8df3289132f8dda567090,report; source label; comparisons ignored,report,source_label,ignore,primary_comparisons_and_primary_evidence_tiers
vu_report__taxon_source_label__comparison_ignore,Phascolarctobacterium,1,0,"{""decreased_in_hcc"":0,""increased_in_hcc"":1}","{""decreased_in_hcc"":{""conflicts"":0,""opposition"":1,""passes"":false,""support"":0},""increased_in_hcc"":{""conflicts"":0,""opposition"":0,""passes"":false,""support"":1}}",,not_retained,2,0,be83edd85173b80836df62177bba3ecc92f880b000f8df3289132f8dda567090,report; source label; comparisons ignored,report,source_label,ignore,primary_comparisons_and_primary_evidence_tiers
vu_report__taxon_source_label__comparison_ignore,Prevotella,2,0,"{""decreased_in_hcc"":0,""increased_in_hcc"":2}","{""decreased_in_hcc"":{""conflicts"":0,""opposition"":2,""passes"":false,""support"":0},""increased_in_hcc"":{""conflicts"":0,""opposition"":0,""passes"":true,""support"":2}}",increased_in_hcc,retained,2,0,be83edd85173b80836df62177bba3ecc92f880b000f8df3289132f8dda567090,report; source label; comparisons ignored,report,source_label,ignore,primary_comparisons_and_primary_evidence_tiers
vu_report__taxon_source_label__comparison_ignore,Pyramidobacter,1,0,"{""decreased_in_hcc"":1,""increased_in_hcc"":0}","{""decreased_in_hcc"":{""conflicts"":0,""opposition"":0,""passes"":false,""support"":1},""increased_in_hcc"":{""conflicts"":0,""opposition"":1,""passes"":false,""support"":0}}",,not_retained,2,0,be83edd85173b80836df62177bba3ecc92f880b000f8df3289132f8dda567090,report; source label; comparisons ignored,report,source_label,ignore,primary_comparisons_and_primary_evidence_tiers
vu_report__taxon_source_label__comparison_ignore,Raoultella,1,0,"{""decreased_in_hcc"":1,""increased_in_hcc"":0}","{""decreased_in_hcc"":{""conflicts"":0,""opposition"":0,""passes"":false,""support"":1},""increased_in_hcc"":{""conflicts"":0,""opposition"":1,""passes"":false,""support"":0}}",,not_retained,2,0,be83edd85173b80836df62177bba3ecc92f880b000f8df3289132f8dda567090,report; source label; comparisons ignored,report,source_label,ignore,primary_comparisons_and_primary_evidence_tiers
vu_report__taxon_source_label__comparison_ignore,Rothia,1,0,"{""decreased_in_hcc"":0,""increased_in_hcc"":1}","{""decreased_in_hcc"":{""conflicts"":0,""opposition"":1,""passes"":false,""support"":0},""increased_in_hcc"":{""conflicts"":0,""opposition"":0,""passes"":false,""support"":1}}",,not_retained,2,0,be83edd85173b80836df62177bba3ecc92f880b000f8df3289132f8dda567090,report; source label; comparisons ignored,report,source_label,ignore,primary_comparisons_and_primary_evidence_tiers
vu_report__taxon_source_label__comparison_ignore,Ruminococcus 2,1,0,"{""decreased_in_hcc"":1,""increased_in_hcc"":0}","{""decreased_in_hcc"":{""conflicts"":0,""opposition"":0,""passes"":false,""support"":1},""increased_in_hcc"":{""conflicts"":0,""opposition"":1,""passes"":false,""support"":0}}",,not_retained,2,0,be83edd85173b80836df62177bba3ecc92f880b000f8df3289132f8dda567090,report; source label; comparisons ignored,report,source_label,ignore,primary_comparisons_and_primary_evidence_tiers
vu_report__taxon_source_label__comparison_ignore,Sarcina,1,0,"{""decreased_in_hcc"":0,""increased_in_hcc"":1}","{""decreased_in_hcc"":{""conflicts"":0,""opposition"":1,""passes"":false,""support"":0},""increased_in_hcc"":{""conflicts"":0,""opposition"":0,""passes"":false,""support"":1}}",,not_retained,2,0,be83edd85173b80836df62177bba3ecc92f880b000f8df3289132f8dda567090,report; source label; comparisons ignored,report,source_label,ignore,primary_comparisons_and_primary_evidence_tiers
vu_report__taxon_source_label__comparison_ignore,Selenomonas,1,0,"{""decreased_in_hcc"":0,""increased_in_hcc"":1}","{""decreased_in_hcc"":{""conflicts"":0,""opposition"":1,""passes"":false,""support"":0},""increased_in_hcc"":{""conflicts"":0,""opposition"":0,""passes"":false,""support"":1}}",,not_retained,2,0,be83edd85173b80836df62177bba3ecc92f880b000f8df3289132f8dda567090,report; source label; comparisons ignored,report,source_label,ignore,primary_comparisons_and_primary_evidence_tiers
vu_report__taxon_source_label__comparison_ignore,Streptococcus,1,0,"{""decreased_in_hcc"":0,""increased_in_hcc"":1}","{""decreased_in_hcc"":{""conflicts"":0,""opposition"":1,""passes"":false,""support"":0},""increased_in_hcc"":{""conflicts"":0,""opposition"":0,""passes"":false,""support"":1}}",,not_retained,2,0,be83edd85173b80836df62177bba3ecc92f880b000f8df3289132f8dda567090,report; source label; comparisons ignored,report,source_label,ignore,primary_comparisons_and_primary_evidence_tiers
vu_report__taxon_source_label__comparison_ignore,Turicibacter,1,0,"{""decreased_in_hcc"":1,""increased_in_hcc"":0}","{""decreased_in_hcc"":{""conflicts"":0,""opposition"":0,""passes"":false,""support"":1},""increased_in_hcc"":{""conflicts"":0,""opposition"":1,""passes"":false,""support"":0}}",,not_retained,2,0,be83edd85173b80836df62177bba3ecc92f880b000f8df3289132f8dda567090,report; source label; comparisons ignored,report,source_label,ignore,primary_comparisons_and_primary_evidence_tiers
vu_report__taxon_source_label__comparison_ignore,Veillonella,1,0,"{""decreased_in_hcc"":0,""increased_in_hcc"":1}","{""decreased_in_hcc"":{""conflicts"":0,""opposition"":1,""passes"":false,""support"":0},""increased_in_hcc"":{""conflicts"":0,""opposition"":0,""passes"":false,""support"":1}}",,not_retained,2,0,be83edd85173b80836df62177bba3ecc92f880b000f8df3289132f8dda567090,report; source label; comparisons ignored,report,source_label,ignore,primary_comparisons_and_primary_evidence_tiers
vu_report__taxon_source_label__comparison_separate_votes,Acidaminococcus,2,0,"{""decreased_in_hcc"":2,""increased_in_hcc"":0}","{""decreased_in_hcc"":{""conflicts"":0,""opposition"":0,""passes"":true,""support"":2},""increased_in_hcc"":{""conflicts"":0,""opposition"":2,""passes"":false,""support"":0}}",decreased_in_hcc,retained,2,0,be83edd85173b80836df62177bba3ecc92f880b000f8df3289132f8dda567090,report; source label; comparison-specific votes,report,source_label,separate_votes,primary_comparisons_and_primary_evidence_tiers
vu_report__taxon_source_label__comparison_separate_votes,Acinetobacter,1,0,"{""decreased_in_hcc"":0,""increased_in_hcc"":1}","{""decreased_in_hcc"":{""conflicts"":0,""opposition"":1,""passes"":false,""support"":0},""increased_in_hcc"":{""conflicts"":0,""opposition"":0,""passes"":false,""support"":1}}",,not_retained,2,0,be83edd85173b80836df62177bba3ecc92f880b000f8df3289132f8dda567090,report; source label; comparison-specific votes,report,source_label,separate_votes,primary_comparisons_and_primary_evidence_tiers
vu_report__taxon_source_label__comparison_separate_votes,Actinomyces,2,0,"{""decreased_in_hcc"":0,""increased_in_hcc"":2}","{""decreased_in_hcc"":{""conflicts"":0,""opposition"":2,""passes"":false,""support"":0},""increased_in_hcc"":{""conflicts"":0,""opposition"":0,""passes"":true,""support"":2}}",increased_in_hcc,retained,2,0,be83edd85173b80836df62177bba3ecc92f880b000f8df3289132f8dda567090,report; source label; comparison-specific votes,report,source_label,separate_votes,primary_comparisons_and_primary_evidence_tiers
vu_report__taxon_source_label__comparison_separate_votes,Alloprevotella,1,0,"{""decreased_in_hcc"":1,""increased_in_hcc"":0}","{""decreased_in_hcc"":{""conflicts"":0,""opposition"":0,""passes"":false,""support"":1},""increased_in_hcc"":{""conflicts"":0,""opposition"":1,""passes"":false,""support"":0}}",,not_retained,2,0,be83edd85173b80836df62177bba3ecc92f880b000f8df3289132f8dda567090,report; source label; comparison-specific votes,report,source_label,separate_votes,primary_comparisons_and_primary_evidence_tiers
vu_report__taxon_source_label__comparison_separate_votes,Anaerostipes,1,0,"{""decreased_in_hcc"":1,""increased_in_hcc"":0}","{""decreased_in_hcc"":{""conflicts"":0,""opposition"":0,""passes"":false,""support"":1},""increased_in_hcc"":{""conflicts"":0,""opposition"":1,""passes"":false,""support"":0}}",,not_retained,2,0,be83edd85173b80836df62177bba3ecc92f880b000f8df3289132f8dda567090,report; source label; comparison-specific votes,report,source_label,separate_votes,primary_comparisons_and_primary_evidence_tiers
vu_report__taxon_source_label__comparison_separate_votes,Anaerotruncus,3,0,"{""decreased_in_hcc"":2,""increased_in_hcc"":1}","{""decreased_in_hcc"":{""conflicts"":0,""opposition"":1,""passes"":false,""support"":2},""increased_in_hcc"":{""conflicts"":0,""opposition"":2,""passes"":false,""support"":1}}",,not_retained,2,0,be83edd85173b80836df62177bba3ecc92f880b000f8df3289132f8dda567090,report; source label; comparison-specific votes,report,source_label,separate_votes,primary_comparisons_and_primary_evidence_tiers
vu_report__taxon_source_label__comparison_separate_votes,Atopobium,2,0,"{""decreased_in_hcc"":0,""increased_in_hcc"":2}","{""decreased_in_hcc"":{""conflicts"":0,""opposition"":2,""passes"":false,""support"":0},""increased_in_hcc"":{""conflicts"":0,""opposition"":0,""passes"":true,""support"":2}}",increased_in_hcc,retained,2,0,be83edd85173b80836df62177bba3ecc92f880b000f8df3289132f8dda567090,report; source label; comparison-specific votes,report,source_label,separate_votes,primary_comparisons_and_primary_evidence_tiers
vu_report__taxon_source_label__comparison_separate_votes,Blautia,2,0,"{""decreased_in_hcc"":0,""increased_in_hcc"":2}","{""decreased_in_hcc"":{""conflicts"":0,""opposition"":2,""passes"":false,""support"":0},""increased_in_hcc"":{""conflicts"":0,""opposition"":0,""passes"":true,""support"":2}}",increased_in_hcc,retained,2,0,be83edd85173b80836df62177bba3ecc92f880b000f8df3289132f8dda567090,report; source label; comparison-specific votes,report,source_label,separate_votes,primary_comparisons_and_primary_evidence_tiers
vu_report__taxon_source_label__comparison_separate_votes,Butyricimonas,1,0,"{""decreased_in_hcc"":1,""increased_in_hcc"":0}","{""decreased_in_hcc"":{""conflicts"":0,""opposition"":0,""passes"":false,""support"":1},""increased_in_hcc"":{""conflicts"":0,""opposition"":1,""passes"":false,""support"":0}}",,not_retained,2,0,be83edd85173b80836df62177bba3ecc92f880b000f8df3289132f8dda567090,report; source label; comparison-specific votes,report,source_label,separate_votes,primary_comparisons_and_primary_evidence_tiers
vu_report__taxon_source_label__comparison_separate_votes,Cetobacterium,3,0,"{""decreased_in_hcc"":3,""increased_in_hcc"":0}","{""decreased_in_hcc"":{""conflicts"":0,""opposition"":0,""passes"":true,""support"":3},""increased_in_hcc"":{""conflicts"":0,""opposition"":3,""passes"":false,""support"":0}}",decreased_in_hcc,retained,2,0,be83edd85173b80836df62177bba3ecc92f880b000f8df3289132f8dda567090,report; source label; comparison-specific votes,report,source_label,separate_votes,primary_comparisons_and_primary_evidence_tiers
vu_report__taxon_source_label__comparison_separate_votes,Cloacibacillus,1,0,"{""decreased_in_hcc"":1,""increased_in_hcc"":0}","{""decreased_in_hcc"":{""conflicts"":0,""opposition"":0,""passes"":false,""support"":1},""increased_in_hcc"":{""conflicts"":0,""opposition"":1,""passes"":false,""support"":0}}",,not_retained,2,0,be83edd85173b80836df62177bba3ecc92f880b000f8df3289132f8dda567090,report; source label; comparison-specific votes,report,source_label,separate_votes,primary_comparisons_and_primary_evidence_tiers
vu_report__taxon_source_label__comparison_separate_votes,Clostridium XIVa,1,0,"{""decreased_in_hcc"":1,""increased_in_hcc"":0}","{""decreased_in_hcc"":{""conflicts"":0,""opposition"":0,""passes"":false,""support"":1},""increased_in_hcc"":{""conflicts"":0,""opposition"":1,""passes"":false,""support"":0}}",,not_retained,2,0,be83edd85173b80836df62177bba3ecc92f880b000f8df3289132f8dda567090,report; source label; comparison-specific votes,report,source_label,separate_votes,primary_comparisons_and_primary_evidence_tiers
vu_report__taxon_source_label__comparison_separate_votes,Coprobacillus,2,0,"{""decreased_in_hcc"":2,""increased_in_hcc"":0}","{""decreased_in_hcc"":{""conflicts"":0,""opposition"":0,""passes"":true,""support"":2},""increased_in_hcc"":{""conflicts"":0,""opposition"":2,""passes"":false,""support"":0}}",decreased_in_hcc,retained,2,0,be83edd85173b80836df62177bba3ecc92f880b000f8df3289132f8dda567090,report; source label; comparison-specific votes,report,source_label,separate_votes,primary_comparisons_and_primary_evidence_tiers
vu_report__taxon_source_label__comparison_separate_votes,Desulfococcus,3,0,"{""decreased_in_hcc"":0,""increased_in_hcc"":3}","{""decreased_in_hcc"":{""conflicts"":0,""opposition"":3,""passes"":false,""support"":0},""increased_in_hcc"":{""conflicts"":0,""opposition"":0,""passes"":true,""support"":3}}",increased_in_hcc,retained,2,0,be83edd85173b80836df62177bba3ecc92f880b000f8df3289132f8dda567090,report; source label; comparison-specific votes,report,source_label,separate_votes,primary_comparisons_and_primary_evidence_tiers
vu_report__taxon_source_label__comparison_separate_votes,Enterobacter,3,0,"{""decreased_in_hcc"":0,""increased_in_hcc"":3}","{""decreased_in_hcc"":{""conflicts"":0,""opposition"":3,""passes"":false,""support"":0},""increased_in_hcc"":{""conflicts"":0,""opposition"":0,""passes"":true,""support"":3}}",increased_in_hcc,retained,2,0,be83edd85173b80836df62177bba3ecc92f880b000f8df3289132f8dda567090,report; source label; comparison-specific votes,report,source_label,separate_votes,primary_comparisons_and_primary_evidence_tiers
vu_report__taxon_source_label__comparison_separate_votes,Enterococcus,1,0,"{""decreased_in_hcc"":0,""increased_in_hcc"":1}","{""decreased_in_hcc"":{""conflicts"":0,""opposition"":1,""passes"":false,""support"":0},""increased_in_hcc"":{""conflicts"":0,""opposition"":0,""passes"":false,""support"":1}}",,not_retained,2,0,be83edd85173b80836df62177bba3ecc92f880b000f8df3289132f8dda567090,report; source label; comparison-specific votes,report,source_label,separate_votes,primary_comparisons_and_primary_evidence_tiers
vu_report__taxon_source_label__comparison_separate_votes,Eubacterium,1,0,"{""decreased_in_hcc"":0,""increased_in_hcc"":1}","{""decreased_in_hcc"":{""conflicts"":0,""opposition"":1,""passes"":false,""support"":0},""increased_in_hcc"":{""conflicts"":0,""opposition"":0,""passes"":false,""support"":1}}",,not_retained,2,0,be83edd85173b80836df62177bba3ecc92f880b000f8df3289132f8dda567090,report; source label; comparison-specific votes,report,source_label,separate_votes,primary_comparisons_and_primary_evidence_tiers
vu_report__taxon_source_label__comparison_separate_votes,Eubacterium ventriosum group,1,0,"{""decreased_in_hcc"":1,""increased_in_hcc"":0}","{""decreased_in_hcc"":{""conflicts"":0,""opposition"":0,""passes"":false,""support"":1},""increased_in_hcc"":{""conflicts"":0,""opposition"":1,""passes"":false,""support"":0}}",,not_retained,2,0,be83edd85173b80836df62177bba3ecc92f880b000f8df3289132f8dda567090,report; source label; comparison-specific votes,report,source_label,separate_votes,primary_comparisons_and_primary_evidence_tiers
vu_report__taxon_source_label__comparison_separate_votes,Fusobacterium,1,0,"{""decreased_in_hcc"":1,""increased_in_hcc"":0}","{""decreased_in_hcc"":{""conflicts"":0,""opposition"":0,""passes"":false,""support"":1},""increased_in_hcc"":{""conflicts"":0,""opposition"":1,""passes"":false,""support"":0}}",,not_retained,2,0,be83edd85173b80836df62177bba3ecc92f880b000f8df3289132f8dda567090,report; source label; comparison-specific votes,report,source_label,separate_votes,primary_comparisons_and_primary_evidence_tiers
vu_report__taxon_source_label__comparison_separate_votes,Gemmiger,1,0,"{""decreased_in_hcc"":0,""increased_in_hcc"":1}","{""decreased_in_hcc"":{""conflicts"":0,""opposition"":1,""passes"":false,""support"":0},""increased_in_hcc"":{""conflicts"":0,""opposition"":0,""passes"":false,""support"":1}}",,not_retained,2,0,be83edd85173b80836df62177bba3ecc92f880b000f8df3289132f8dda567090,report; source label; comparison-specific votes,report,source_label,separate_votes,primary_comparisons_and_primary_evidence_tiers
vu_report__taxon_source_label__comparison_separate_votes,Haemophilus,1,0,"{""decreased_in_hcc"":0,""increased_in_hcc"":1}","{""decreased_in_hcc"":{""conflicts"":0,""opposition"":1,""passes"":false,""support"":0},""increased_in_hcc"":{""conflicts"":0,""opposition"":0,""passes"":false,""support"":1}}",,not_retained,2,0,be83edd85173b80836df62177bba3ecc92f880b000f8df3289132f8dda567090,report; source label; comparison-specific votes,report,source_label,separate_votes,primary_comparisons_and_primary_evidence_tiers
vu_report__taxon_source_label__comparison_separate_votes,Holdemania,1,0,"{""decreased_in_hcc"":1,""increased_in_hcc"":0}","{""decreased_in_hcc"":{""conflicts"":0,""opposition"":0,""passes"":false,""support"":1},""increased_in_hcc"":{""conflicts"":0,""opposition"":1,""passes"":false,""support"":0}}",,not_retained,2,0,be83edd85173b80836df62177bba3ecc92f880b000f8df3289132f8dda567090,report; source label; comparison-specific votes,report,source_label,separate_votes,primary_comparisons_and_primary_evidence_tiers
vu_report__taxon_source_label__comparison_separate_votes,Lachnospira,1,0,"{""decreased_in_hcc"":1,""increased_in_hcc"":0}","{""decreased_in_hcc"":{""conflicts"":0,""opposition"":0,""passes"":false,""support"":1},""increased_in_hcc"":{""conflicts"":0,""opposition"":1,""passes"":false,""support"":0}}",,not_retained,2,0,be83edd85173b80836df62177bba3ecc92f880b000f8df3289132f8dda567090,report; source label; comparison-specific votes,report,source_label,separate_votes,primary_comparisons_and_primary_evidence_tiers
vu_report__taxon_source_label__comparison_separate_votes,Lachnospiraceae UCG-001,1,0,"{""decreased_in_hcc"":1,""increased_in_hcc"":0}","{""decreased_in_hcc"":{""conflicts"":0,""opposition"":0,""passes"":false,""support"":1},""increased_in_hcc"":{""conflicts"":0,""opposition"":1,""passes"":false,""support"":0}}",,not_retained,2,0,be83edd85173b80836df62177bba3ecc92f880b000f8df3289132f8dda567090,report; source label; comparison-specific votes,report,source_label,separate_votes,primary_comparisons_and_primary_evidence_tiers
vu_report__taxon_source_label__comparison_separate_votes,Lactobacillus,2,0,"{""decreased_in_hcc"":0,""increased_in_hcc"":2}","{""decreased_in_hcc"":{""conflicts"":0,""opposition"":2,""passes"":false,""support"":0},""increased_in_hcc"":{""conflicts"":0,""opposition"":0,""passes"":true,""support"":2}}",increased_in_hcc,retained,2,0,be83edd85173b80836df62177bba3ecc92f880b000f8df3289132f8dda567090,report; source label; comparison-specific votes,report,source_label,separate_votes,primary_comparisons_and_primary_evidence_tiers
vu_report__taxon_source_label__comparison_separate_votes,Lactococcus,2,0,"{""decreased_in_hcc"":0,""increased_in_hcc"":2}","{""decreased_in_hcc"":{""conflicts"":0,""opposition"":2,""passes"":false,""support"":0},""increased_in_hcc"":{""conflicts"":0,""opposition"":0,""passes"":true,""support"":2}}",increased_in_hcc,retained,2,0,be83edd85173b80836df62177bba3ecc92f880b000f8df3289132f8dda567090,report; source label; comparison-specific votes,report,source_label,separate_votes,primary_comparisons_and_primary_evidence_tiers
vu_report__taxon_source_label__comparison_separate_votes,Leptotrichia,2,0,"{""decreased_in_hcc"":0,""increased_in_hcc"":2}","{""decreased_in_hcc"":{""conflicts"":0,""opposition"":2,""passes"":false,""support"":0},""increased_in_hcc"":{""conflicts"":0,""opposition"":0,""passes"":true,""support"":2}}",increased_in_hcc,retained,2,0,be83edd85173b80836df62177bba3ecc92f880b000f8df3289132f8dda567090,report; source label; comparison-specific votes,report,source_label,separate_votes,primary_comparisons_and_primary_evidence_tiers
vu_report__taxon_source_label__comparison_separate_votes,Megamonas,2,0,"{""decreased_in_hcc"":2,""increased_in_hcc"":0}","{""decreased_in_hcc"":{""conflicts"":0,""opposition"":0,""passes"":true,""support"":2},""increased_in_hcc"":{""conflicts"":0,""opposition"":2,""passes"":false,""support"":0}}",decreased_in_hcc,retained,2,0,be83edd85173b80836df62177bba3ecc92f880b000f8df3289132f8dda567090,report; source label; comparison-specific votes,report,source_label,separate_votes,primary_comparisons_and_primary_evidence_tiers
vu_report__taxon_source_label__comparison_separate_votes,Methanobrevibacter,1,0,"{""decreased_in_hcc"":1,""increased_in_hcc"":0}","{""decreased_in_hcc"":{""conflicts"":0,""opposition"":0,""passes"":false,""support"":1},""increased_in_hcc"":{""conflicts"":0,""opposition"":1,""passes"":false,""support"":0}}",,not_retained,2,0,be83edd85173b80836df62177bba3ecc92f880b000f8df3289132f8dda567090,report; source label; comparison-specific votes,report,source_label,separate_votes,primary_comparisons_and_primary_evidence_tiers
vu_report__taxon_source_label__comparison_separate_votes,Neisseria,1,0,"{""decreased_in_hcc"":0,""increased_in_hcc"":1}","{""decreased_in_hcc"":{""conflicts"":0,""opposition"":1,""passes"":false,""support"":0},""increased_in_hcc"":{""conflicts"":0,""opposition"":0,""passes"":false,""support"":1}}",,not_retained,2,0,be83edd85173b80836df62177bba3ecc92f880b000f8df3289132f8dda567090,report; source label; comparison-specific votes,report,source_label,separate_votes,primary_comparisons_and_primary_evidence_tiers
vu_report__taxon_source_label__comparison_separate_votes,Odoribacter,1,0,"{""decreased_in_hcc"":1,""increased_in_hcc"":0}","{""decreased_in_hcc"":{""conflicts"":0,""opposition"":0,""passes"":false,""support"":1},""increased_in_hcc"":{""conflicts"":0,""opposition"":1,""passes"":false,""support"":0}}",,not_retained,2,0,be83edd85173b80836df62177bba3ecc92f880b000f8df3289132f8dda567090,report; source label; comparison-specific votes,report,source_label,separate_votes,primary_comparisons_and_primary_evidence_tiers
vu_report__taxon_source_label__comparison_separate_votes,Oribacterium,1,0,"{""decreased_in_hcc"":0,""increased_in_hcc"":1}","{""decreased_in_hcc"":{""conflicts"":0,""opposition"":1,""passes"":false,""support"":0},""increased_in_hcc"":{""conflicts"":0,""opposition"":0,""passes"":false,""support"":1}}",,not_retained,2,0,be83edd85173b80836df62177bba3ecc92f880b000f8df3289132f8dda567090,report; source label; comparison-specific votes,report,source_label,separate_votes,primary_comparisons_and_primary_evidence_tiers
vu_report__taxon_source_label__comparison_separate_votes,Paraprevotella,2,0,"{""decreased_in_hcc"":0,""increased_in_hcc"":2}","{""decreased_in_hcc"":{""conflicts"":0,""opposition"":2,""passes"":false,""support"":0},""increased_in_hcc"":{""conflicts"":0,""opposition"":0,""passes"":true,""support"":2}}",increased_in_hcc,retained,2,0,be83edd85173b80836df62177bba3ecc92f880b000f8df3289132f8dda567090,report; source label; comparison-specific votes,report,source_label,separate_votes,primary_comparisons_and_primary_evidence_tiers
vu_report__taxon_source_label__comparison_separate_votes,Phascolarctobacterium,1,0,"{""decreased_in_hcc"":0,""increased_in_hcc"":1}","{""decreased_in_hcc"":{""conflicts"":0,""opposition"":1,""passes"":false,""support"":0},""increased_in_hcc"":{""conflicts"":0,""opposition"":0,""passes"":false,""support"":1}}",,not_retained,2,0,be83edd85173b80836df62177bba3ecc92f880b000f8df3289132f8dda567090,report; source label; comparison-specific votes,report,source_label,separate_votes,primary_comparisons_and_primary_evidence_tiers
vu_report__taxon_source_label__comparison_separate_votes,Prevotella,4,0,"{""decreased_in_hcc"":0,""increased_in_hcc"":4}","{""decreased_in_hcc"":{""conflicts"":0,""opposition"":4,""passes"":false,""support"":0},""increased_in_hcc"":{""conflicts"":0,""opposition"":0,""passes"":true,""support"":4}}",increased_in_hcc,retained,2,0,be83edd85173b80836df62177bba3ecc92f880b000f8df3289132f8dda567090,report; source label; comparison-specific votes,report,source_label,separate_votes,primary_comparisons_and_primary_evidence_tiers
vu_report__taxon_source_label__comparison_separate_votes,Pyramidobacter,2,0,"{""decreased_in_hcc"":2,""increased_in_hcc"":0}","{""decreased_in_hcc"":{""conflicts"":0,""opposition"":0,""passes"":true,""support"":2},""increased_in_hcc"":{""conflicts"":0,""opposition"":2,""passes"":false,""support"":0}}",decreased_in_hcc,retained,2,0,be83edd85173b80836df62177bba3ecc92f880b000f8df3289132f8dda567090,report; source label; comparison-specific votes,report,source_label,separate_votes,primary_comparisons_and_primary_evidence_tiers
vu_report__taxon_source_label__comparison_separate_votes,Raoultella,1,0,"{""decreased_in_hcc"":1,""increased_in_hcc"":0}","{""decreased_in_hcc"":{""conflicts"":0,""opposition"":0,""passes"":false,""support"":1},""increased_in_hcc"":{""conflicts"":0,""opposition"":1,""passes"":false,""support"":0}}",,not_retained,2,0,be83edd85173b80836df62177bba3ecc92f880b000f8df3289132f8dda567090,report; source label; comparison-specific votes,report,source_label,separate_votes,primary_comparisons_and_primary_evidence_tiers
vu_report__taxon_source_label__comparison_separate_votes,Rothia,1,0,"{""decreased_in_hcc"":0,""increased_in_hcc"":1}","{""decreased_in_hcc"":{""conflicts"":0,""opposition"":1,""passes"":false,""support"":0},""increased_in_hcc"":{""conflicts"":0,""opposition"":0,""passes"":false,""support"":1}}",,not_retained,2,0,be83edd85173b80836df62177bba3ecc92f880b000f8df3289132f8dda567090,report; source label; comparison-specific votes,report,source_label,separate_votes,primary_comparisons_and_primary_evidence_tiers
vu_report__taxon_source_label__comparison_separate_votes,Ruminococcus 2,1,0,"{""decreased_in_hcc"":1,""increased_in_hcc"":0}","{""decreased_in_hcc"":{""conflicts"":0,""opposition"":0,""passes"":false,""support"":1},""increased_in_hcc"":{""conflicts"":0,""opposition"":1,""passes"":false,""support"":0}}",,not_retained,2,0,be83edd85173b80836df62177bba3ecc92f880b000f8df3289132f8dda567090,report; source label; comparison-specific votes,report,source_label,separate_votes,primary_comparisons_and_primary_evidence_tiers
vu_report__taxon_source_label__comparison_separate_votes,Sarcina,1,0,"{""decreased_in_hcc"":0,""increased_in_hcc"":1}","{""decreased_in_hcc"":{""conflicts"":0,""opposition"":1,""passes"":false,""support"":0},""increased_in_hcc"":{""conflicts"":0,""opposition"":0,""passes"":false,""support"":1}}",,not_retained,2,0,be83edd85173b80836df62177bba3ecc92f880b000f8df3289132f8dda567090,report; source label; comparison-specific votes,report,source_label,separate_votes,primary_comparisons_and_primary_evidence_tiers
vu_report__taxon_source_label__comparison_separate_votes,Selenomonas,1,0,"{""decreased_in_hcc"":0,""increased_in_hcc"":1}","{""decreased_in_hcc"":{""conflicts"":0,""opposition"":1,""passes"":false,""support"":0},""increased_in_hcc"":{""conflicts"":0,""opposition"":0,""passes"":false,""support"":1}}",,not_retained,2,0,be83edd85173b80836df62177bba3ecc92f880b000f8df3289132f8dda567090,report; source label; comparison-specific votes,report,source_label,separate_votes,primary_comparisons_and_primary_evidence_tiers
vu_report__taxon_source_label__comparison_separate_votes,Streptococcus,1,0,"{""decreased_in_hcc"":0,""increased_in_hcc"":1}","{""decreased_in_hcc"":{""conflicts"":0,""opposition"":1,""passes"":false,""support"":0},""increased_in_hcc"":{""conflicts"":0,""opposition"":0,""passes"":false,""support"":1}}",,not_retained,2,0,be83edd85173b80836df62177bba3ecc92f880b000f8df3289132f8dda567090,report; source label; comparison-specific votes,report,source_label,separate_votes,primary_comparisons_and_primary_evidence_tiers
vu_report__taxon_source_label__comparison_separate_votes,Turicibacter,2,0,"{""decreased_in_hcc"":2,""increased_in_hcc"":0}","{""decreased_in_hcc"":{""conflicts"":0,""opposition"":0,""passes"":true,""support"":2},""increased_in_hcc"":{""conflicts"":0,""opposition"":2,""passes"":false,""support"":0}}",decreased_in_hcc,retained,2,0,be83edd85173b80836df62177bba3ecc92f880b000f8df3289132f8dda567090,report; source label; comparison-specific votes,report,source_label,separate_votes,primary_comparisons_and_primary_evidence_tiers
vu_report__taxon_source_label__comparison_separate_votes,Veillonella,3,0,"{""decreased_in_hcc"":0,""increased_in_hcc"":3}","{""decreased_in_hcc"":{""conflicts"":0,""opposition"":3,""passes"":false,""support"":0},""increased_in_hcc"":{""conflicts"":0,""opposition"":0,""passes"":true,""support"":3}}",increased_in_hcc,retained,2,0,be83edd85173b80836df62177bba3ecc92f880b000f8df3289132f8dda567090,report; source label; comparison-specific votes,report,source_label,separate_votes,primary_comparisons_and_primary_evidence_tiers
vu_row__taxon_resolved_target__comparison_family_state,Acidaminococcus,1,0,"{""decreased_in_hcc"":1,""increased_in_hcc"":0}","{""decreased_in_hcc"":{""conflicts"":0,""opposition"":0,""passes"":false,""support"":1},""increased_in_hcc"":{""conflicts"":0,""opposition"":1,""passes"":false,""support"":0}}",,not_retained,2,0,be83edd85173b80836df62177bba3ecc92f880b000f8df3289132f8dda567090,row; resolved target taxon; family-state collapse,row,resolved_target,family_state,primary_comparisons_and_primary_evidence_tiers
vu_row__taxon_resolved_target__comparison_family_state,Acinetobacter,1,0,"{""decreased_in_hcc"":0,""increased_in_hcc"":1}","{""decreased_in_hcc"":{""conflicts"":0,""opposition"":1,""passes"":false,""support"":0},""increased_in_hcc"":{""conflicts"":0,""opposition"":0,""passes"":false,""support"":1}}",,not_retained,2,0,be83edd85173b80836df62177bba3ecc92f880b000f8df3289132f8dda567090,row; resolved target taxon; family-state collapse,row,resolved_target,family_state,primary_comparisons_and_primary_evidence_tiers
vu_row__taxon_resolved_target__comparison_family_state,Actinomyces,1,0,"{""decreased_in_hcc"":0,""increased_in_hcc"":1}","{""decreased_in_hcc"":{""conflicts"":0,""opposition"":1,""passes"":false,""support"":0},""increased_in_hcc"":{""conflicts"":0,""opposition"":0,""passes"":false,""support"":1}}",,not_retained,2,0,be83edd85173b80836df62177bba3ecc92f880b000f8df3289132f8dda567090,row; resolved target taxon; family-state collapse,row,resolved_target,family_state,primary_comparisons_and_primary_evidence_tiers
vu_row__taxon_resolved_target__comparison_family_state,Alloprevotella,1,0,"{""decreased_in_hcc"":1,""increased_in_hcc"":0}","{""decreased_in_hcc"":{""conflicts"":0,""opposition"":0,""passes"":false,""support"":1},""increased_in_hcc"":{""conflicts"":0,""opposition"":1,""passes"":false,""support"":0}}",,not_retained,2,0,be83edd85173b80836df62177bba3ecc92f880b000f8df3289132f8dda567090,row; resolved target taxon; family-state collapse,row,resolved_target,family_state,primary_comparisons_and_primary_evidence_tiers
vu_row__taxon_resolved_target__comparison_family_state,Anaerostipes,1,0,"{""decreased_in_hcc"":1,""increased_in_hcc"":0}","{""decreased_in_hcc"":{""conflicts"":0,""opposition"":0,""passes"":false,""support"":1},""increased_in_hcc"":{""conflicts"":0,""opposition"":1,""passes"":false,""support"":0}}",,not_retained,2,0,be83edd85173b80836df62177bba3ecc92f880b000f8df3289132f8dda567090,row; resolved target taxon; family-state collapse,row,resolved_target,family_state,primary_comparisons_and_primary_evidence_tiers
vu_row__taxon_resolved_target__comparison_family_state,Anaerotruncus,2,0,"{""decreased_in_hcc"":1,""increased_in_hcc"":1}","{""decreased_in_hcc"":{""conflicts"":0,""opposition"":1,""passes"":false,""support"":1},""increased_in_hcc"":{""conflicts"":0,""opposition"":1,""passes"":false,""support"":1}}",,not_retained,2,0,be83edd85173b80836df62177bba3ecc92f880b000f8df3289132f8dda567090,row; resolved target taxon; family-state collapse,row,resolved_target,family_state,primary_comparisons_and_primary_evidence_tiers
vu_row__taxon_resolved_target__comparison_family_state,Atopobium,1,0,"{""decreased_in_hcc"":0,""increased_in_hcc"":1}","{""decreased_in_hcc"":{""conflicts"":0,""opposition"":1,""passes"":false,""support"":0},""increased_in_hcc"":{""conflicts"":0,""opposition"":0,""passes"":false,""support"":1}}",,not_retained,2,0,be83edd85173b80836df62177bba3ecc92f880b000f8df3289132f8dda567090,row; resolved target taxon; family-state collapse,row,resolved_target,family_state,primary_comparisons_and_primary_evidence_tiers
vu_row__taxon_resolved_target__comparison_family_state,Blautia,2,0,"{""decreased_in_hcc"":0,""increased_in_hcc"":2}","{""decreased_in_hcc"":{""conflicts"":0,""opposition"":2,""passes"":false,""support"":0},""increased_in_hcc"":{""conflicts"":0,""opposition"":0,""passes"":true,""support"":2}}",increased_in_hcc,retained,2,0,be83edd85173b80836df62177bba3ecc92f880b000f8df3289132f8dda567090,row; resolved target taxon; family-state collapse,row,resolved_target,family_state,primary_comparisons_and_primary_evidence_tiers
vu_row__taxon_resolved_target__comparison_family_state,Butyricimonas,1,0,"{""decreased_in_hcc"":1,""increased_in_hcc"":0}","{""decreased_in_hcc"":{""conflicts"":0,""opposition"":0,""passes"":false,""support"":1},""increased_in_hcc"":{""conflicts"":0,""opposition"":1,""passes"":false,""support"":0}}",,not_retained,2,0,be83edd85173b80836df62177bba3ecc92f880b000f8df3289132f8dda567090,row; resolved target taxon; family-state collapse,row,resolved_target,family_state,primary_comparisons_and_primary_evidence_tiers
vu_row__taxon_resolved_target__comparison_family_state,Cetobacterium,1,0,"{""decreased_in_hcc"":1,""increased_in_hcc"":0}","{""decreased_in_hcc"":{""conflicts"":0,""opposition"":0,""passes"":false,""support"":1},""increased_in_hcc"":{""conflicts"":0,""opposition"":1,""passes"":false,""support"":0}}",,not_retained,2,0,be83edd85173b80836df62177bba3ecc92f880b000f8df3289132f8dda567090,row; resolved target taxon; family-state collapse,row,resolved_target,family_state,primary_comparisons_and_primary_evidence_tiers
vu_row__taxon_resolved_target__comparison_family_state,Cloacibacillus,1,0,"{""decreased_in_hcc"":1,""increased_in_hcc"":0}","{""decreased_in_hcc"":{""conflicts"":0,""opposition"":0,""passes"":false,""support"":1},""increased_in_hcc"":{""conflicts"":0,""opposition"":1,""passes"":false,""support"":0}}",,not_retained,2,0,be83edd85173b80836df62177bba3ecc92f880b000f8df3289132f8dda567090,row; resolved target taxon; family-state collapse,row,resolved_target,family_state,primary_comparisons_and_primary_evidence_tiers
vu_row__taxon_resolved_target__comparison_family_state,Clostridium XIVa,1,0,"{""decreased_in_hcc"":1,""increased_in_hcc"":0}","{""decreased_in_hcc"":{""conflicts"":0,""opposition"":0,""passes"":false,""support"":1},""increased_in_hcc"":{""conflicts"":0,""opposition"":1,""passes"":false,""support"":0}}",,not_retained,2,0,be83edd85173b80836df62177bba3ecc92f880b000f8df3289132f8dda567090,row; resolved target taxon; family-state collapse,row,resolved_target,family_state,primary_comparisons_and_primary_evidence_tiers
vu_row__taxon_resolved_target__comparison_family_state,Coprobacillus,1,0,"{""decreased_in_hcc"":1,""increased_in_hcc"":0}","{""decreased_in_hcc"":{""conflicts"":0,""opposition"":0,""passes"":false,""support"":1},""increased_in_hcc"":{""conflicts"":0,""opposition"":1,""passes"":false,""support"":0}}",,not_retained,2,0,be83edd85173b80836df62177bba3ecc92f880b000f8df3289132f8dda567090,row; resolved target taxon; family-state collapse,row,resolved_target,family_state,primary_comparisons_and_primary_evidence_tiers
vu_row__taxon_resolved_target__comparison_family_state,Desulfococcus,1,0,"{""decreased_in_hcc"":0,""increased_in_hcc"":1}","{""decreased_in_hcc"":{""conflicts"":0,""opposition"":1,""passes"":false,""support"":0},""increased_in_hcc"":{""conflicts"":0,""opposition"":0,""passes"":false,""support"":1}}",,not_retained,2,0,be83edd85173b80836df62177bba3ecc92f880b000f8df3289132f8dda567090,row; resolved target taxon; family-state collapse,row,resolved_target,family_state,primary_comparisons_and_primary_evidence_tiers
vu_row__taxon_resolved_target__comparison_family_state,Enterobacter,1,0,"{""decreased_in_hcc"":0,""increased_in_hcc"":1}","{""decreased_in_hcc"":{""conflicts"":0,""opposition"":1,""passes"":false,""support"":0},""increased_in_hcc"":{""conflicts"":0,""opposition"":0,""passes"":false,""support"":1}}",,not_retained,2,0,be83edd85173b80836df62177bba3ecc92f880b000f8df3289132f8dda567090,row; resolved target taxon; family-state collapse,row,resolved_target,family_state,primary_comparisons_and_primary_evidence_tiers
vu_row__taxon_resolved_target__comparison_family_state,Enterococcus,1,0,"{""decreased_in_hcc"":0,""increased_in_hcc"":1}","{""decreased_in_hcc"":{""conflicts"":0,""opposition"":1,""passes"":false,""support"":0},""increased_in_hcc"":{""conflicts"":0,""opposition"":0,""passes"":false,""support"":1}}",,not_retained,2,0,be83edd85173b80836df62177bba3ecc92f880b000f8df3289132f8dda567090,row; resolved target taxon; family-state collapse,row,resolved_target,family_state,primary_comparisons_and_primary_evidence_tiers
vu_row__taxon_resolved_target__comparison_family_state,Eubacterium,1,0,"{""decreased_in_hcc"":0,""increased_in_hcc"":1}","{""decreased_in_hcc"":{""conflicts"":0,""opposition"":1,""passes"":false,""support"":0},""increased_in_hcc"":{""conflicts"":0,""opposition"":0,""passes"":false,""support"":1}}",,not_retained,2,0,be83edd85173b80836df62177bba3ecc92f880b000f8df3289132f8dda567090,row; resolved target taxon; family-state collapse,row,resolved_target,family_state,primary_comparisons_and_primary_evidence_tiers
vu_row__taxon_resolved_target__comparison_family_state,Eubacterium ventriosum group,1,0,"{""decreased_in_hcc"":1,""increased_in_hcc"":0}","{""decreased_in_hcc"":{""conflicts"":0,""opposition"":0,""passes"":false,""support"":1},""increased_in_hcc"":{""conflicts"":0,""opposition"":1,""passes"":false,""support"":0}}",,not_retained,2,0,be83edd85173b80836df62177bba3ecc92f880b000f8df3289132f8dda567090,row; resolved target taxon; family-state collapse,row,resolved_target,family_state,primary_comparisons_and_primary_evidence_tiers
vu_row__taxon_resolved_target__comparison_family_state,Fusobacterium,1,0,"{""decreased_in_hcc"":1,""increased_in_hcc"":0}","{""decreased_in_hcc"":{""conflicts"":0,""opposition"":0,""passes"":false,""support"":1},""increased_in_hcc"":{""conflicts"":0,""opposition"":1,""passes"":false,""support"":0}}",,not_retained,2,0,be83edd85173b80836df62177bba3ecc92f880b000f8df3289132f8dda567090,row; resolved target taxon; family-state collapse,row,resolved_target,family_state,primary_comparisons_and_primary_evidence_tiers
vu_row__taxon_resolved_target__comparison_family_state,Gemmiger,1,0,"{""decreased_in_hcc"":0,""increased_in_hcc"":1}","{""decreased_in_hcc"":{""conflicts"":0,""opposition"":1,""passes"":false,""support"":0},""increased_in_hcc"":{""conflicts"":0,""opposition"":0,""passes"":false,""support"":1}}",,not_retained,2,0,be83edd85173b80836df62177bba3ecc92f880b000f8df3289132f8dda567090,row; resolved target taxon; family-state collapse,row,resolved_target,family_state,primary_comparisons_and_primary_evidence_tiers
vu_row__taxon_resolved_target__comparison_family_state,Haemophilus,1,0,"{""decreased_in_hcc"":0,""increased_in_hcc"":1}","{""decreased_in_hcc"":{""conflicts"":0,""opposition"":1,""passes"":false,""support"":0},""increased_in_hcc"":{""conflicts"":0,""opposition"":0,""passes"":false,""support"":1}}",,not_retained,2,0,be83edd85173b80836df62177bba3ecc92f880b000f8df3289132f8dda567090,row; resolved target taxon; family-state collapse,row,resolved_target,family_state,primary_comparisons_and_primary_evidence_tiers
vu_row__taxon_resolved_target__comparison_family_state,Holdemania,1,0,"{""decreased_in_hcc"":1,""increased_in_hcc"":0}","{""decreased_in_hcc"":{""conflicts"":0,""opposition"":0,""passes"":false,""support"":1},""increased_in_hcc"":{""conflicts"":0,""opposition"":1,""passes"":false,""support"":0}}",,not_retained,2,0,be83edd85173b80836df62177bba3ecc92f880b000f8df3289132f8dda567090,row; resolved target taxon; family-state collapse,row,resolved_target,family_state,primary_comparisons_and_primary_evidence_tiers
vu_row__taxon_resolved_target__comparison_family_state,Lachnospira,1,0,"{""decreased_in_hcc"":1,""increased_in_hcc"":0}","{""decreased_in_hcc"":{""conflicts"":0,""opposition"":0,""passes"":false,""support"":1},""increased_in_hcc"":{""conflicts"":0,""opposition"":1,""passes"":false,""support"":0}}",,not_retained,2,0,be83edd85173b80836df62177bba3ecc92f880b000f8df3289132f8dda567090,row; resolved target taxon; family-state collapse,row,resolved_target,family_state,primary_comparisons_and_primary_evidence_tiers
vu_row__taxon_resolved_target__comparison_family_state,Lachnospiraceae UCG-001,1,0,"{""decreased_in_hcc"":1,""increased_in_hcc"":0}","{""decreased_in_hcc"":{""conflicts"":0,""opposition"":0,""passes"":false,""support"":1},""increased_in_hcc"":{""conflicts"":0,""opposition"":1,""passes"":false,""support"":0}}",,not_retained,2,0,be83edd85173b80836df62177bba3ecc92f880b000f8df3289132f8dda567090,row; resolved target taxon; family-state collapse,row,resolved_target,family_state,primary_comparisons_and_primary_evidence_tiers
vu_row__taxon_resolved_target__comparison_family_state,Lactobacillus,1,0,"{""decreased_in_hcc"":0,""increased_in_hcc"":1}","{""decreased_in_hcc"":{""conflicts"":0,""opposition"":1,""passes"":false,""support"":0},""increased_in_hcc"":{""conflicts"":0,""opposition"":0,""passes"":false,""support"":1}}",,not_retained,2,0,be83edd85173b80836df62177bba3ecc92f880b000f8df3289132f8dda567090,row; resolved target taxon; family-state collapse,row,resolved_target,family_state,primary_comparisons_and_primary_evidence_tiers
vu_row__taxon_resolved_target__comparison_family_state,Lactococcus,1,0,"{""decreased_in_hcc"":0,""increased_in_hcc"":1}","{""decreased_in_hcc"":{""conflicts"":0,""opposition"":1,""passes"":false,""support"":0},""increased_in_hcc"":{""conflicts"":0,""opposition"":0,""passes"":false,""support"":1}}",,not_retained,2,0,be83edd85173b80836df62177bba3ecc92f880b000f8df3289132f8dda567090,row; resolved target taxon; family-state collapse,row,resolved_target,family_state,primary_comparisons_and_primary_evidence_tiers
vu_row__taxon_resolved_target__comparison_family_state,Leptotrichia,1,0,"{""decreased_in_hcc"":0,""increased_in_hcc"":1}","{""decreased_in_hcc"":{""conflicts"":0,""opposition"":1,""passes"":false,""support"":0},""increased_in_hcc"":{""conflicts"":0,""opposition"":0,""passes"":false,""support"":1}}",,not_retained,2,0,be83edd85173b80836df62177bba3ecc92f880b000f8df3289132f8dda567090,row; resolved target taxon; family-state collapse,row,resolved_target,family_state,primary_comparisons_and_primary_evidence_tiers
vu_row__taxon_resolved_target__comparison_family_state,Megamonas,1,0,"{""decreased_in_hcc"":1,""increased_in_hcc"":0}","{""decreased_in_hcc"":{""conflicts"":0,""opposition"":0,""passes"":false,""support"":1},""increased_in_hcc"":{""conflicts"":0,""opposition"":1,""passes"":false,""support"":0}}",,not_retained,2,0,be83edd85173b80836df62177bba3ecc92f880b000f8df3289132f8dda567090,row; resolved target taxon; family-state collapse,row,resolved_target,family_state,primary_comparisons_and_primary_evidence_tiers
vu_row__taxon_resolved_target__comparison_family_state,Methanobrevibacter,1,0,"{""decreased_in_hcc"":1,""increased_in_hcc"":0}","{""decreased_in_hcc"":{""conflicts"":0,""opposition"":0,""passes"":false,""support"":1},""increased_in_hcc"":{""conflicts"":0,""opposition"":1,""passes"":false,""support"":0}}",,not_retained,2,0,be83edd85173b80836df62177bba3ecc92f880b000f8df3289132f8dda567090,row; resolved target taxon; family-state collapse,row,resolved_target,family_state,primary_comparisons_and_primary_evidence_tiers
vu_row__taxon_resolved_target__comparison_family_state,Neisseria,1,0,"{""decreased_in_hcc"":0,""increased_in_hcc"":1}","{""decreased_in_hcc"":{""conflicts"":0,""opposition"":1,""passes"":false,""support"":0},""increased_in_hcc"":{""conflicts"":0,""opposition"":0,""passes"":false,""support"":1}}",,not_retained,2,0,be83edd85173b80836df62177bba3ecc92f880b000f8df3289132f8dda567090,row; resolved target taxon; family-state collapse,row,resolved_target,family_state,primary_comparisons_and_primary_evidence_tiers
vu_row__taxon_resolved_target__comparison_family_state,Odoribacter,1,0,"{""decreased_in_hcc"":1,""increased_in_hcc"":0}","{""decreased_in_hcc"":{""conflicts"":0,""opposition"":0,""passes"":false,""support"":1},""increased_in_hcc"":{""conflicts"":0,""opposition"":1,""passes"":false,""support"":0}}",,not_retained,2,0,be83edd85173b80836df62177bba3ecc92f880b000f8df3289132f8dda567090,row; resolved target taxon; family-state collapse,row,resolved_target,family_state,primary_comparisons_and_primary_evidence_tiers
vu_row__taxon_resolved_target__comparison_family_state,Oribacterium,1,0,"{""decreased_in_hcc"":0,""increased_in_hcc"":1}","{""decreased_in_hcc"":{""conflicts"":0,""opposition"":1,""passes"":false,""support"":0},""increased_in_hcc"":{""conflicts"":0,""opposition"":0,""passes"":false,""support"":1}}",,not_retained,2,0,be83edd85173b80836df62177bba3ecc92f880b000f8df3289132f8dda567090,row; resolved target taxon; family-state collapse,row,resolved_target,family_state,primary_comparisons_and_primary_evidence_tiers
vu_row__taxon_resolved_target__comparison_family_state,Paraprevotella,1,0,"{""decreased_in_hcc"":0,""increased_in_hcc"":1}","{""decreased_in_hcc"":{""conflicts"":0,""opposition"":1,""passes"":false,""support"":0},""increased_in_hcc"":{""conflicts"":0,""opposition"":0,""passes"":false,""support"":1}}",,not_retained,2,0,be83edd85173b80836df62177bba3ecc92f880b000f8df3289132f8dda567090,row; resolved target taxon; family-state collapse,row,resolved_target,family_state,primary_comparisons_and_primary_evidence_tiers
vu_row__taxon_resolved_target__comparison_family_state,Phascolarctobacterium,1,0,"{""decreased_in_hcc"":0,""increased_in_hcc"":1}","{""decreased_in_hcc"":{""conflicts"":0,""opposition"":1,""passes"":false,""support"":0},""increased_in_hcc"":{""conflicts"":0,""opposition"":0,""passes"":false,""support"":1}}",,not_retained,2,0,be83edd85173b80836df62177bba3ecc92f880b000f8df3289132f8dda567090,row; resolved target taxon; family-state collapse,row,resolved_target,family_state,primary_comparisons_and_primary_evidence_tiers
vu_row__taxon_resolved_target__comparison_family_state,Prevotella,2,0,"{""decreased_in_hcc"":0,""increased_in_hcc"":2}","{""decreased_in_hcc"":{""conflicts"":0,""opposition"":2,""passes"":false,""support"":0},""increased_in_hcc"":{""conflicts"":0,""opposition"":0,""passes"":true,""support"":2}}",increased_in_hcc,retained,2,0,be83edd85173b80836df62177bba3ecc92f880b000f8df3289132f8dda567090,row; resolved target taxon; family-state collapse,row,resolved_target,family_state,primary_comparisons_and_primary_evidence_tiers
vu_row__taxon_resolved_target__comparison_family_state,Pyramidobacter,1,0,"{""decreased_in_hcc"":1,""increased_in_hcc"":0}","{""decreased_in_hcc"":{""conflicts"":0,""opposition"":0,""passes"":false,""support"":1},""increased_in_hcc"":{""conflicts"":0,""opposition"":1,""passes"":false,""support"":0}}",,not_retained,2,0,be83edd85173b80836df62177bba3ecc92f880b000f8df3289132f8dda567090,row; resolved target taxon; family-state collapse,row,resolved_target,family_state,primary_comparisons_and_primary_evidence_tiers
vu_row__taxon_resolved_target__comparison_family_state,Raoultella,1,0,"{""decreased_in_hcc"":1,""increased_in_hcc"":0}","{""decreased_in_hcc"":{""conflicts"":0,""opposition"":0,""passes"":false,""support"":1},""increased_in_hcc"":{""conflicts"":0,""opposition"":1,""passes"":false,""support"":0}}",,not_retained,2,0,be83edd85173b80836df62177bba3ecc92f880b000f8df3289132f8dda567090,row; resolved target taxon; family-state collapse,row,resolved_target,family_state,primary_comparisons_and_primary_evidence_tiers
vu_row__taxon_resolved_target__comparison_family_state,Rothia,1,0,"{""decreased_in_hcc"":0,""increased_in_hcc"":1}","{""decreased_in_hcc"":{""conflicts"":0,""opposition"":1,""passes"":false,""support"":0},""increased_in_hcc"":{""conflicts"":0,""opposition"":0,""passes"":false,""support"":1}}",,not_retained,2,0,be83edd85173b80836df62177bba3ecc92f880b000f8df3289132f8dda567090,row; resolved target taxon; family-state collapse,row,resolved_target,family_state,primary_comparisons_and_primary_evidence_tiers
vu_row__taxon_resolved_target__comparison_family_state,Ruminococcus 2,1,0,"{""decreased_in_hcc"":1,""increased_in_hcc"":0}","{""decreased_in_hcc"":{""conflicts"":0,""opposition"":0,""passes"":false,""support"":1},""increased_in_hcc"":{""conflicts"":0,""opposition"":1,""passes"":false,""support"":0}}",,not_retained,2,0,be83edd85173b80836df62177bba3ecc92f880b000f8df3289132f8dda567090,row; resolved target taxon; family-state collapse,row,resolved_target,family_state,primary_comparisons_and_primary_evidence_tiers
vu_row__taxon_resolved_target__comparison_family_state,Sarcina,1,0,"{""decreased_in_hcc"":0,""increased_in_hcc"":1}","{""decreased_in_hcc"":{""conflicts"":0,""opposition"":1,""passes"":false,""support"":0},""increased_in_hcc"":{""conflicts"":0,""opposition"":0,""passes"":false,""support"":1}}",,not_retained,2,0,be83edd85173b80836df62177bba3ecc92f880b000f8df3289132f8dda567090,row; resolved target taxon; family-state collapse,row,resolved_target,family_state,primary_comparisons_and_primary_evidence_tiers
vu_row__taxon_resolved_target__comparison_family_state,Selenomonas,1,0,"{""decreased_in_hcc"":0,""increased_in_hcc"":1}","{""decreased_in_hcc"":{""conflicts"":0,""opposition"":1,""passes"":false,""support"":0},""increased_in_hcc"":{""conflicts"":0,""opposition"":0,""passes"":false,""support"":1}}",,not_retained,2,0,be83edd85173b80836df62177bba3ecc92f880b000f8df3289132f8dda567090,row; resolved target taxon; family-state collapse,row,resolved_target,family_state,primary_comparisons_and_primary_evidence_tiers
vu_row__taxon_resolved_target__comparison_family_state,Streptococcus,1,0,"{""decreased_in_hcc"":0,""increased_in_hcc"":1}","{""decreased_in_hcc"":{""conflicts"":0,""opposition"":1,""passes"":false,""support"":0},""increased_in_hcc"":{""conflicts"":0,""opposition"":0,""passes"":false,""support"":1}}",,not_retained,2,0,be83edd85173b80836df62177bba3ecc92f880b000f8df3289132f8dda567090,row; resolved target taxon; family-state collapse,row,resolved_target,family_state,primary_comparisons_and_primary_evidence_tiers
vu_row__taxon_resolved_target__comparison_family_state,Turicibacter,1,0,"{""decreased_in_hcc"":1,""increased_in_hcc"":0}","{""decreased_in_hcc"":{""conflicts"":0,""opposition"":0,""passes"":false,""support"":1},""increased_in_hcc"":{""conflicts"":0,""opposition"":1,""passes"":false,""support"":0}}",,not_retained,2,0,be83edd85173b80836df62177bba3ecc92f880b000f8df3289132f8dda567090,row; resolved target taxon; family-state collapse,row,resolved_target,family_state,primary_comparisons_and_primary_evidence_tiers
vu_row__taxon_resolved_target__comparison_family_state,Veillonella,1,0,"{""decreased_in_hcc"":0,""increased_in_hcc"":1}","{""decreased_in_hcc"":{""conflicts"":0,""opposition"":1,""passes"":false,""support"":0},""increased_in_hcc"":{""conflicts"":0,""opposition"":0,""passes"":false,""support"":1}}",,not_retained,2,0,be83edd85173b80836df62177bba3ecc92f880b000f8df3289132f8dda567090,row; resolved target taxon; family-state collapse,row,resolved_target,family_state,primary_comparisons_and_primary_evidence_tiers
vu_row__taxon_resolved_target__comparison_ignore,Acidaminococcus,2,0,"{""decreased_in_hcc"":2,""increased_in_hcc"":0}","{""decreased_in_hcc"":{""conflicts"":0,""opposition"":0,""passes"":true,""support"":2},""increased_in_hcc"":{""conflicts"":0,""opposition"":2,""passes"":false,""support"":0}}",decreased_in_hcc,retained,2,0,be83edd85173b80836df62177bba3ecc92f880b000f8df3289132f8dda567090,row; resolved target taxon; comparisons ignored,row,resolved_target,ignore,primary_comparisons_and_primary_evidence_tiers
vu_row__taxon_resolved_target__comparison_ignore,Acinetobacter,1,0,"{""decreased_in_hcc"":0,""increased_in_hcc"":1}","{""decreased_in_hcc"":{""conflicts"":0,""opposition"":1,""passes"":false,""support"":0},""increased_in_hcc"":{""conflicts"":0,""opposition"":0,""passes"":false,""support"":1}}",,not_retained,2,0,be83edd85173b80836df62177bba3ecc92f880b000f8df3289132f8dda567090,row; resolved target taxon; comparisons ignored,row,resolved_target,ignore,primary_comparisons_and_primary_evidence_tiers
vu_row__taxon_resolved_target__comparison_ignore,Actinomyces,2,0,"{""decreased_in_hcc"":0,""increased_in_hcc"":2}","{""decreased_in_hcc"":{""conflicts"":0,""opposition"":2,""passes"":false,""support"":0},""increased_in_hcc"":{""conflicts"":0,""opposition"":0,""passes"":true,""support"":2}}",increased_in_hcc,retained,2,0,be83edd85173b80836df62177bba3ecc92f880b000f8df3289132f8dda567090,row; resolved target taxon; comparisons ignored,row,resolved_target,ignore,primary_comparisons_and_primary_evidence_tiers
vu_row__taxon_resolved_target__comparison_ignore,Alloprevotella,1,0,"{""decreased_in_hcc"":1,""increased_in_hcc"":0}","{""decreased_in_hcc"":{""conflicts"":0,""opposition"":0,""passes"":false,""support"":1},""increased_in_hcc"":{""conflicts"":0,""opposition"":1,""passes"":false,""support"":0}}",,not_retained,2,0,be83edd85173b80836df62177bba3ecc92f880b000f8df3289132f8dda567090,row; resolved target taxon; comparisons ignored,row,resolved_target,ignore,primary_comparisons_and_primary_evidence_tiers
vu_row__taxon_resolved_target__comparison_ignore,Anaerostipes,1,0,"{""decreased_in_hcc"":1,""increased_in_hcc"":0}","{""decreased_in_hcc"":{""conflicts"":0,""opposition"":0,""passes"":false,""support"":1},""increased_in_hcc"":{""conflicts"":0,""opposition"":1,""passes"":false,""support"":0}}",,not_retained,2,0,be83edd85173b80836df62177bba3ecc92f880b000f8df3289132f8dda567090,row; resolved target taxon; comparisons ignored,row,resolved_target,ignore,primary_comparisons_and_primary_evidence_tiers
vu_row__taxon_resolved_target__comparison_ignore,Anaerotruncus,3,0,"{""decreased_in_hcc"":2,""increased_in_hcc"":1}","{""decreased_in_hcc"":{""conflicts"":0,""opposition"":1,""passes"":false,""support"":2},""increased_in_hcc"":{""conflicts"":0,""opposition"":2,""passes"":false,""support"":1}}",,not_retained,2,0,be83edd85173b80836df62177bba3ecc92f880b000f8df3289132f8dda567090,row; resolved target taxon; comparisons ignored,row,resolved_target,ignore,primary_comparisons_and_primary_evidence_tiers
vu_row__taxon_resolved_target__comparison_ignore,Atopobium,2,0,"{""decreased_in_hcc"":0,""increased_in_hcc"":2}","{""decreased_in_hcc"":{""conflicts"":0,""opposition"":2,""passes"":false,""support"":0},""increased_in_hcc"":{""conflicts"":0,""opposition"":0,""passes"":true,""support"":2}}",increased_in_hcc,retained,2,0,be83edd85173b80836df62177bba3ecc92f880b000f8df3289132f8dda567090,row; resolved target taxon; comparisons ignored,row,resolved_target,ignore,primary_comparisons_and_primary_evidence_tiers
vu_row__taxon_resolved_target__comparison_ignore,Blautia,2,0,"{""decreased_in_hcc"":0,""increased_in_hcc"":2}","{""decreased_in_hcc"":{""conflicts"":0,""opposition"":2,""passes"":false,""support"":0},""increased_in_hcc"":{""conflicts"":0,""opposition"":0,""passes"":true,""support"":2}}",increased_in_hcc,retained,2,0,be83edd85173b80836df62177bba3ecc92f880b000f8df3289132f8dda567090,row; resolved target taxon; comparisons ignored,row,resolved_target,ignore,primary_comparisons_and_primary_evidence_tiers
vu_row__taxon_resolved_target__comparison_ignore,Butyricimonas,1,0,"{""decreased_in_hcc"":1,""increased_in_hcc"":0}","{""decreased_in_hcc"":{""conflicts"":0,""opposition"":0,""passes"":false,""support"":1},""increased_in_hcc"":{""conflicts"":0,""opposition"":1,""passes"":false,""support"":0}}",,not_retained,2,0,be83edd85173b80836df62177bba3ecc92f880b000f8df3289132f8dda567090,row; resolved target taxon; comparisons ignored,row,resolved_target,ignore,primary_comparisons_and_primary_evidence_tiers
vu_row__taxon_resolved_target__comparison_ignore,Cetobacterium,3,0,"{""decreased_in_hcc"":3,""increased_in_hcc"":0}","{""decreased_in_hcc"":{""conflicts"":0,""opposition"":0,""passes"":true,""support"":3},""increased_in_hcc"":{""conflicts"":0,""opposition"":3,""passes"":false,""support"":0}}",decreased_in_hcc,retained,2,0,be83edd85173b80836df62177bba3ecc92f880b000f8df3289132f8dda567090,row; resolved target taxon; comparisons ignored,row,resolved_target,ignore,primary_comparisons_and_primary_evidence_tiers
vu_row__taxon_resolved_target__comparison_ignore,Cloacibacillus,1,0,"{""decreased_in_hcc"":1,""increased_in_hcc"":0}","{""decreased_in_hcc"":{""conflicts"":0,""opposition"":0,""passes"":false,""support"":1},""increased_in_hcc"":{""conflicts"":0,""opposition"":1,""passes"":false,""support"":0}}",,not_retained,2,0,be83edd85173b80836df62177bba3ecc92f880b000f8df3289132f8dda567090,row; resolved target taxon; comparisons ignored,row,resolved_target,ignore,primary_comparisons_and_primary_evidence_tiers
vu_row__taxon_resolved_target__comparison_ignore,Clostridium XIVa,1,0,"{""decreased_in_hcc"":1,""increased_in_hcc"":0}","{""decreased_in_hcc"":{""conflicts"":0,""opposition"":0,""passes"":false,""support"":1},""increased_in_hcc"":{""conflicts"":0,""opposition"":1,""passes"":false,""support"":0}}",,not_retained,2,0,be83edd85173b80836df62177bba3ecc92f880b000f8df3289132f8dda567090,row; resolved target taxon; comparisons ignored,row,resolved_target,ignore,primary_comparisons_and_primary_evidence_tiers
vu_row__taxon_resolved_target__comparison_ignore,Coprobacillus,2,0,"{""decreased_in_hcc"":2,""increased_in_hcc"":0}","{""decreased_in_hcc"":{""conflicts"":0,""opposition"":0,""passes"":true,""support"":2},""increased_in_hcc"":{""conflicts"":0,""opposition"":2,""passes"":false,""support"":0}}",decreased_in_hcc,retained,2,0,be83edd85173b80836df62177bba3ecc92f880b000f8df3289132f8dda567090,row; resolved target taxon; comparisons ignored,row,resolved_target,ignore,primary_comparisons_and_primary_evidence_tiers
vu_row__taxon_resolved_target__comparison_ignore,Desulfococcus,3,0,"{""decreased_in_hcc"":0,""increased_in_hcc"":3}","{""decreased_in_hcc"":{""conflicts"":0,""opposition"":3,""passes"":false,""support"":0},""increased_in_hcc"":{""conflicts"":0,""opposition"":0,""passes"":true,""support"":3}}",increased_in_hcc,retained,2,0,be83edd85173b80836df62177bba3ecc92f880b000f8df3289132f8dda567090,row; resolved target taxon; comparisons ignored,row,resolved_target,ignore,primary_comparisons_and_primary_evidence_tiers
vu_row__taxon_resolved_target__comparison_ignore,Enterobacter,3,0,"{""decreased_in_hcc"":0,""increased_in_hcc"":3}","{""decreased_in_hcc"":{""conflicts"":0,""opposition"":3,""passes"":false,""support"":0},""increased_in_hcc"":{""conflicts"":0,""opposition"":0,""passes"":true,""support"":3}}",increased_in_hcc,retained,2,0,be83edd85173b80836df62177bba3ecc92f880b000f8df3289132f8dda567090,row; resolved target taxon; comparisons ignored,row,resolved_target,ignore,primary_comparisons_and_primary_evidence_tiers
vu_row__taxon_resolved_target__comparison_ignore,Enterococcus,1,0,"{""decreased_in_hcc"":0,""increased_in_hcc"":1}","{""decreased_in_hcc"":{""conflicts"":0,""opposition"":1,""passes"":false,""support"":0},""increased_in_hcc"":{""conflicts"":0,""opposition"":0,""passes"":false,""support"":1}}",,not_retained,2,0,be83edd85173b80836df62177bba3ecc92f880b000f8df3289132f8dda567090,row; resolved target taxon; comparisons ignored,row,resolved_target,ignore,primary_comparisons_and_primary_evidence_tiers
vu_row__taxon_resolved_target__comparison_ignore,Eubacterium,1,0,"{""decreased_in_hcc"":0,""increased_in_hcc"":1}","{""decreased_in_hcc"":{""conflicts"":0,""opposition"":1,""passes"":false,""support"":0},""increased_in_hcc"":{""conflicts"":0,""opposition"":0,""passes"":false,""support"":1}}",,not_retained,2,0,be83edd85173b80836df62177bba3ecc92f880b000f8df3289132f8dda567090,row; resolved target taxon; comparisons ignored,row,resolved_target,ignore,primary_comparisons_and_primary_evidence_tiers
vu_row__taxon_resolved_target__comparison_ignore,Eubacterium ventriosum group,1,0,"{""decreased_in_hcc"":1,""increased_in_hcc"":0}","{""decreased_in_hcc"":{""conflicts"":0,""opposition"":0,""passes"":false,""support"":1},""increased_in_hcc"":{""conflicts"":0,""opposition"":1,""passes"":false,""support"":0}}",,not_retained,2,0,be83edd85173b80836df62177bba3ecc92f880b000f8df3289132f8dda567090,row; resolved target taxon; comparisons ignored,row,resolved_target,ignore,primary_comparisons_and_primary_evidence_tiers
vu_row__taxon_resolved_target__comparison_ignore,Fusobacterium,1,0,"{""decreased_in_hcc"":1,""increased_in_hcc"":0}","{""decreased_in_hcc"":{""conflicts"":0,""opposition"":0,""passes"":false,""support"":1},""increased_in_hcc"":{""conflicts"":0,""opposition"":1,""passes"":false,""support"":0}}",,not_retained,2,0,be83edd85173b80836df62177bba3ecc92f880b000f8df3289132f8dda567090,row; resolved target taxon; comparisons ignored,row,resolved_target,ignore,primary_comparisons_and_primary_evidence_tiers
vu_row__taxon_resolved_target__comparison_ignore,Gemmiger,1,0,"{""decreased_in_hcc"":0,""increased_in_hcc"":1}","{""decreased_in_hcc"":{""conflicts"":0,""opposition"":1,""passes"":false,""support"":0},""increased_in_hcc"":{""conflicts"":0,""opposition"":0,""passes"":false,""support"":1}}",,not_retained,2,0,be83edd85173b80836df62177bba3ecc92f880b000f8df3289132f8dda567090,row; resolved target taxon; comparisons ignored,row,resolved_target,ignore,primary_comparisons_and_primary_evidence_tiers
vu_row__taxon_resolved_target__comparison_ignore,Haemophilus,1,0,"{""decreased_in_hcc"":0,""increased_in_hcc"":1}","{""decreased_in_hcc"":{""conflicts"":0,""opposition"":1,""passes"":false,""support"":0},""increased_in_hcc"":{""conflicts"":0,""opposition"":0,""passes"":false,""support"":1}}",,not_retained,2,0,be83edd85173b80836df62177bba3ecc92f880b000f8df3289132f8dda567090,row; resolved target taxon; comparisons ignored,row,resolved_target,ignore,primary_comparisons_and_primary_evidence_tiers
vu_row__taxon_resolved_target__comparison_ignore,Holdemania,1,0,"{""decreased_in_hcc"":1,""increased_in_hcc"":0}","{""decreased_in_hcc"":{""conflicts"":0,""opposition"":0,""passes"":false,""support"":1},""increased_in_hcc"":{""conflicts"":0,""opposition"":1,""passes"":false,""support"":0}}",,not_retained,2,0,be83edd85173b80836df62177bba3ecc92f880b000f8df3289132f8dda567090,row; resolved target taxon; comparisons ignored,row,resolved_target,ignore,primary_comparisons_and_primary_evidence_tiers
vu_row__taxon_resolved_target__comparison_ignore,Lachnospira,1,0,"{""decreased_in_hcc"":1,""increased_in_hcc"":0}","{""decreased_in_hcc"":{""conflicts"":0,""opposition"":0,""passes"":false,""support"":1},""increased_in_hcc"":{""conflicts"":0,""opposition"":1,""passes"":false,""support"":0}}",,not_retained,2,0,be83edd85173b80836df62177bba3ecc92f880b000f8df3289132f8dda567090,row; resolved target taxon; comparisons ignored,row,resolved_target,ignore,primary_comparisons_and_primary_evidence_tiers
vu_row__taxon_resolved_target__comparison_ignore,Lachnospiraceae UCG-001,1,0,"{""decreased_in_hcc"":1,""increased_in_hcc"":0}","{""decreased_in_hcc"":{""conflicts"":0,""opposition"":0,""passes"":false,""support"":1},""increased_in_hcc"":{""conflicts"":0,""opposition"":1,""passes"":false,""support"":0}}",,not_retained,2,0,be83edd85173b80836df62177bba3ecc92f880b000f8df3289132f8dda567090,row; resolved target taxon; comparisons ignored,row,resolved_target,ignore,primary_comparisons_and_primary_evidence_tiers
vu_row__taxon_resolved_target__comparison_ignore,Lactobacillus,2,0,"{""decreased_in_hcc"":0,""increased_in_hcc"":2}","{""decreased_in_hcc"":{""conflicts"":0,""opposition"":2,""passes"":false,""support"":0},""increased_in_hcc"":{""conflicts"":0,""opposition"":0,""passes"":true,""support"":2}}",increased_in_hcc,retained,2,0,be83edd85173b80836df62177bba3ecc92f880b000f8df3289132f8dda567090,row; resolved target taxon; comparisons ignored,row,resolved_target,ignore,primary_comparisons_and_primary_evidence_tiers
vu_row__taxon_resolved_target__comparison_ignore,Lactococcus,2,0,"{""decreased_in_hcc"":0,""increased_in_hcc"":2}","{""decreased_in_hcc"":{""conflicts"":0,""opposition"":2,""passes"":false,""support"":0},""increased_in_hcc"":{""conflicts"":0,""opposition"":0,""passes"":true,""support"":2}}",increased_in_hcc,retained,2,0,be83edd85173b80836df62177bba3ecc92f880b000f8df3289132f8dda567090,row; resolved target taxon; comparisons ignored,row,resolved_target,ignore,primary_comparisons_and_primary_evidence_tiers
vu_row__taxon_resolved_target__comparison_ignore,Leptotrichia,2,0,"{""decreased_in_hcc"":0,""increased_in_hcc"":2}","{""decreased_in_hcc"":{""conflicts"":0,""opposition"":2,""passes"":false,""support"":0},""increased_in_hcc"":{""conflicts"":0,""opposition"":0,""passes"":true,""support"":2}}",increased_in_hcc,retained,2,0,be83edd85173b80836df62177bba3ecc92f880b000f8df3289132f8dda567090,row; resolved target taxon; comparisons ignored,row,resolved_target,ignore,primary_comparisons_and_primary_evidence_tiers
vu_row__taxon_resolved_target__comparison_ignore,Megamonas,2,0,"{""decreased_in_hcc"":2,""increased_in_hcc"":0}","{""decreased_in_hcc"":{""conflicts"":0,""opposition"":0,""passes"":true,""support"":2},""increased_in_hcc"":{""conflicts"":0,""opposition"":2,""passes"":false,""support"":0}}",decreased_in_hcc,retained,2,0,be83edd85173b80836df62177bba3ecc92f880b000f8df3289132f8dda567090,row; resolved target taxon; comparisons ignored,row,resolved_target,ignore,primary_comparisons_and_primary_evidence_tiers
vu_row__taxon_resolved_target__comparison_ignore,Methanobrevibacter,1,0,"{""decreased_in_hcc"":1,""increased_in_hcc"":0}","{""decreased_in_hcc"":{""conflicts"":0,""opposition"":0,""passes"":false,""support"":1},""increased_in_hcc"":{""conflicts"":0,""opposition"":1,""passes"":false,""support"":0}}",,not_retained,2,0,be83edd85173b80836df62177bba3ecc92f880b000f8df3289132f8dda567090,row; resolved target taxon; comparisons ignored,row,resolved_target,ignore,primary_comparisons_and_primary_evidence_tiers
vu_row__taxon_resolved_target__comparison_ignore,Neisseria,1,0,"{""decreased_in_hcc"":0,""increased_in_hcc"":1}","{""decreased_in_hcc"":{""conflicts"":0,""opposition"":1,""passes"":false,""support"":0},""increased_in_hcc"":{""conflicts"":0,""opposition"":0,""passes"":false,""support"":1}}",,not_retained,2,0,be83edd85173b80836df62177bba3ecc92f880b000f8df3289132f8dda567090,row; resolved target taxon; comparisons ignored,row,resolved_target,ignore,primary_comparisons_and_primary_evidence_tiers
vu_row__taxon_resolved_target__comparison_ignore,Odoribacter,1,0,"{""decreased_in_hcc"":1,""increased_in_hcc"":0}","{""decreased_in_hcc"":{""conflicts"":0,""opposition"":0,""passes"":false,""support"":1},""increased_in_hcc"":{""conflicts"":0,""opposition"":1,""passes"":false,""support"":0}}",,not_retained,2,0,be83edd85173b80836df62177bba3ecc92f880b000f8df3289132f8dda567090,row; resolved target taxon; comparisons ignored,row,resolved_target,ignore,primary_comparisons_and_primary_evidence_tiers
vu_row__taxon_resolved_target__comparison_ignore,Oribacterium,1,0,"{""decreased_in_hcc"":0,""increased_in_hcc"":1}","{""decreased_in_hcc"":{""conflicts"":0,""opposition"":1,""passes"":false,""support"":0},""increased_in_hcc"":{""conflicts"":0,""opposition"":0,""passes"":false,""support"":1}}",,not_retained,2,0,be83edd85173b80836df62177bba3ecc92f880b000f8df3289132f8dda567090,row; resolved target taxon; comparisons ignored,row,resolved_target,ignore,primary_comparisons_and_primary_evidence_tiers
vu_row__taxon_resolved_target__comparison_ignore,Paraprevotella,2,0,"{""decreased_in_hcc"":0,""increased_in_hcc"":2}","{""decreased_in_hcc"":{""conflicts"":0,""opposition"":2,""passes"":false,""support"":0},""increased_in_hcc"":{""conflicts"":0,""opposition"":0,""passes"":true,""support"":2}}",increased_in_hcc,retained,2,0,be83edd85173b80836df62177bba3ecc92f880b000f8df3289132f8dda567090,row; resolved target taxon; comparisons ignored,row,resolved_target,ignore,primary_comparisons_and_primary_evidence_tiers
vu_row__taxon_resolved_target__comparison_ignore,Phascolarctobacterium,1,0,"{""decreased_in_hcc"":0,""increased_in_hcc"":1}","{""decreased_in_hcc"":{""conflicts"":0,""opposition"":1,""passes"":false,""support"":0},""increased_in_hcc"":{""conflicts"":0,""opposition"":0,""passes"":false,""support"":1}}",,not_retained,2,0,be83edd85173b80836df62177bba3ecc92f880b000f8df3289132f8dda567090,row; resolved target taxon; comparisons ignored,row,resolved_target,ignore,primary_comparisons_and_primary_evidence_tiers
vu_row__taxon_resolved_target__comparison_ignore,Prevotella,4,0,"{""decreased_in_hcc"":0,""increased_in_hcc"":4}","{""decreased_in_hcc"":{""conflicts"":0,""opposition"":4,""passes"":false,""support"":0},""increased_in_hcc"":{""conflicts"":0,""opposition"":0,""passes"":true,""support"":4}}",increased_in_hcc,retained,2,0,be83edd85173b80836df62177bba3ecc92f880b000f8df3289132f8dda567090,row; resolved target taxon; comparisons ignored,row,resolved_target,ignore,primary_comparisons_and_primary_evidence_tiers
vu_row__taxon_resolved_target__comparison_ignore,Pyramidobacter,2,0,"{""decreased_in_hcc"":2,""increased_in_hcc"":0}","{""decreased_in_hcc"":{""conflicts"":0,""opposition"":0,""passes"":true,""support"":2},""increased_in_hcc"":{""conflicts"":0,""opposition"":2,""passes"":false,""support"":0}}",decreased_in_hcc,retained,2,0,be83edd85173b80836df62177bba3ecc92f880b000f8df3289132f8dda567090,row; resolved target taxon; comparisons ignored,row,resolved_target,ignore,primary_comparisons_and_primary_evidence_tiers
vu_row__taxon_resolved_target__comparison_ignore,Raoultella,1,0,"{""decreased_in_hcc"":1,""increased_in_hcc"":0}","{""decreased_in_hcc"":{""conflicts"":0,""opposition"":0,""passes"":false,""support"":1},""increased_in_hcc"":{""conflicts"":0,""opposition"":1,""passes"":false,""support"":0}}",,not_retained,2,0,be83edd85173b80836df62177bba3ecc92f880b000f8df3289132f8dda567090,row; resolved target taxon; comparisons ignored,row,resolved_target,ignore,primary_comparisons_and_primary_evidence_tiers
vu_row__taxon_resolved_target__comparison_ignore,Rothia,1,0,"{""decreased_in_hcc"":0,""increased_in_hcc"":1}","{""decreased_in_hcc"":{""conflicts"":0,""opposition"":1,""passes"":false,""support"":0},""increased_in_hcc"":{""conflicts"":0,""opposition"":0,""passes"":false,""support"":1}}",,not_retained,2,0,be83edd85173b80836df62177bba3ecc92f880b000f8df3289132f8dda567090,row; resolved target taxon; comparisons ignored,row,resolved_target,ignore,primary_comparisons_and_primary_evidence_tiers
vu_row__taxon_resolved_target__comparison_ignore,Ruminococcus 2,1,0,"{""decreased_in_hcc"":1,""increased_in_hcc"":0}","{""decreased_in_hcc"":{""conflicts"":0,""opposition"":0,""passes"":false,""support"":1},""increased_in_hcc"":{""conflicts"":0,""opposition"":1,""passes"":false,""support"":0}}",,not_retained,2,0,be83edd85173b80836df62177bba3ecc92f880b000f8df3289132f8dda567090,row; resolved target taxon; comparisons ignored,row,resolved_target,ignore,primary_comparisons_and_primary_evidence_tiers
vu_row__taxon_resolved_target__comparison_ignore,Sarcina,1,0,"{""decreased_in_hcc"":0,""increased_in_hcc"":1}","{""decreased_in_hcc"":{""conflicts"":0,""opposition"":1,""passes"":false,""support"":0},""increased_in_hcc"":{""conflicts"":0,""opposition"":0,""passes"":false,""support"":1}}",,not_retained,2,0,be83edd85173b80836df62177bba3ecc92f880b000f8df3289132f8dda567090,row; resolved target taxon; comparisons ignored,row,resolved_target,ignore,primary_comparisons_and_primary_evidence_tiers
vu_row__taxon_resolved_target__comparison_ignore,Selenomonas,1,0,"{""decreased_in_hcc"":0,""increased_in_hcc"":1}","{""decreased_in_hcc"":{""conflicts"":0,""opposition"":1,""passes"":false,""support"":0},""increased_in_hcc"":{""conflicts"":0,""opposition"":0,""passes"":false,""support"":1}}",,not_retained,2,0,be83edd85173b80836df62177bba3ecc92f880b000f8df3289132f8dda567090,row; resolved target taxon; comparisons ignored,row,resolved_target,ignore,primary_comparisons_and_primary_evidence_tiers
vu_row__taxon_resolved_target__comparison_ignore,Streptococcus,1,0,"{""decreased_in_hcc"":0,""increased_in_hcc"":1}","{""decreased_in_hcc"":{""conflicts"":0,""opposition"":1,""passes"":false,""support"":0},""increased_in_hcc"":{""conflicts"":0,""opposition"":0,""passes"":false,""support"":1}}",,not_retained,2,0,be83edd85173b80836df62177bba3ecc92f880b000f8df3289132f8dda567090,row; resolved target taxon; comparisons ignored,row,resolved_target,ignore,primary_comparisons_and_primary_evidence_tiers
vu_row__taxon_resolved_target__comparison_ignore,Turicibacter,2,0,"{""decreased_in_hcc"":2,""increased_in_hcc"":0}","{""decreased_in_hcc"":{""conflicts"":0,""opposition"":0,""passes"":true,""support"":2},""increased_in_hcc"":{""conflicts"":0,""opposition"":2,""passes"":false,""support"":0}}",decreased_in_hcc,retained,2,0,be83edd85173b80836df62177bba3ecc92f880b000f8df3289132f8dda567090,row; resolved target taxon; comparisons ignored,row,resolved_target,ignore,primary_comparisons_and_primary_evidence_tiers
vu_row__taxon_resolved_target__comparison_ignore,Veillonella,3,0,"{""decreased_in_hcc"":0,""increased_in_hcc"":3}","{""decreased_in_hcc"":{""conflicts"":0,""opposition"":3,""passes"":false,""support"":0},""increased_in_hcc"":{""conflicts"":0,""opposition"":0,""passes"":true,""support"":3}}",increased_in_hcc,retained,2,0,be83edd85173b80836df62177bba3ecc92f880b000f8df3289132f8dda567090,row; resolved target taxon; comparisons ignored,row,resolved_target,ignore,primary_comparisons_and_primary_evidence_tiers
vu_row__taxon_resolved_target__comparison_separate_votes,Acidaminococcus,2,0,"{""decreased_in_hcc"":2,""increased_in_hcc"":0}","{""decreased_in_hcc"":{""conflicts"":0,""opposition"":0,""passes"":true,""support"":2},""increased_in_hcc"":{""conflicts"":0,""opposition"":2,""passes"":false,""support"":0}}",decreased_in_hcc,retained,2,0,be83edd85173b80836df62177bba3ecc92f880b000f8df3289132f8dda567090,row; resolved target taxon; comparison-specific votes,row,resolved_target,separate_votes,primary_comparisons_and_primary_evidence_tiers
vu_row__taxon_resolved_target__comparison_separate_votes,Acinetobacter,1,0,"{""decreased_in_hcc"":0,""increased_in_hcc"":1}","{""decreased_in_hcc"":{""conflicts"":0,""opposition"":1,""passes"":false,""support"":0},""increased_in_hcc"":{""conflicts"":0,""opposition"":0,""passes"":false,""support"":1}}",,not_retained,2,0,be83edd85173b80836df62177bba3ecc92f880b000f8df3289132f8dda567090,row; resolved target taxon; comparison-specific votes,row,resolved_target,separate_votes,primary_comparisons_and_primary_evidence_tiers
vu_row__taxon_resolved_target__comparison_separate_votes,Actinomyces,2,0,"{""decreased_in_hcc"":0,""increased_in_hcc"":2}","{""decreased_in_hcc"":{""conflicts"":0,""opposition"":2,""passes"":false,""support"":0},""increased_in_hcc"":{""conflicts"":0,""opposition"":0,""passes"":true,""support"":2}}",increased_in_hcc,retained,2,0,be83edd85173b80836df62177bba3ecc92f880b000f8df3289132f8dda567090,row; resolved target taxon; comparison-specific votes,row,resolved_target,separate_votes,primary_comparisons_and_primary_evidence_tiers
vu_row__taxon_resolved_target__comparison_separate_votes,Alloprevotella,1,0,"{""decreased_in_hcc"":1,""increased_in_hcc"":0}","{""decreased_in_hcc"":{""conflicts"":0,""opposition"":0,""passes"":false,""support"":1},""increased_in_hcc"":{""conflicts"":0,""opposition"":1,""passes"":false,""support"":0}}",,not_retained,2,0,be83edd85173b80836df62177bba3ecc92f880b000f8df3289132f8dda567090,row; resolved target taxon; comparison-specific votes,row,resolved_target,separate_votes,primary_comparisons_and_primary_evidence_tiers
vu_row__taxon_resolved_target__comparison_separate_votes,Anaerostipes,1,0,"{""decreased_in_hcc"":1,""increased_in_hcc"":0}","{""decreased_in_hcc"":{""conflicts"":0,""opposition"":0,""passes"":false,""support"":1},""increased_in_hcc"":{""conflicts"":0,""opposition"":1,""passes"":false,""support"":0}}",,not_retained,2,0,be83edd85173b80836df62177bba3ecc92f880b000f8df3289132f8dda567090,row; resolved target taxon; comparison-specific votes,row,resolved_target,separate_votes,primary_comparisons_and_primary_evidence_tiers
vu_row__taxon_resolved_target__comparison_separate_votes,Anaerotruncus,3,0,"{""decreased_in_hcc"":2,""increased_in_hcc"":1}","{""decreased_in_hcc"":{""conflicts"":0,""opposition"":1,""passes"":false,""support"":2},""increased_in_hcc"":{""conflicts"":0,""opposition"":2,""passes"":false,""support"":1}}",,not_retained,2,0,be83edd85173b80836df62177bba3ecc92f880b000f8df3289132f8dda567090,row; resolved target taxon; comparison-specific votes,row,resolved_target,separate_votes,primary_comparisons_and_primary_evidence_tiers
vu_row__taxon_resolved_target__comparison_separate_votes,Atopobium,2,0,"{""decreased_in_hcc"":0,""increased_in_hcc"":2}","{""decreased_in_hcc"":{""conflicts"":0,""opposition"":2,""passes"":false,""support"":0},""increased_in_hcc"":{""conflicts"":0,""opposition"":0,""passes"":true,""support"":2}}",increased_in_hcc,retained,2,0,be83edd85173b80836df62177bba3ecc92f880b000f8df3289132f8dda567090,row; resolved target taxon; comparison-specific votes,row,resolved_target,separate_votes,primary_comparisons_and_primary_evidence_tiers
vu_row__taxon_resolved_target__comparison_separate_votes,Blautia,2,0,"{""decreased_in_hcc"":0,""increased_in_hcc"":2}","{""decreased_in_hcc"":{""conflicts"":0,""opposition"":2,""passes"":false,""support"":0},""increased_in_hcc"":{""conflicts"":0,""opposition"":0,""passes"":true,""support"":2}}",increased_in_hcc,retained,2,0,be83edd85173b80836df62177bba3ecc92f880b000f8df3289132f8dda567090,row; resolved target taxon; comparison-specific votes,row,resolved_target,separate_votes,primary_comparisons_and_primary_evidence_tiers
vu_row__taxon_resolved_target__comparison_separate_votes,Butyricimonas,1,0,"{""decreased_in_hcc"":1,""increased_in_hcc"":0}","{""decreased_in_hcc"":{""conflicts"":0,""opposition"":0,""passes"":false,""support"":1},""increased_in_hcc"":{""conflicts"":0,""opposition"":1,""passes"":false,""support"":0}}",,not_retained,2,0,be83edd85173b80836df62177bba3ecc92f880b000f8df3289132f8dda567090,row; resolved target taxon; comparison-specific votes,row,resolved_target,separate_votes,primary_comparisons_and_primary_evidence_tiers
vu_row__taxon_resolved_target__comparison_separate_votes,Cetobacterium,3,0,"{""decreased_in_hcc"":3,""increased_in_hcc"":0}","{""decreased_in_hcc"":{""conflicts"":0,""opposition"":0,""passes"":true,""support"":3},""increased_in_hcc"":{""conflicts"":0,""opposition"":3,""passes"":false,""support"":0}}",decreased_in_hcc,retained,2,0,be83edd85173b80836df62177bba3ecc92f880b000f8df3289132f8dda567090,row; resolved target taxon; comparison-specific votes,row,resolved_target,separate_votes,primary_comparisons_and_primary_evidence_tiers
vu_row__taxon_resolved_target__comparison_separate_votes,Cloacibacillus,1,0,"{""decreased_in_hcc"":1,""increased_in_hcc"":0}","{""decreased_in_hcc"":{""conflicts"":0,""opposition"":0,""passes"":false,""support"":1},""increased_in_hcc"":{""conflicts"":0,""opposition"":1,""passes"":false,""support"":0}}",,not_retained,2,0,be83edd85173b80836df62177bba3ecc92f880b000f8df3289132f8dda567090,row; resolved target taxon; comparison-specific votes,row,resolved_target,separate_votes,primary_comparisons_and_primary_evidence_tiers
vu_row__taxon_resolved_target__comparison_separate_votes,Clostridium XIVa,1,0,"{""decreased_in_hcc"":1,""increased_in_hcc"":0}","{""decreased_in_hcc"":{""conflicts"":0,""opposition"":0,""passes"":false,""support"":1},""increased_in_hcc"":{""conflicts"":0,""opposition"":1,""passes"":false,""support"":0}}",,not_retained,2,0,be83edd85173b80836df62177bba3ecc92f880b000f8df3289132f8dda567090,row; resolved target taxon; comparison-specific votes,row,resolved_target,separate_votes,primary_comparisons_and_primary_evidence_tiers
vu_row__taxon_resolved_target__comparison_separate_votes,Coprobacillus,2,0,"{""decreased_in_hcc"":2,""increased_in_hcc"":0}","{""decreased_in_hcc"":{""conflicts"":0,""opposition"":0,""passes"":true,""support"":2},""increased_in_hcc"":{""conflicts"":0,""opposition"":2,""passes"":false,""support"":0}}",decreased_in_hcc,retained,2,0,be83edd85173b80836df62177bba3ecc92f880b000f8df3289132f8dda567090,row; resolved target taxon; comparison-specific votes,row,resolved_target,separate_votes,primary_comparisons_and_primary_evidence_tiers
vu_row__taxon_resolved_target__comparison_separate_votes,Desulfococcus,3,0,"{""decreased_in_hcc"":0,""increased_in_hcc"":3}","{""decreased_in_hcc"":{""conflicts"":0,""opposition"":3,""passes"":false,""support"":0},""increased_in_hcc"":{""conflicts"":0,""opposition"":0,""passes"":true,""support"":3}}",increased_in_hcc,retained,2,0,be83edd85173b80836df62177bba3ecc92f880b000f8df3289132f8dda567090,row; resolved target taxon; comparison-specific votes,row,resolved_target,separate_votes,primary_comparisons_and_primary_evidence_tiers
vu_row__taxon_resolved_target__comparison_separate_votes,Enterobacter,3,0,"{""decreased_in_hcc"":0,""increased_in_hcc"":3}","{""decreased_in_hcc"":{""conflicts"":0,""opposition"":3,""passes"":false,""support"":0},""increased_in_hcc"":{""conflicts"":0,""opposition"":0,""passes"":true,""support"":3}}",increased_in_hcc,retained,2,0,be83edd85173b80836df62177bba3ecc92f880b000f8df3289132f8dda567090,row; resolved target taxon; comparison-specific votes,row,resolved_target,separate_votes,primary_comparisons_and_primary_evidence_tiers
vu_row__taxon_resolved_target__comparison_separate_votes,Enterococcus,1,0,"{""decreased_in_hcc"":0,""increased_in_hcc"":1}","{""decreased_in_hcc"":{""conflicts"":0,""opposition"":1,""passes"":false,""support"":0},""increased_in_hcc"":{""conflicts"":0,""opposition"":0,""passes"":false,""support"":1}}",,not_retained,2,0,be83edd85173b80836df62177bba3ecc92f880b000f8df3289132f8dda567090,row; resolved target taxon; comparison-specific votes,row,resolved_target,separate_votes,primary_comparisons_and_primary_evidence_tiers
vu_row__taxon_resolved_target__comparison_separate_votes,Eubacterium,1,0,"{""decreased_in_hcc"":0,""increased_in_hcc"":1}","{""decreased_in_hcc"":{""conflicts"":0,""opposition"":1,""passes"":false,""support"":0},""increased_in_hcc"":{""conflicts"":0,""opposition"":0,""passes"":false,""support"":1}}",,not_retained,2,0,be83edd85173b80836df62177bba3ecc92f880b000f8df3289132f8dda567090,row; resolved target taxon; comparison-specific votes,row,resolved_target,separate_votes,primary_comparisons_and_primary_evidence_tiers
vu_row__taxon_resolved_target__comparison_separate_votes,Eubacterium ventriosum group,1,0,"{""decreased_in_hcc"":1,""increased_in_hcc"":0}","{""decreased_in_hcc"":{""conflicts"":0,""opposition"":0,""passes"":false,""support"":1},""increased_in_hcc"":{""conflicts"":0,""opposition"":1,""passes"":false,""support"":0}}",,not_retained,2,0,be83edd85173b80836df62177bba3ecc92f880b000f8df3289132f8dda567090,row; resolved target taxon; comparison-specific votes,row,resolved_target,separate_votes,primary_comparisons_and_primary_evidence_tiers
vu_row__taxon_resolved_target__comparison_separate_votes,Fusobacterium,1,0,"{""decreased_in_hcc"":1,""increased_in_hcc"":0}","{""decreased_in_hcc"":{""conflicts"":0,""opposition"":0,""passes"":false,""support"":1},""increased_in_hcc"":{""conflicts"":0,""opposition"":1,""passes"":false,""support"":0}}",,not_retained,2,0,be83edd85173b80836df62177bba3ecc92f880b000f8df3289132f8dda567090,row; resolved target taxon; comparison-specific votes,row,resolved_target,separate_votes,primary_comparisons_and_primary_evidence_tiers
vu_row__taxon_resolved_target__comparison_separate_votes,Gemmiger,1,0,"{""decreased_in_hcc"":0,""increased_in_hcc"":1}","{""decreased_in_hcc"":{""conflicts"":0,""opposition"":1,""passes"":false,""support"":0},""increased_in_hcc"":{""conflicts"":0,""opposition"":0,""passes"":false,""support"":1}}",,not_retained,2,0,be83edd85173b80836df62177bba3ecc92f880b000f8df3289132f8dda567090,row; resolved target taxon; comparison-specific votes,row,resolved_target,separate_votes,primary_comparisons_and_primary_evidence_tiers
vu_row__taxon_resolved_target__comparison_separate_votes,Haemophilus,1,0,"{""decreased_in_hcc"":0,""increased_in_hcc"":1}","{""decreased_in_hcc"":{""conflicts"":0,""opposition"":1,""passes"":false,""support"":0},""increased_in_hcc"":{""conflicts"":0,""opposition"":0,""passes"":false,""support"":1}}",,not_retained,2,0,be83edd85173b80836df62177bba3ecc92f880b000f8df3289132f8dda567090,row; resolved target taxon; comparison-specific votes,row,resolved_target,separate_votes,primary_comparisons_and_primary_evidence_tiers
vu_row__taxon_resolved_target__comparison_separate_votes,Holdemania,1,0,"{""decreased_in_hcc"":1,""increased_in_hcc"":0}","{""decreased_in_hcc"":{""conflicts"":0,""opposition"":0,""passes"":false,""support"":1},""increased_in_hcc"":{""conflicts"":0,""opposition"":1,""passes"":false,""support"":0}}",,not_retained,2,0,be83edd85173b80836df62177bba3ecc92f880b000f8df3289132f8dda567090,row; resolved target taxon; comparison-specific votes,row,resolved_target,separate_votes,primary_comparisons_and_primary_evidence_tiers
vu_row__taxon_resolved_target__comparison_separate_votes,Lachnospira,1,0,"{""decreased_in_hcc"":1,""increased_in_hcc"":0}","{""decreased_in_hcc"":{""conflicts"":0,""opposition"":0,""passes"":false,""support"":1},""increased_in_hcc"":{""conflicts"":0,""opposition"":1,""passes"":false,""support"":0}}",,not_retained,2,0,be83edd85173b80836df62177bba3ecc92f880b000f8df3289132f8dda567090,row; resolved target taxon; comparison-specific votes,row,resolved_target,separate_votes,primary_comparisons_and_primary_evidence_tiers
vu_row__taxon_resolved_target__comparison_separate_votes,Lachnospiraceae UCG-001,1,0,"{""decreased_in_hcc"":1,""increased_in_hcc"":0}","{""decreased_in_hcc"":{""conflicts"":0,""opposition"":0,""passes"":false,""support"":1},""increased_in_hcc"":{""conflicts"":0,""opposition"":1,""passes"":false,""support"":0}}",,not_retained,2,0,be83edd85173b80836df62177bba3ecc92f880b000f8df3289132f8dda567090,row; resolved target taxon; comparison-specific votes,row,resolved_target,separate_votes,primary_comparisons_and_primary_evidence_tiers
vu_row__taxon_resolved_target__comparison_separate_votes,Lactobacillus,2,0,"{""decreased_in_hcc"":0,""increased_in_hcc"":2}","{""decreased_in_hcc"":{""conflicts"":0,""opposition"":2,""passes"":false,""support"":0},""increased_in_hcc"":{""conflicts"":0,""opposition"":0,""passes"":true,""support"":2}}",increased_in_hcc,retained,2,0,be83edd85173b80836df62177bba3ecc92f880b000f8df3289132f8dda567090,row; resolved target taxon; comparison-specific votes,row,resolved_target,separate_votes,primary_comparisons_and_primary_evidence_tiers
vu_row__taxon_resolved_target__comparison_separate_votes,Lactococcus,2,0,"{""decreased_in_hcc"":0,""increased_in_hcc"":2}","{""decreased_in_hcc"":{""conflicts"":0,""opposition"":2,""passes"":false,""support"":0},""increased_in_hcc"":{""conflicts"":0,""opposition"":0,""passes"":true,""support"":2}}",increased_in_hcc,retained,2,0,be83edd85173b80836df62177bba3ecc92f880b000f8df3289132f8dda567090,row; resolved target taxon; comparison-specific votes,row,resolved_target,separate_votes,primary_comparisons_and_primary_evidence_tiers
vu_row__taxon_resolved_target__comparison_separate_votes,Leptotrichia,2,0,"{""decreased_in_hcc"":0,""increased_in_hcc"":2}","{""decreased_in_hcc"":{""conflicts"":0,""opposition"":2,""passes"":false,""support"":0},""increased_in_hcc"":{""conflicts"":0,""opposition"":0,""passes"":true,""support"":2}}",increased_in_hcc,retained,2,0,be83edd85173b80836df62177bba3ecc92f880b000f8df3289132f8dda567090,row; resolved target taxon; comparison-specific votes,row,resolved_target,separate_votes,primary_comparisons_and_primary_evidence_tiers
vu_row__taxon_resolved_target__comparison_separate_votes,Megamonas,2,0,"{""decreased_in_hcc"":2,""increased_in_hcc"":0}","{""decreased_in_hcc"":{""conflicts"":0,""opposition"":0,""passes"":true,""support"":2},""increased_in_hcc"":{""conflicts"":0,""opposition"":2,""passes"":false,""support"":0}}",decreased_in_hcc,retained,2,0,be83edd85173b80836df62177bba3ecc92f880b000f8df3289132f8dda567090,row; resolved target taxon; comparison-specific votes,row,resolved_target,separate_votes,primary_comparisons_and_primary_evidence_tiers
vu_row__taxon_resolved_target__comparison_separate_votes,Methanobrevibacter,1,0,"{""decreased_in_hcc"":1,""increased_in_hcc"":0}","{""decreased_in_hcc"":{""conflicts"":0,""opposition"":0,""passes"":false,""support"":1},""increased_in_hcc"":{""conflicts"":0,""opposition"":1,""passes"":false,""support"":0}}",,not_retained,2,0,be83edd85173b80836df62177bba3ecc92f880b000f8df3289132f8dda567090,row; resolved target taxon; comparison-specific votes,row,resolved_target,separate_votes,primary_comparisons_and_primary_evidence_tiers
vu_row__taxon_resolved_target__comparison_separate_votes,Neisseria,1,0,"{""decreased_in_hcc"":0,""increased_in_hcc"":1}","{""decreased_in_hcc"":{""conflicts"":0,""opposition"":1,""passes"":false,""support"":0},""increased_in_hcc"":{""conflicts"":0,""opposition"":0,""passes"":false,""support"":1}}",,not_retained,2,0,be83edd85173b80836df62177bba3ecc92f880b000f8df3289132f8dda567090,row; resolved target taxon; comparison-specific votes,row,resolved_target,separate_votes,primary_comparisons_and_primary_evidence_tiers
vu_row__taxon_resolved_target__comparison_separate_votes,Odoribacter,1,0,"{""decreased_in_hcc"":1,""increased_in_hcc"":0}","{""decreased_in_hcc"":{""conflicts"":0,""opposition"":0,""passes"":false,""support"":1},""increased_in_hcc"":{""conflicts"":0,""opposition"":1,""passes"":false,""support"":0}}",,not_retained,2,0,be83edd85173b80836df62177bba3ecc92f880b000f8df3289132f8dda567090,row; resolved target taxon; comparison-specific votes,row,resolved_target,separate_votes,primary_comparisons_and_primary_evidence_tiers
vu_row__taxon_resolved_target__comparison_separate_votes,Oribacterium,1,0,"{""decreased_in_hcc"":0,""increased_in_hcc"":1}","{""decreased_in_hcc"":{""conflicts"":0,""opposition"":1,""passes"":false,""support"":0},""increased_in_hcc"":{""conflicts"":0,""opposition"":0,""passes"":false,""support"":1}}",,not_retained,2,0,be83edd85173b80836df62177bba3ecc92f880b000f8df3289132f8dda567090,row; resolved target taxon; comparison-specific votes,row,resolved_target,separate_votes,primary_comparisons_and_primary_evidence_tiers
vu_row__taxon_resolved_target__comparison_separate_votes,Paraprevotella,2,0,"{""decreased_in_hcc"":0,""increased_in_hcc"":2}","{""decreased_in_hcc"":{""conflicts"":0,""opposition"":2,""passes"":false,""support"":0},""increased_in_hcc"":{""conflicts"":0,""opposition"":0,""passes"":true,""support"":2}}",increased_in_hcc,retained,2,0,be83edd85173b80836df62177bba3ecc92f880b000f8df3289132f8dda567090,row; resolved target taxon; comparison-specific votes,row,resolved_target,separate_votes,primary_comparisons_and_primary_evidence_tiers
vu_row__taxon_resolved_target__comparison_separate_votes,Phascolarctobacterium,1,0,"{""decreased_in_hcc"":0,""increased_in_hcc"":1}","{""decreased_in_hcc"":{""conflicts"":0,""opposition"":1,""passes"":false,""support"":0},""increased_in_hcc"":{""conflicts"":0,""opposition"":0,""passes"":false,""support"":1}}",,not_retained,2,0,be83edd85173b80836df62177bba3ecc92f880b000f8df3289132f8dda567090,row; resolved target taxon; comparison-specific votes,row,resolved_target,separate_votes,primary_comparisons_and_primary_evidence_tiers
vu_row__taxon_resolved_target__comparison_separate_votes,Prevotella,4,0,"{""decreased_in_hcc"":0,""increased_in_hcc"":4}","{""decreased_in_hcc"":{""conflicts"":0,""opposition"":4,""passes"":false,""support"":0},""increased_in_hcc"":{""conflicts"":0,""opposition"":0,""passes"":true,""support"":4}}",increased_in_hcc,retained,2,0,be83edd85173b80836df62177bba3ecc92f880b000f8df3289132f8dda567090,row; resolved target taxon; comparison-specific votes,row,resolved_target,separate_votes,primary_comparisons_and_primary_evidence_tiers
vu_row__taxon_resolved_target__comparison_separate_votes,Pyramidobacter,2,0,"{""decreased_in_hcc"":2,""increased_in_hcc"":0}","{""decreased_in_hcc"":{""conflicts"":0,""opposition"":0,""passes"":true,""support"":2},""increased_in_hcc"":{""conflicts"":0,""opposition"":2,""passes"":false,""support"":0}}",decreased_in_hcc,retained,2,0,be83edd85173b80836df62177bba3ecc92f880b000f8df3289132f8dda567090,row; resolved target taxon; comparison-specific votes,row,resolved_target,separate_votes,primary_comparisons_and_primary_evidence_tiers
vu_row__taxon_resolved_target__comparison_separate_votes,Raoultella,1,0,"{""decreased_in_hcc"":1,""increased_in_hcc"":0}","{""decreased_in_hcc"":{""conflicts"":0,""opposition"":0,""passes"":false,""support"":1},""increased_in_hcc"":{""conflicts"":0,""opposition"":1,""passes"":false,""support"":0}}",,not_retained,2,0,be83edd85173b80836df62177bba3ecc92f880b000f8df3289132f8dda567090,row; resolved target taxon; comparison-specific votes,row,resolved_target,separate_votes,primary_comparisons_and_primary_evidence_tiers
vu_row__taxon_resolved_target__comparison_separate_votes,Rothia,1,0,"{""decreased_in_hcc"":0,""increased_in_hcc"":1}","{""decreased_in_hcc"":{""conflicts"":0,""opposition"":1,""passes"":false,""support"":0},""increased_in_hcc"":{""conflicts"":0,""opposition"":0,""passes"":false,""support"":1}}",,not_retained,2,0,be83edd85173b80836df62177bba3ecc92f880b000f8df3289132f8dda567090,row; resolved target taxon; comparison-specific votes,row,resolved_target,separate_votes,primary_comparisons_and_primary_evidence_tiers
vu_row__taxon_resolved_target__comparison_separate_votes,Ruminococcus 2,1,0,"{""decreased_in_hcc"":1,""increased_in_hcc"":0}","{""decreased_in_hcc"":{""conflicts"":0,""opposition"":0,""passes"":false,""support"":1},""increased_in_hcc"":{""conflicts"":0,""opposition"":1,""passes"":false,""support"":0}}",,not_retained,2,0,be83edd85173b80836df62177bba3ecc92f880b000f8df3289132f8dda567090,row; resolved target taxon; comparison-specific votes,row,resolved_target,separate_votes,primary_comparisons_and_primary_evidence_tiers
vu_row__taxon_resolved_target__comparison_separate_votes,Sarcina,1,0,"{""decreased_in_hcc"":0,""increased_in_hcc"":1}","{""decreased_in_hcc"":{""conflicts"":0,""opposition"":1,""passes"":false,""support"":0},""increased_in_hcc"":{""conflicts"":0,""opposition"":0,""passes"":false,""support"":1}}",,not_retained,2,0,be83edd85173b80836df62177bba3ecc92f880b000f8df3289132f8dda567090,row; resolved target taxon; comparison-specific votes,row,resolved_target,separate_votes,primary_comparisons_and_primary_evidence_tiers
vu_row__taxon_resolved_target__comparison_separate_votes,Selenomonas,1,0,"{""decreased_in_hcc"":0,""increased_in_hcc"":1}","{""decreased_in_hcc"":{""conflicts"":0,""opposition"":1,""passes"":false,""support"":0},""increased_in_hcc"":{""conflicts"":0,""opposition"":0,""passes"":false,""support"":1}}",,not_retained,2,0,be83edd85173b80836df62177bba3ecc92f880b000f8df3289132f8dda567090,row; resolved target taxon; comparison-specific votes,row,resolved_target,separate_votes,primary_comparisons_and_primary_evidence_tiers
vu_row__taxon_resolved_target__comparison_separate_votes,Streptococcus,1,0,"{""decreased_in_hcc"":0,""increased_in_hcc"":1}","{""decreased_in_hcc"":{""conflicts"":0,""opposition"":1,""passes"":false,""support"":0},""increased_in_hcc"":{""conflicts"":0,""opposition"":0,""passes"":false,""support"":1}}",,not_retained,2,0,be83edd85173b80836df62177bba3ecc92f880b000f8df3289132f8dda567090,row; resolved target taxon; comparison-specific votes,row,resolved_target,separate_votes,primary_comparisons_and_primary_evidence_tiers
vu_row__taxon_resolved_target__comparison_separate_votes,Turicibacter,2,0,"{""decreased_in_hcc"":2,""increased_in_hcc"":0}","{""decreased_in_hcc"":{""conflicts"":0,""opposition"":0,""passes"":true,""support"":2},""increased_in_hcc"":{""conflicts"":0,""opposition"":2,""passes"":false,""support"":0}}",decreased_in_hcc,retained,2,0,be83edd85173b80836df62177bba3ecc92f880b000f8df3289132f8dda567090,row; resolved target taxon; comparison-specific votes,row,resolved_target,separate_votes,primary_comparisons_and_primary_evidence_tiers
vu_row__taxon_resolved_target__comparison_separate_votes,Veillonella,3,0,"{""decreased_in_hcc"":0,""increased_in_hcc"":3}","{""decreased_in_hcc"":{""conflicts"":0,""opposition"":3,""passes"":false,""support"":0},""increased_in_hcc"":{""conflicts"":0,""opposition"":0,""passes"":true,""support"":3}}",increased_in_hcc,retained,2,0,be83edd85173b80836df62177bba3ecc92f880b000f8df3289132f8dda567090,row; resolved target taxon; comparison-specific votes,row,resolved_target,separate_votes,primary_comparisons_and_primary_evidence_tiers
vu_row__taxon_source_label__comparison_family_state,Acidaminococcus,1,0,"{""decreased_in_hcc"":1,""increased_in_hcc"":0}","{""decreased_in_hcc"":{""conflicts"":0,""opposition"":0,""passes"":false,""support"":1},""increased_in_hcc"":{""conflicts"":0,""opposition"":1,""passes"":false,""support"":0}}",,not_retained,2,0,be83edd85173b80836df62177bba3ecc92f880b000f8df3289132f8dda567090,row; source label; family-state collapse,row,source_label,family_state,primary_comparisons_and_primary_evidence_tiers
vu_row__taxon_source_label__comparison_family_state,Acinetobacter,1,0,"{""decreased_in_hcc"":0,""increased_in_hcc"":1}","{""decreased_in_hcc"":{""conflicts"":0,""opposition"":1,""passes"":false,""support"":0},""increased_in_hcc"":{""conflicts"":0,""opposition"":0,""passes"":false,""support"":1}}",,not_retained,2,0,be83edd85173b80836df62177bba3ecc92f880b000f8df3289132f8dda567090,row; source label; family-state collapse,row,source_label,family_state,primary_comparisons_and_primary_evidence_tiers
vu_row__taxon_source_label__comparison_family_state,Actinomyces,1,0,"{""decreased_in_hcc"":0,""increased_in_hcc"":1}","{""decreased_in_hcc"":{""conflicts"":0,""opposition"":1,""passes"":false,""support"":0},""increased_in_hcc"":{""conflicts"":0,""opposition"":0,""passes"":false,""support"":1}}",,not_retained,2,0,be83edd85173b80836df62177bba3ecc92f880b000f8df3289132f8dda567090,row; source label; family-state collapse,row,source_label,family_state,primary_comparisons_and_primary_evidence_tiers
vu_row__taxon_source_label__comparison_family_state,Alloprevotella,1,0,"{""decreased_in_hcc"":1,""increased_in_hcc"":0}","{""decreased_in_hcc"":{""conflicts"":0,""opposition"":0,""passes"":false,""support"":1},""increased_in_hcc"":{""conflicts"":0,""opposition"":1,""passes"":false,""support"":0}}",,not_retained,2,0,be83edd85173b80836df62177bba3ecc92f880b000f8df3289132f8dda567090,row; source label; family-state collapse,row,source_label,family_state,primary_comparisons_and_primary_evidence_tiers
vu_row__taxon_source_label__comparison_family_state,Anaerostipes,1,0,"{""decreased_in_hcc"":1,""increased_in_hcc"":0}","{""decreased_in_hcc"":{""conflicts"":0,""opposition"":0,""passes"":false,""support"":1},""increased_in_hcc"":{""conflicts"":0,""opposition"":1,""passes"":false,""support"":0}}",,not_retained,2,0,be83edd85173b80836df62177bba3ecc92f880b000f8df3289132f8dda567090,row; source label; family-state collapse,row,source_label,family_state,primary_comparisons_and_primary_evidence_tiers
vu_row__taxon_source_label__comparison_family_state,Anaerotruncus,2,0,"{""decreased_in_hcc"":1,""increased_in_hcc"":1}","{""decreased_in_hcc"":{""conflicts"":0,""opposition"":1,""passes"":false,""support"":1},""increased_in_hcc"":{""conflicts"":0,""opposition"":1,""passes"":false,""support"":1}}",,not_retained,2,0,be83edd85173b80836df62177bba3ecc92f880b000f8df3289132f8dda567090,row; source label; family-state collapse,row,source_label,family_state,primary_comparisons_and_primary_evidence_tiers
vu_row__taxon_source_label__comparison_family_state,Atopobium,1,0,"{""decreased_in_hcc"":0,""increased_in_hcc"":1}","{""decreased_in_hcc"":{""conflicts"":0,""opposition"":1,""passes"":false,""support"":0},""increased_in_hcc"":{""conflicts"":0,""opposition"":0,""passes"":false,""support"":1}}",,not_retained,2,0,be83edd85173b80836df62177bba3ecc92f880b000f8df3289132f8dda567090,row; source label; family-state collapse,row,source_label,family_state,primary_comparisons_and_primary_evidence_tiers
vu_row__taxon_source_label__comparison_family_state,Blautia,2,0,"{""decreased_in_hcc"":0,""increased_in_hcc"":2}","{""decreased_in_hcc"":{""conflicts"":0,""opposition"":2,""passes"":false,""support"":0},""increased_in_hcc"":{""conflicts"":0,""opposition"":0,""passes"":true,""support"":2}}",increased_in_hcc,retained,2,0,be83edd85173b80836df62177bba3ecc92f880b000f8df3289132f8dda567090,row; source label; family-state collapse,row,source_label,family_state,primary_comparisons_and_primary_evidence_tiers
vu_row__taxon_source_label__comparison_family_state,Butyricimonas,1,0,"{""decreased_in_hcc"":1,""increased_in_hcc"":0}","{""decreased_in_hcc"":{""conflicts"":0,""opposition"":0,""passes"":false,""support"":1},""increased_in_hcc"":{""conflicts"":0,""opposition"":1,""passes"":false,""support"":0}}",,not_retained,2,0,be83edd85173b80836df62177bba3ecc92f880b000f8df3289132f8dda567090,row; source label; family-state collapse,row,source_label,family_state,primary_comparisons_and_primary_evidence_tiers
vu_row__taxon_source_label__comparison_family_state,Cetobacterium,1,0,"{""decreased_in_hcc"":1,""increased_in_hcc"":0}","{""decreased_in_hcc"":{""conflicts"":0,""opposition"":0,""passes"":false,""support"":1},""increased_in_hcc"":{""conflicts"":0,""opposition"":1,""passes"":false,""support"":0}}",,not_retained,2,0,be83edd85173b80836df62177bba3ecc92f880b000f8df3289132f8dda567090,row; source label; family-state collapse,row,source_label,family_state,primary_comparisons_and_primary_evidence_tiers
vu_row__taxon_source_label__comparison_family_state,Cloacibacillus,1,0,"{""decreased_in_hcc"":1,""increased_in_hcc"":0}","{""decreased_in_hcc"":{""conflicts"":0,""opposition"":0,""passes"":false,""support"":1},""increased_in_hcc"":{""conflicts"":0,""opposition"":1,""passes"":false,""support"":0}}",,not_retained,2,0,be83edd85173b80836df62177bba3ecc92f880b000f8df3289132f8dda567090,row; source label; family-state collapse,row,source_label,family_state,primary_comparisons_and_primary_evidence_tiers
vu_row__taxon_source_label__comparison_family_state,Clostridium XIVa,1,0,"{""decreased_in_hcc"":1,""increased_in_hcc"":0}","{""decreased_in_hcc"":{""conflicts"":0,""opposition"":0,""passes"":false,""support"":1},""increased_in_hcc"":{""conflicts"":0,""opposition"":1,""passes"":false,""support"":0}}",,not_retained,2,0,be83edd85173b80836df62177bba3ecc92f880b000f8df3289132f8dda567090,row; source label; family-state collapse,row,source_label,family_state,primary_comparisons_and_primary_evidence_tiers
vu_row__taxon_source_label__comparison_family_state,Coprobacillus,1,0,"{""decreased_in_hcc"":1,""increased_in_hcc"":0}","{""decreased_in_hcc"":{""conflicts"":0,""opposition"":0,""passes"":false,""support"":1},""increased_in_hcc"":{""conflicts"":0,""opposition"":1,""passes"":false,""support"":0}}",,not_retained,2,0,be83edd85173b80836df62177bba3ecc92f880b000f8df3289132f8dda567090,row; source label; family-state collapse,row,source_label,family_state,primary_comparisons_and_primary_evidence_tiers
vu_row__taxon_source_label__comparison_family_state,Desulfococcus,1,0,"{""decreased_in_hcc"":0,""increased_in_hcc"":1}","{""decreased_in_hcc"":{""conflicts"":0,""opposition"":1,""passes"":false,""support"":0},""increased_in_hcc"":{""conflicts"":0,""opposition"":0,""passes"":false,""support"":1}}",,not_retained,2,0,be83edd85173b80836df62177bba3ecc92f880b000f8df3289132f8dda567090,row; source label; family-state collapse,row,source_label,family_state,primary_comparisons_and_primary_evidence_tiers
vu_row__taxon_source_label__comparison_family_state,Enterobacter,1,0,"{""decreased_in_hcc"":0,""increased_in_hcc"":1}","{""decreased_in_hcc"":{""conflicts"":0,""opposition"":1,""passes"":false,""support"":0},""increased_in_hcc"":{""conflicts"":0,""opposition"":0,""passes"":false,""support"":1}}",,not_retained,2,0,be83edd85173b80836df62177bba3ecc92f880b000f8df3289132f8dda567090,row; source label; family-state collapse,row,source_label,family_state,primary_comparisons_and_primary_evidence_tiers
vu_row__taxon_source_label__comparison_family_state,Enterococcus,1,0,"{""decreased_in_hcc"":0,""increased_in_hcc"":1}","{""decreased_in_hcc"":{""conflicts"":0,""opposition"":1,""passes"":false,""support"":0},""increased_in_hcc"":{""conflicts"":0,""opposition"":0,""passes"":false,""support"":1}}",,not_retained,2,0,be83edd85173b80836df62177bba3ecc92f880b000f8df3289132f8dda567090,row; source label; family-state collapse,row,source_label,family_state,primary_comparisons_and_primary_evidence_tiers
vu_row__taxon_source_label__comparison_family_state,Eubacterium,1,0,"{""decreased_in_hcc"":0,""increased_in_hcc"":1}","{""decreased_in_hcc"":{""conflicts"":0,""opposition"":1,""passes"":false,""support"":0},""increased_in_hcc"":{""conflicts"":0,""opposition"":0,""passes"":false,""support"":1}}",,not_retained,2,0,be83edd85173b80836df62177bba3ecc92f880b000f8df3289132f8dda567090,row; source label; family-state collapse,row,source_label,family_state,primary_comparisons_and_primary_evidence_tiers
vu_row__taxon_source_label__comparison_family_state,Eubacterium ventriosum group,1,0,"{""decreased_in_hcc"":1,""increased_in_hcc"":0}","{""decreased_in_hcc"":{""conflicts"":0,""opposition"":0,""passes"":false,""support"":1},""increased_in_hcc"":{""conflicts"":0,""opposition"":1,""passes"":false,""support"":0}}",,not_retained,2,0,be83edd85173b80836df62177bba3ecc92f880b000f8df3289132f8dda567090,row; source label; family-state collapse,row,source_label,family_state,primary_comparisons_and_primary_evidence_tiers
vu_row__taxon_source_label__comparison_family_state,Fusobacterium,1,0,"{""decreased_in_hcc"":1,""increased_in_hcc"":0}","{""decreased_in_hcc"":{""conflicts"":0,""opposition"":0,""passes"":false,""support"":1},""increased_in_hcc"":{""conflicts"":0,""opposition"":1,""passes"":false,""support"":0}}",,not_retained,2,0,be83edd85173b80836df62177bba3ecc92f880b000f8df3289132f8dda567090,row; source label; family-state collapse,row,source_label,family_state,primary_comparisons_and_primary_evidence_tiers
vu_row__taxon_source_label__comparison_family_state,Gemmiger,1,0,"{""decreased_in_hcc"":0,""increased_in_hcc"":1}","{""decreased_in_hcc"":{""conflicts"":0,""opposition"":1,""passes"":false,""support"":0},""increased_in_hcc"":{""conflicts"":0,""opposition"":0,""passes"":false,""support"":1}}",,not_retained,2,0,be83edd85173b80836df62177bba3ecc92f880b000f8df3289132f8dda567090,row; source label; family-state collapse,row,source_label,family_state,primary_comparisons_and_primary_evidence_tiers
vu_row__taxon_source_label__comparison_family_state,Haemophilus,1,0,"{""decreased_in_hcc"":0,""increased_in_hcc"":1}","{""decreased_in_hcc"":{""conflicts"":0,""opposition"":1,""passes"":false,""support"":0},""increased_in_hcc"":{""conflicts"":0,""opposition"":0,""passes"":false,""support"":1}}",,not_retained,2,0,be83edd85173b80836df62177bba3ecc92f880b000f8df3289132f8dda567090,row; source label; family-state collapse,row,source_label,family_state,primary_comparisons_and_primary_evidence_tiers
vu_row__taxon_source_label__comparison_family_state,Holdemania,1,0,"{""decreased_in_hcc"":1,""increased_in_hcc"":0}","{""decreased_in_hcc"":{""conflicts"":0,""opposition"":0,""passes"":false,""support"":1},""increased_in_hcc"":{""conflicts"":0,""opposition"":1,""passes"":false,""support"":0}}",,not_retained,2,0,be83edd85173b80836df62177bba3ecc92f880b000f8df3289132f8dda567090,row; source label; family-state collapse,row,source_label,family_state,primary_comparisons_and_primary_evidence_tiers
vu_row__taxon_source_label__comparison_family_state,Lachnospira,1,0,"{""decreased_in_hcc"":1,""increased_in_hcc"":0}","{""decreased_in_hcc"":{""conflicts"":0,""opposition"":0,""passes"":false,""support"":1},""increased_in_hcc"":{""conflicts"":0,""opposition"":1,""passes"":false,""support"":0}}",,not_retained,2,0,be83edd85173b80836df62177bba3ecc92f880b000f8df3289132f8dda567090,row; source label; family-state collapse,row,source_label,family_state,primary_comparisons_and_primary_evidence_tiers
vu_row__taxon_source_label__comparison_family_state,Lachnospiraceae UCG-001,1,0,"{""decreased_in_hcc"":1,""increased_in_hcc"":0}","{""decreased_in_hcc"":{""conflicts"":0,""opposition"":0,""passes"":false,""support"":1},""increased_in_hcc"":{""conflicts"":0,""opposition"":1,""passes"":false,""support"":0}}",,not_retained,2,0,be83edd85173b80836df62177bba3ecc92f880b000f8df3289132f8dda567090,row; source label; family-state collapse,row,source_label,family_state,primary_comparisons_and_primary_evidence_tiers
vu_row__taxon_source_label__comparison_family_state,Lactobacillus,1,0,"{""decreased_in_hcc"":0,""increased_in_hcc"":1}","{""decreased_in_hcc"":{""conflicts"":0,""opposition"":1,""passes"":false,""support"":0},""increased_in_hcc"":{""conflicts"":0,""opposition"":0,""passes"":false,""support"":1}}",,not_retained,2,0,be83edd85173b80836df62177bba3ecc92f880b000f8df3289132f8dda567090,row; source label; family-state collapse,row,source_label,family_state,primary_comparisons_and_primary_evidence_tiers
vu_row__taxon_source_label__comparison_family_state,Lactococcus,1,0,"{""decreased_in_hcc"":0,""increased_in_hcc"":1}","{""decreased_in_hcc"":{""conflicts"":0,""opposition"":1,""passes"":false,""support"":0},""increased_in_hcc"":{""conflicts"":0,""opposition"":0,""passes"":false,""support"":1}}",,not_retained,2,0,be83edd85173b80836df62177bba3ecc92f880b000f8df3289132f8dda567090,row; source label; family-state collapse,row,source_label,family_state,primary_comparisons_and_primary_evidence_tiers
vu_row__taxon_source_label__comparison_family_state,Leptotrichia,1,0,"{""decreased_in_hcc"":0,""increased_in_hcc"":1}","{""decreased_in_hcc"":{""conflicts"":0,""opposition"":1,""passes"":false,""support"":0},""increased_in_hcc"":{""conflicts"":0,""opposition"":0,""passes"":false,""support"":1}}",,not_retained,2,0,be83edd85173b80836df62177bba3ecc92f880b000f8df3289132f8dda567090,row; source label; family-state collapse,row,source_label,family_state,primary_comparisons_and_primary_evidence_tiers
vu_row__taxon_source_label__comparison_family_state,Megamonas,1,0,"{""decreased_in_hcc"":1,""increased_in_hcc"":0}","{""decreased_in_hcc"":{""conflicts"":0,""opposition"":0,""passes"":false,""support"":1},""increased_in_hcc"":{""conflicts"":0,""opposition"":1,""passes"":false,""support"":0}}",,not_retained,2,0,be83edd85173b80836df62177bba3ecc92f880b000f8df3289132f8dda567090,row; source label; family-state collapse,row,source_label,family_state,primary_comparisons_and_primary_evidence_tiers
vu_row__taxon_source_label__comparison_family_state,Methanobrevibacter,1,0,"{""decreased_in_hcc"":1,""increased_in_hcc"":0}","{""decreased_in_hcc"":{""conflicts"":0,""opposition"":0,""passes"":false,""support"":1},""increased_in_hcc"":{""conflicts"":0,""opposition"":1,""passes"":false,""support"":0}}",,not_retained,2,0,be83edd85173b80836df62177bba3ecc92f880b000f8df3289132f8dda567090,row; source label; family-state collapse,row,source_label,family_state,primary_comparisons_and_primary_evidence_tiers
vu_row__taxon_source_label__comparison_family_state,Neisseria,1,0,"{""decreased_in_hcc"":0,""increased_in_hcc"":1}","{""decreased_in_hcc"":{""conflicts"":0,""opposition"":1,""passes"":false,""support"":0},""increased_in_hcc"":{""conflicts"":0,""opposition"":0,""passes"":false,""support"":1}}",,not_retained,2,0,be83edd85173b80836df62177bba3ecc92f880b000f8df3289132f8dda567090,row; source label; family-state collapse,row,source_label,family_state,primary_comparisons_and_primary_evidence_tiers
vu_row__taxon_source_label__comparison_family_state,Odoribacter,1,0,"{""decreased_in_hcc"":1,""increased_in_hcc"":0}","{""decreased_in_hcc"":{""conflicts"":0,""opposition"":0,""passes"":false,""support"":1},""increased_in_hcc"":{""conflicts"":0,""opposition"":1,""passes"":false,""support"":0}}",,not_retained,2,0,be83edd85173b80836df62177bba3ecc92f880b000f8df3289132f8dda567090,row; source label; family-state collapse,row,source_label,family_state,primary_comparisons_and_primary_evidence_tiers
vu_row__taxon_source_label__comparison_family_state,Oribacterium,1,0,"{""decreased_in_hcc"":0,""increased_in_hcc"":1}","{""decreased_in_hcc"":{""conflicts"":0,""opposition"":1,""passes"":false,""support"":0},""increased_in_hcc"":{""conflicts"":0,""opposition"":0,""passes"":false,""support"":1}}",,not_retained,2,0,be83edd85173b80836df62177bba3ecc92f880b000f8df3289132f8dda567090,row; source label; family-state collapse,row,source_label,family_state,primary_comparisons_and_primary_evidence_tiers
vu_row__taxon_source_label__comparison_family_state,Paraprevotella,1,0,"{""decreased_in_hcc"":0,""increased_in_hcc"":1}","{""decreased_in_hcc"":{""conflicts"":0,""opposition"":1,""passes"":false,""support"":0},""increased_in_hcc"":{""conflicts"":0,""opposition"":0,""passes"":false,""support"":1}}",,not_retained,2,0,be83edd85173b80836df62177bba3ecc92f880b000f8df3289132f8dda567090,row; source label; family-state collapse,row,source_label,family_state,primary_comparisons_and_primary_evidence_tiers
vu_row__taxon_source_label__comparison_family_state,Phascolarctobacterium,1,0,"{""decreased_in_hcc"":0,""increased_in_hcc"":1}","{""decreased_in_hcc"":{""conflicts"":0,""opposition"":1,""passes"":false,""support"":0},""increased_in_hcc"":{""conflicts"":0,""opposition"":0,""passes"":false,""support"":1}}",,not_retained,2,0,be83edd85173b80836df62177bba3ecc92f880b000f8df3289132f8dda567090,row; source label; family-state collapse,row,source_label,family_state,primary_comparisons_and_primary_evidence_tiers
vu_row__taxon_source_label__comparison_family_state,Prevotella,2,0,"{""decreased_in_hcc"":0,""increased_in_hcc"":2}","{""decreased_in_hcc"":{""conflicts"":0,""opposition"":2,""passes"":false,""support"":0},""increased_in_hcc"":{""conflicts"":0,""opposition"":0,""passes"":true,""support"":2}}",increased_in_hcc,retained,2,0,be83edd85173b80836df62177bba3ecc92f880b000f8df3289132f8dda567090,row; source label; family-state collapse,row,source_label,family_state,primary_comparisons_and_primary_evidence_tiers
vu_row__taxon_source_label__comparison_family_state,Pyramidobacter,1,0,"{""decreased_in_hcc"":1,""increased_in_hcc"":0}","{""decreased_in_hcc"":{""conflicts"":0,""opposition"":0,""passes"":false,""support"":1},""increased_in_hcc"":{""conflicts"":0,""opposition"":1,""passes"":false,""support"":0}}",,not_retained,2,0,be83edd85173b80836df62177bba3ecc92f880b000f8df3289132f8dda567090,row; source label; family-state collapse,row,source_label,family_state,primary_comparisons_and_primary_evidence_tiers
vu_row__taxon_source_label__comparison_family_state,Raoultella,1,0,"{""decreased_in_hcc"":1,""increased_in_hcc"":0}","{""decreased_in_hcc"":{""conflicts"":0,""opposition"":0,""passes"":false,""support"":1},""increased_in_hcc"":{""conflicts"":0,""opposition"":1,""passes"":false,""support"":0}}",,not_retained,2,0,be83edd85173b80836df62177bba3ecc92f880b000f8df3289132f8dda567090,row; source label; family-state collapse,row,source_label,family_state,primary_comparisons_and_primary_evidence_tiers
vu_row__taxon_source_label__comparison_family_state,Rothia,1,0,"{""decreased_in_hcc"":0,""increased_in_hcc"":1}","{""decreased_in_hcc"":{""conflicts"":0,""opposition"":1,""passes"":false,""support"":0},""increased_in_hcc"":{""conflicts"":0,""opposition"":0,""passes"":false,""support"":1}}",,not_retained,2,0,be83edd85173b80836df62177bba3ecc92f880b000f8df3289132f8dda567090,row; source label; family-state collapse,row,source_label,family_state,primary_comparisons_and_primary_evidence_tiers
vu_row__taxon_source_label__comparison_family_state,Ruminococcus 2,1,0,"{""decreased_in_hcc"":1,""increased_in_hcc"":0}","{""decreased_in_hcc"":{""conflicts"":0,""opposition"":0,""passes"":false,""support"":1},""increased_in_hcc"":{""conflicts"":0,""opposition"":1,""passes"":false,""support"":0}}",,not_retained,2,0,be83edd85173b80836df62177bba3ecc92f880b000f8df3289132f8dda567090,row; source label; family-state collapse,row,source_label,family_state,primary_comparisons_and_primary_evidence_tiers
vu_row__taxon_source_label__comparison_family_state,Sarcina,1,0,"{""decreased_in_hcc"":0,""increased_in_hcc"":1}","{""decreased_in_hcc"":{""conflicts"":0,""opposition"":1,""passes"":false,""support"":0},""increased_in_hcc"":{""conflicts"":0,""opposition"":0,""passes"":false,""support"":1}}",,not_retained,2,0,be83edd85173b80836df62177bba3ecc92f880b000f8df3289132f8dda567090,row; source label; family-state collapse,row,source_label,family_state,primary_comparisons_and_primary_evidence_tiers
vu_row__taxon_source_label__comparison_family_state,Selenomonas,1,0,"{""decreased_in_hcc"":0,""increased_in_hcc"":1}","{""decreased_in_hcc"":{""conflicts"":0,""opposition"":1,""passes"":false,""support"":0},""increased_in_hcc"":{""conflicts"":0,""opposition"":0,""passes"":false,""support"":1}}",,not_retained,2,0,be83edd85173b80836df62177bba3ecc92f880b000f8df3289132f8dda567090,row; source label; family-state collapse,row,source_label,family_state,primary_comparisons_and_primary_evidence_tiers
vu_row__taxon_source_label__comparison_family_state,Streptococcus,1,0,"{""decreased_in_hcc"":0,""increased_in_hcc"":1}","{""decreased_in_hcc"":{""conflicts"":0,""opposition"":1,""passes"":false,""support"":0},""increased_in_hcc"":{""conflicts"":0,""opposition"":0,""passes"":false,""support"":1}}",,not_retained,2,0,be83edd85173b80836df62177bba3ecc92f880b000f8df3289132f8dda567090,row; source label; family-state collapse,row,source_label,family_state,primary_comparisons_and_primary_evidence_tiers
vu_row__taxon_source_label__comparison_family_state,Turicibacter,1,0,"{""decreased_in_hcc"":1,""increased_in_hcc"":0}","{""decreased_in_hcc"":{""conflicts"":0,""opposition"":0,""passes"":false,""support"":1},""increased_in_hcc"":{""conflicts"":0,""opposition"":1,""passes"":false,""support"":0}}",,not_retained,2,0,be83edd85173b80836df62177bba3ecc92f880b000f8df3289132f8dda567090,row; source label; family-state collapse,row,source_label,family_state,primary_comparisons_and_primary_evidence_tiers
vu_row__taxon_source_label__comparison_family_state,Veillonella,1,0,"{""decreased_in_hcc"":0,""increased_in_hcc"":1}","{""decreased_in_hcc"":{""conflicts"":0,""opposition"":1,""passes"":false,""support"":0},""increased_in_hcc"":{""conflicts"":0,""opposition"":0,""passes"":false,""support"":1}}",,not_retained,2,0,be83edd85173b80836df62177bba3ecc92f880b000f8df3289132f8dda567090,row; source label; family-state collapse,row,source_label,family_state,primary_comparisons_and_primary_evidence_tiers
vu_row__taxon_source_label__comparison_ignore,Acidaminococcus,2,0,"{""decreased_in_hcc"":2,""increased_in_hcc"":0}","{""decreased_in_hcc"":{""conflicts"":0,""opposition"":0,""passes"":true,""support"":2},""increased_in_hcc"":{""conflicts"":0,""opposition"":2,""passes"":false,""support"":0}}",decreased_in_hcc,retained,2,0,be83edd85173b80836df62177bba3ecc92f880b000f8df3289132f8dda567090,row; source label; comparisons ignored,row,source_label,ignore,primary_comparisons_and_primary_evidence_tiers
vu_row__taxon_source_label__comparison_ignore,Acinetobacter,1,0,"{""decreased_in_hcc"":0,""increased_in_hcc"":1}","{""decreased_in_hcc"":{""conflicts"":0,""opposition"":1,""passes"":false,""support"":0},""increased_in_hcc"":{""conflicts"":0,""opposition"":0,""passes"":false,""support"":1}}",,not_retained,2,0,be83edd85173b80836df62177bba3ecc92f880b000f8df3289132f8dda567090,row; source label; comparisons ignored,row,source_label,ignore,primary_comparisons_and_primary_evidence_tiers
vu_row__taxon_source_label__comparison_ignore,Actinomyces,2,0,"{""decreased_in_hcc"":0,""increased_in_hcc"":2}","{""decreased_in_hcc"":{""conflicts"":0,""opposition"":2,""passes"":false,""support"":0},""increased_in_hcc"":{""conflicts"":0,""opposition"":0,""passes"":true,""support"":2}}",increased_in_hcc,retained,2,0,be83edd85173b80836df62177bba3ecc92f880b000f8df3289132f8dda567090,row; source label; comparisons ignored,row,source_label,ignore,primary_comparisons_and_primary_evidence_tiers
vu_row__taxon_source_label__comparison_ignore,Alloprevotella,1,0,"{""decreased_in_hcc"":1,""increased_in_hcc"":0}","{""decreased_in_hcc"":{""conflicts"":0,""opposition"":0,""passes"":false,""support"":1},""increased_in_hcc"":{""conflicts"":0,""opposition"":1,""passes"":false,""support"":0}}",,not_retained,2,0,be83edd85173b80836df62177bba3ecc92f880b000f8df3289132f8dda567090,row; source label; comparisons ignored,row,source_label,ignore,primary_comparisons_and_primary_evidence_tiers
vu_row__taxon_source_label__comparison_ignore,Anaerostipes,1,0,"{""decreased_in_hcc"":1,""increased_in_hcc"":0}","{""decreased_in_hcc"":{""conflicts"":0,""opposition"":0,""passes"":false,""support"":1},""increased_in_hcc"":{""conflicts"":0,""opposition"":1,""passes"":false,""support"":0}}",,not_retained,2,0,be83edd85173b80836df62177bba3ecc92f880b000f8df3289132f8dda567090,row; source label; comparisons ignored,row,source_label,ignore,primary_comparisons_and_primary_evidence_tiers
vu_row__taxon_source_label__comparison_ignore,Anaerotruncus,3,0,"{""decreased_in_hcc"":2,""increased_in_hcc"":1}","{""decreased_in_hcc"":{""conflicts"":0,""opposition"":1,""passes"":false,""support"":2},""increased_in_hcc"":{""conflicts"":0,""opposition"":2,""passes"":false,""support"":1}}",,not_retained,2,0,be83edd85173b80836df62177bba3ecc92f880b000f8df3289132f8dda567090,row; source label; comparisons ignored,row,source_label,ignore,primary_comparisons_and_primary_evidence_tiers
vu_row__taxon_source_label__comparison_ignore,Atopobium,2,0,"{""decreased_in_hcc"":0,""increased_in_hcc"":2}","{""decreased_in_hcc"":{""conflicts"":0,""opposition"":2,""passes"":false,""support"":0},""increased_in_hcc"":{""conflicts"":0,""opposition"":0,""passes"":true,""support"":2}}",increased_in_hcc,retained,2,0,be83edd85173b80836df62177bba3ecc92f880b000f8df3289132f8dda567090,row; source label; comparisons ignored,row,source_label,ignore,primary_comparisons_and_primary_evidence_tiers
vu_row__taxon_source_label__comparison_ignore,Blautia,2,0,"{""decreased_in_hcc"":0,""increased_in_hcc"":2}","{""decreased_in_hcc"":{""conflicts"":0,""opposition"":2,""passes"":false,""support"":0},""increased_in_hcc"":{""conflicts"":0,""opposition"":0,""passes"":true,""support"":2}}",increased_in_hcc,retained,2,0,be83edd85173b80836df62177bba3ecc92f880b000f8df3289132f8dda567090,row; source label; comparisons ignored,row,source_label,ignore,primary_comparisons_and_primary_evidence_tiers
vu_row__taxon_source_label__comparison_ignore,Butyricimonas,1,0,"{""decreased_in_hcc"":1,""increased_in_hcc"":0}","{""decreased_in_hcc"":{""conflicts"":0,""opposition"":0,""passes"":false,""support"":1},""increased_in_hcc"":{""conflicts"":0,""opposition"":1,""passes"":false,""support"":0}}",,not_retained,2,0,be83edd85173b80836df62177bba3ecc92f880b000f8df3289132f8dda567090,row; source label; comparisons ignored,row,source_label,ignore,primary_comparisons_and_primary_evidence_tiers
vu_row__taxon_source_label__comparison_ignore,Cetobacterium,3,0,"{""decreased_in_hcc"":3,""increased_in_hcc"":0}","{""decreased_in_hcc"":{""conflicts"":0,""opposition"":0,""passes"":true,""support"":3},""increased_in_hcc"":{""conflicts"":0,""opposition"":3,""passes"":false,""support"":0}}",decreased_in_hcc,retained,2,0,be83edd85173b80836df62177bba3ecc92f880b000f8df3289132f8dda567090,row; source label; comparisons ignored,row,source_label,ignore,primary_comparisons_and_primary_evidence_tiers
vu_row__taxon_source_label__comparison_ignore,Cloacibacillus,1,0,"{""decreased_in_hcc"":1,""increased_in_hcc"":0}","{""decreased_in_hcc"":{""conflicts"":0,""opposition"":0,""passes"":false,""support"":1},""increased_in_hcc"":{""conflicts"":0,""opposition"":1,""passes"":false,""support"":0}}",,not_retained,2,0,be83edd85173b80836df62177bba3ecc92f880b000f8df3289132f8dda567090,row; source label; comparisons ignored,row,source_label,ignore,primary_comparisons_and_primary_evidence_tiers
vu_row__taxon_source_label__comparison_ignore,Clostridium XIVa,1,0,"{""decreased_in_hcc"":1,""increased_in_hcc"":0}","{""decreased_in_hcc"":{""conflicts"":0,""opposition"":0,""passes"":false,""support"":1},""increased_in_hcc"":{""conflicts"":0,""opposition"":1,""passes"":false,""support"":0}}",,not_retained,2,0,be83edd85173b80836df62177bba3ecc92f880b000f8df3289132f8dda567090,row; source label; comparisons ignored,row,source_label,ignore,primary_comparisons_and_primary_evidence_tiers
vu_row__taxon_source_label__comparison_ignore,Coprobacillus,2,0,"{""decreased_in_hcc"":2,""increased_in_hcc"":0}","{""decreased_in_hcc"":{""conflicts"":0,""opposition"":0,""passes"":true,""support"":2},""increased_in_hcc"":{""conflicts"":0,""opposition"":2,""passes"":false,""support"":0}}",decreased_in_hcc,retained,2,0,be83edd85173b80836df62177bba3ecc92f880b000f8df3289132f8dda567090,row; source label; comparisons ignored,row,source_label,ignore,primary_comparisons_and_primary_evidence_tiers
vu_row__taxon_source_label__comparison_ignore,Desulfococcus,3,0,"{""decreased_in_hcc"":0,""increased_in_hcc"":3}","{""decreased_in_hcc"":{""conflicts"":0,""opposition"":3,""passes"":false,""support"":0},""increased_in_hcc"":{""conflicts"":0,""opposition"":0,""passes"":true,""support"":3}}",increased_in_hcc,retained,2,0,be83edd85173b80836df62177bba3ecc92f880b000f8df3289132f8dda567090,row; source label; comparisons ignored,row,source_label,ignore,primary_comparisons_and_primary_evidence_tiers
vu_row__taxon_source_label__comparison_ignore,Enterobacter,3,0,"{""decreased_in_hcc"":0,""increased_in_hcc"":3}","{""decreased_in_hcc"":{""conflicts"":0,""opposition"":3,""passes"":false,""support"":0},""increased_in_hcc"":{""conflicts"":0,""opposition"":0,""passes"":true,""support"":3}}",increased_in_hcc,retained,2,0,be83edd85173b80836df62177bba3ecc92f880b000f8df3289132f8dda567090,row; source label; comparisons ignored,row,source_label,ignore,primary_comparisons_and_primary_evidence_tiers
vu_row__taxon_source_label__comparison_ignore,Enterococcus,1,0,"{""decreased_in_hcc"":0,""increased_in_hcc"":1}","{""decreased_in_hcc"":{""conflicts"":0,""opposition"":1,""passes"":false,""support"":0},""increased_in_hcc"":{""conflicts"":0,""opposition"":0,""passes"":false,""support"":1}}",,not_retained,2,0,be83edd85173b80836df62177bba3ecc92f880b000f8df3289132f8dda567090,row; source label; comparisons ignored,row,source_label,ignore,primary_comparisons_and_primary_evidence_tiers
vu_row__taxon_source_label__comparison_ignore,Eubacterium,1,0,"{""decreased_in_hcc"":0,""increased_in_hcc"":1}","{""decreased_in_hcc"":{""conflicts"":0,""opposition"":1,""passes"":false,""support"":0},""increased_in_hcc"":{""conflicts"":0,""opposition"":0,""passes"":false,""support"":1}}",,not_retained,2,0,be83edd85173b80836df62177bba3ecc92f880b000f8df3289132f8dda567090,row; source label; comparisons ignored,row,source_label,ignore,primary_comparisons_and_primary_evidence_tiers
vu_row__taxon_source_label__comparison_ignore,Eubacterium ventriosum group,1,0,"{""decreased_in_hcc"":1,""increased_in_hcc"":0}","{""decreased_in_hcc"":{""conflicts"":0,""opposition"":0,""passes"":false,""support"":1},""increased_in_hcc"":{""conflicts"":0,""opposition"":1,""passes"":false,""support"":0}}",,not_retained,2,0,be83edd85173b80836df62177bba3ecc92f880b000f8df3289132f8dda567090,row; source label; comparisons ignored,row,source_label,ignore,primary_comparisons_and_primary_evidence_tiers
vu_row__taxon_source_label__comparison_ignore,Fusobacterium,1,0,"{""decreased_in_hcc"":1,""increased_in_hcc"":0}","{""decreased_in_hcc"":{""conflicts"":0,""opposition"":0,""passes"":false,""support"":1},""increased_in_hcc"":{""conflicts"":0,""opposition"":1,""passes"":false,""support"":0}}",,not_retained,2,0,be83edd85173b80836df62177bba3ecc92f880b000f8df3289132f8dda567090,row; source label; comparisons ignored,row,source_label,ignore,primary_comparisons_and_primary_evidence_tiers
vu_row__taxon_source_label__comparison_ignore,Gemmiger,1,0,"{""decreased_in_hcc"":0,""increased_in_hcc"":1}","{""decreased_in_hcc"":{""conflicts"":0,""opposition"":1,""passes"":false,""support"":0},""increased_in_hcc"":{""conflicts"":0,""opposition"":0,""passes"":false,""support"":1}}",,not_retained,2,0,be83edd85173b80836df62177bba3ecc92f880b000f8df3289132f8dda567090,row; source label; comparisons ignored,row,source_label,ignore,primary_comparisons_and_primary_evidence_tiers
vu_row__taxon_source_label__comparison_ignore,Haemophilus,1,0,"{""decreased_in_hcc"":0,""increased_in_hcc"":1}","{""decreased_in_hcc"":{""conflicts"":0,""opposition"":1,""passes"":false,""support"":0},""increased_in_hcc"":{""conflicts"":0,""opposition"":0,""passes"":false,""support"":1}}",,not_retained,2,0,be83edd85173b80836df62177bba3ecc92f880b000f8df3289132f8dda567090,row; source label; comparisons ignored,row,source_label,ignore,primary_comparisons_and_primary_evidence_tiers
vu_row__taxon_source_label__comparison_ignore,Holdemania,1,0,"{""decreased_in_hcc"":1,""increased_in_hcc"":0}","{""decreased_in_hcc"":{""conflicts"":0,""opposition"":0,""passes"":false,""support"":1},""increased_in_hcc"":{""conflicts"":0,""opposition"":1,""passes"":false,""support"":0}}",,not_retained,2,0,be83edd85173b80836df62177bba3ecc92f880b000f8df3289132f8dda567090,row; source label; comparisons ignored,row,source_label,ignore,primary_comparisons_and_primary_evidence_tiers
vu_row__taxon_source_label__comparison_ignore,Lachnospira,1,0,"{""decreased_in_hcc"":1,""increased_in_hcc"":0}","{""decreased_in_hcc"":{""conflicts"":0,""opposition"":0,""passes"":false,""support"":1},""increased_in_hcc"":{""conflicts"":0,""opposition"":1,""passes"":false,""support"":0}}",,not_retained,2,0,be83edd85173b80836df62177bba3ecc92f880b000f8df3289132f8dda567090,row; source label; comparisons ignored,row,source_label,ignore,primary_comparisons_and_primary_evidence_tiers
vu_row__taxon_source_label__comparison_ignore,Lachnospiraceae UCG-001,1,0,"{""decreased_in_hcc"":1,""increased_in_hcc"":0}","{""decreased_in_hcc"":{""conflicts"":0,""opposition"":0,""passes"":false,""support"":1},""increased_in_hcc"":{""conflicts"":0,""opposition"":1,""passes"":false,""support"":0}}",,not_retained,2,0,be83edd85173b80836df62177bba3ecc92f880b000f8df3289132f8dda567090,row; source label; comparisons ignored,row,source_label,ignore,primary_comparisons_and_primary_evidence_tiers
vu_row__taxon_source_label__comparison_ignore,Lactobacillus,2,0,"{""decreased_in_hcc"":0,""increased_in_hcc"":2}","{""decreased_in_hcc"":{""conflicts"":0,""opposition"":2,""passes"":false,""support"":0},""increased_in_hcc"":{""conflicts"":0,""opposition"":0,""passes"":true,""support"":2}}",increased_in_hcc,retained,2,0,be83edd85173b80836df62177bba3ecc92f880b000f8df3289132f8dda567090,row; source label; comparisons ignored,row,source_label,ignore,primary_comparisons_and_primary_evidence_tiers
vu_row__taxon_source_label__comparison_ignore,Lactococcus,2,0,"{""decreased_in_hcc"":0,""increased_in_hcc"":2}","{""decreased_in_hcc"":{""conflicts"":0,""opposition"":2,""passes"":false,""support"":0},""increased_in_hcc"":{""conflicts"":0,""opposition"":0,""passes"":true,""support"":2}}",increased_in_hcc,retained,2,0,be83edd85173b80836df62177bba3ecc92f880b000f8df3289132f8dda567090,row; source label; comparisons ignored,row,source_label,ignore,primary_comparisons_and_primary_evidence_tiers
vu_row__taxon_source_label__comparison_ignore,Leptotrichia,2,0,"{""decreased_in_hcc"":0,""increased_in_hcc"":2}","{""decreased_in_hcc"":{""conflicts"":0,""opposition"":2,""passes"":false,""support"":0},""increased_in_hcc"":{""conflicts"":0,""opposition"":0,""passes"":true,""support"":2}}",increased_in_hcc,retained,2,0,be83edd85173b80836df62177bba3ecc92f880b000f8df3289132f8dda567090,row; source label; comparisons ignored,row,source_label,ignore,primary_comparisons_and_primary_evidence_tiers
vu_row__taxon_source_label__comparison_ignore,Megamonas,2,0,"{""decreased_in_hcc"":2,""increased_in_hcc"":0}","{""decreased_in_hcc"":{""conflicts"":0,""opposition"":0,""passes"":true,""support"":2},""increased_in_hcc"":{""conflicts"":0,""opposition"":2,""passes"":false,""support"":0}}",decreased_in_hcc,retained,2,0,be83edd85173b80836df62177bba3ecc92f880b000f8df3289132f8dda567090,row; source label; comparisons ignored,row,source_label,ignore,primary_comparisons_and_primary_evidence_tiers
vu_row__taxon_source_label__comparison_ignore,Methanobrevibacter,1,0,"{""decreased_in_hcc"":1,""increased_in_hcc"":0}","{""decreased_in_hcc"":{""conflicts"":0,""opposition"":0,""passes"":false,""support"":1},""increased_in_hcc"":{""conflicts"":0,""opposition"":1,""passes"":false,""support"":0}}",,not_retained,2,0,be83edd85173b80836df62177bba3ecc92f880b000f8df3289132f8dda567090,row; source label; comparisons ignored,row,source_label,ignore,primary_comparisons_and_primary_evidence_tiers
vu_row__taxon_source_label__comparison_ignore,Neisseria,1,0,"{""decreased_in_hcc"":0,""increased_in_hcc"":1}","{""decreased_in_hcc"":{""conflicts"":0,""opposition"":1,""passes"":false,""support"":0},""increased_in_hcc"":{""conflicts"":0,""opposition"":0,""passes"":false,""support"":1}}",,not_retained,2,0,be83edd85173b80836df62177bba3ecc92f880b000f8df3289132f8dda567090,row; source label; comparisons ignored,row,source_label,ignore,primary_comparisons_and_primary_evidence_tiers
vu_row__taxon_source_label__comparison_ignore,Odoribacter,1,0,"{""decreased_in_hcc"":1,""increased_in_hcc"":0}","{""decreased_in_hcc"":{""conflicts"":0,""opposition"":0,""passes"":false,""support"":1},""increased_in_hcc"":{""conflicts"":0,""opposition"":1,""passes"":false,""support"":0}}",,not_retained,2,0,be83edd85173b80836df62177bba3ecc92f880b000f8df3289132f8dda567090,row; source label; comparisons ignored,row,source_label,ignore,primary_comparisons_and_primary_evidence_tiers
vu_row__taxon_source_label__comparison_ignore,Oribacterium,1,0,"{""decreased_in_hcc"":0,""increased_in_hcc"":1}","{""decreased_in_hcc"":{""conflicts"":0,""opposition"":1,""passes"":false,""support"":0},""increased_in_hcc"":{""conflicts"":0,""opposition"":0,""passes"":false,""support"":1}}",,not_retained,2,0,be83edd85173b80836df62177bba3ecc92f880b000f8df3289132f8dda567090,row; source label; comparisons ignored,row,source_label,ignore,primary_comparisons_and_primary_evidence_tiers
vu_row__taxon_source_label__comparison_ignore,Paraprevotella,2,0,"{""decreased_in_hcc"":0,""increased_in_hcc"":2}","{""decreased_in_hcc"":{""conflicts"":0,""opposition"":2,""passes"":false,""support"":0},""increased_in_hcc"":{""conflicts"":0,""opposition"":0,""passes"":true,""support"":2}}",increased_in_hcc,retained,2,0,be83edd85173b80836df62177bba3ecc92f880b000f8df3289132f8dda567090,row; source label; comparisons ignored,row,source_label,ignore,primary_comparisons_and_primary_evidence_tiers
vu_row__taxon_source_label__comparison_ignore,Phascolarctobacterium,1,0,"{""decreased_in_hcc"":0,""increased_in_hcc"":1}","{""decreased_in_hcc"":{""conflicts"":0,""opposition"":1,""passes"":false,""support"":0},""increased_in_hcc"":{""conflicts"":0,""opposition"":0,""passes"":false,""support"":1}}",,not_retained,2,0,be83edd85173b80836df62177bba3ecc92f880b000f8df3289132f8dda567090,row; source label; comparisons ignored,row,source_label,ignore,primary_comparisons_and_primary_evidence_tiers
vu_row__taxon_source_label__comparison_ignore,Prevotella,4,0,"{""decreased_in_hcc"":0,""increased_in_hcc"":4}","{""decreased_in_hcc"":{""conflicts"":0,""opposition"":4,""passes"":false,""support"":0},""increased_in_hcc"":{""conflicts"":0,""opposition"":0,""passes"":true,""support"":4}}",increased_in_hcc,retained,2,0,be83edd85173b80836df62177bba3ecc92f880b000f8df3289132f8dda567090,row; source label; comparisons ignored,row,source_label,ignore,primary_comparisons_and_primary_evidence_tiers
vu_row__taxon_source_label__comparison_ignore,Pyramidobacter,2,0,"{""decreased_in_hcc"":2,""increased_in_hcc"":0}","{""decreased_in_hcc"":{""conflicts"":0,""opposition"":0,""passes"":true,""support"":2},""increased_in_hcc"":{""conflicts"":0,""opposition"":2,""passes"":false,""support"":0}}",decreased_in_hcc,retained,2,0,be83edd85173b80836df62177bba3ecc92f880b000f8df3289132f8dda567090,row; source label; comparisons ignored,row,source_label,ignore,primary_comparisons_and_primary_evidence_tiers
vu_row__taxon_source_label__comparison_ignore,Raoultella,1,0,"{""decreased_in_hcc"":1,""increased_in_hcc"":0}","{""decreased_in_hcc"":{""conflicts"":0,""opposition"":0,""passes"":false,""support"":1},""increased_in_hcc"":{""conflicts"":0,""opposition"":1,""passes"":false,""support"":0}}",,not_retained,2,0,be83edd85173b80836df62177bba3ecc92f880b000f8df3289132f8dda567090,row; source label; comparisons ignored,row,source_label,ignore,primary_comparisons_and_primary_evidence_tiers
vu_row__taxon_source_label__comparison_ignore,Rothia,1,0,"{""decreased_in_hcc"":0,""increased_in_hcc"":1}","{""decreased_in_hcc"":{""conflicts"":0,""opposition"":1,""passes"":false,""support"":0},""increased_in_hcc"":{""conflicts"":0,""opposition"":0,""passes"":false,""support"":1}}",,not_retained,2,0,be83edd85173b80836df62177bba3ecc92f880b000f8df3289132f8dda567090,row; source label; comparisons ignored,row,source_label,ignore,primary_comparisons_and_primary_evidence_tiers
vu_row__taxon_source_label__comparison_ignore,Ruminococcus 2,1,0,"{""decreased_in_hcc"":1,""increased_in_hcc"":0}","{""decreased_in_hcc"":{""conflicts"":0,""opposition"":0,""passes"":false,""support"":1},""increased_in_hcc"":{""conflicts"":0,""opposition"":1,""passes"":false,""support"":0}}",,not_retained,2,0,be83edd85173b80836df62177bba3ecc92f880b000f8df3289132f8dda567090,row; source label; comparisons ignored,row,source_label,ignore,primary_comparisons_and_primary_evidence_tiers
vu_row__taxon_source_label__comparison_ignore,Sarcina,1,0,"{""decreased_in_hcc"":0,""increased_in_hcc"":1}","{""decreased_in_hcc"":{""conflicts"":0,""opposition"":1,""passes"":false,""support"":0},""increased_in_hcc"":{""conflicts"":0,""opposition"":0,""passes"":false,""support"":1}}",,not_retained,2,0,be83edd85173b80836df62177bba3ecc92f880b000f8df3289132f8dda567090,row; source label; comparisons ignored,row,source_label,ignore,primary_comparisons_and_primary_evidence_tiers
vu_row__taxon_source_label__comparison_ignore,Selenomonas,1,0,"{""decreased_in_hcc"":0,""increased_in_hcc"":1}","{""decreased_in_hcc"":{""conflicts"":0,""opposition"":1,""passes"":false,""support"":0},""increased_in_hcc"":{""conflicts"":0,""opposition"":0,""passes"":false,""support"":1}}",,not_retained,2,0,be83edd85173b80836df62177bba3ecc92f880b000f8df3289132f8dda567090,row; source label; comparisons ignored,row,source_label,ignore,primary_comparisons_and_primary_evidence_tiers
vu_row__taxon_source_label__comparison_ignore,Streptococcus,1,0,"{""decreased_in_hcc"":0,""increased_in_hcc"":1}","{""decreased_in_hcc"":{""conflicts"":0,""opposition"":1,""passes"":false,""support"":0},""increased_in_hcc"":{""conflicts"":0,""opposition"":0,""passes"":false,""support"":1}}",,not_retained,2,0,be83edd85173b80836df62177bba3ecc92f880b000f8df3289132f8dda567090,row; source label; comparisons ignored,row,source_label,ignore,primary_comparisons_and_primary_evidence_tiers
vu_row__taxon_source_label__comparison_ignore,Turicibacter,2,0,"{""decreased_in_hcc"":2,""increased_in_hcc"":0}","{""decreased_in_hcc"":{""conflicts"":0,""opposition"":0,""passes"":true,""support"":2},""increased_in_hcc"":{""conflicts"":0,""opposition"":2,""passes"":false,""support"":0}}",decreased_in_hcc,retained,2,0,be83edd85173b80836df62177bba3ecc92f880b000f8df3289132f8dda567090,row; source label; comparisons ignored,row,source_label,ignore,primary_comparisons_and_primary_evidence_tiers
vu_row__taxon_source_label__comparison_ignore,Veillonella,3,0,"{""decreased_in_hcc"":0,""increased_in_hcc"":3}","{""decreased_in_hcc"":{""conflicts"":0,""opposition"":3,""passes"":false,""support"":0},""increased_in_hcc"":{""conflicts"":0,""opposition"":0,""passes"":true,""support"":3}}",increased_in_hcc,retained,2,0,be83edd85173b80836df62177bba3ecc92f880b000f8df3289132f8dda567090,row; source label; comparisons ignored,row,source_label,ignore,primary_comparisons_and_primary_evidence_tiers
vu_row__taxon_source_label__comparison_separate_votes,Acidaminococcus,2,0,"{""decreased_in_hcc"":2,""increased_in_hcc"":0}","{""decreased_in_hcc"":{""conflicts"":0,""opposition"":0,""passes"":true,""support"":2},""increased_in_hcc"":{""conflicts"":0,""opposition"":2,""passes"":false,""support"":0}}",decreased_in_hcc,retained,2,0,be83edd85173b80836df62177bba3ecc92f880b000f8df3289132f8dda567090,row; source label; comparison-specific votes,row,source_label,separate_votes,primary_comparisons_and_primary_evidence_tiers
vu_row__taxon_source_label__comparison_separate_votes,Acinetobacter,1,0,"{""decreased_in_hcc"":0,""increased_in_hcc"":1}","{""decreased_in_hcc"":{""conflicts"":0,""opposition"":1,""passes"":false,""support"":0},""increased_in_hcc"":{""conflicts"":0,""opposition"":0,""passes"":false,""support"":1}}",,not_retained,2,0,be83edd85173b80836df62177bba3ecc92f880b000f8df3289132f8dda567090,row; source label; comparison-specific votes,row,source_label,separate_votes,primary_comparisons_and_primary_evidence_tiers
vu_row__taxon_source_label__comparison_separate_votes,Actinomyces,2,0,"{""decreased_in_hcc"":0,""increased_in_hcc"":2}","{""decreased_in_hcc"":{""conflicts"":0,""opposition"":2,""passes"":false,""support"":0},""increased_in_hcc"":{""conflicts"":0,""opposition"":0,""passes"":true,""support"":2}}",increased_in_hcc,retained,2,0,be83edd85173b80836df62177bba3ecc92f880b000f8df3289132f8dda567090,row; source label; comparison-specific votes,row,source_label,separate_votes,primary_comparisons_and_primary_evidence_tiers
vu_row__taxon_source_label__comparison_separate_votes,Alloprevotella,1,0,"{""decreased_in_hcc"":1,""increased_in_hcc"":0}","{""decreased_in_hcc"":{""conflicts"":0,""opposition"":0,""passes"":false,""support"":1},""increased_in_hcc"":{""conflicts"":0,""opposition"":1,""passes"":false,""support"":0}}",,not_retained,2,0,be83edd85173b80836df62177bba3ecc92f880b000f8df3289132f8dda567090,row; source label; comparison-specific votes,row,source_label,separate_votes,primary_comparisons_and_primary_evidence_tiers
vu_row__taxon_source_label__comparison_separate_votes,Anaerostipes,1,0,"{""decreased_in_hcc"":1,""increased_in_hcc"":0}","{""decreased_in_hcc"":{""conflicts"":0,""opposition"":0,""passes"":false,""support"":1},""increased_in_hcc"":{""conflicts"":0,""opposition"":1,""passes"":false,""support"":0}}",,not_retained,2,0,be83edd85173b80836df62177bba3ecc92f880b000f8df3289132f8dda567090,row; source label; comparison-specific votes,row,source_label,separate_votes,primary_comparisons_and_primary_evidence_tiers
vu_row__taxon_source_label__comparison_separate_votes,Anaerotruncus,3,0,"{""decreased_in_hcc"":2,""increased_in_hcc"":1}","{""decreased_in_hcc"":{""conflicts"":0,""opposition"":1,""passes"":false,""support"":2},""increased_in_hcc"":{""conflicts"":0,""opposition"":2,""passes"":false,""support"":1}}",,not_retained,2,0,be83edd85173b80836df62177bba3ecc92f880b000f8df3289132f8dda567090,row; source label; comparison-specific votes,row,source_label,separate_votes,primary_comparisons_and_primary_evidence_tiers
vu_row__taxon_source_label__comparison_separate_votes,Atopobium,2,0,"{""decreased_in_hcc"":0,""increased_in_hcc"":2}","{""decreased_in_hcc"":{""conflicts"":0,""opposition"":2,""passes"":false,""support"":0},""increased_in_hcc"":{""conflicts"":0,""opposition"":0,""passes"":true,""support"":2}}",increased_in_hcc,retained,2,0,be83edd85173b80836df62177bba3ecc92f880b000f8df3289132f8dda567090,row; source label; comparison-specific votes,row,source_label,separate_votes,primary_comparisons_and_primary_evidence_tiers
vu_row__taxon_source_label__comparison_separate_votes,Blautia,2,0,"{""decreased_in_hcc"":0,""increased_in_hcc"":2}","{""decreased_in_hcc"":{""conflicts"":0,""opposition"":2,""passes"":false,""support"":0},""increased_in_hcc"":{""conflicts"":0,""opposition"":0,""passes"":true,""support"":2}}",increased_in_hcc,retained,2,0,be83edd85173b80836df62177bba3ecc92f880b000f8df3289132f8dda567090,row; source label; comparison-specific votes,row,source_label,separate_votes,primary_comparisons_and_primary_evidence_tiers
vu_row__taxon_source_label__comparison_separate_votes,Butyricimonas,1,0,"{""decreased_in_hcc"":1,""increased_in_hcc"":0}","{""decreased_in_hcc"":{""conflicts"":0,""opposition"":0,""passes"":false,""support"":1},""increased_in_hcc"":{""conflicts"":0,""opposition"":1,""passes"":false,""support"":0}}",,not_retained,2,0,be83edd85173b80836df62177bba3ecc92f880b000f8df3289132f8dda567090,row; source label; comparison-specific votes,row,source_label,separate_votes,primary_comparisons_and_primary_evidence_tiers
vu_row__taxon_source_label__comparison_separate_votes,Cetobacterium,3,0,"{""decreased_in_hcc"":3,""increased_in_hcc"":0}","{""decreased_in_hcc"":{""conflicts"":0,""opposition"":0,""passes"":true,""support"":3},""increased_in_hcc"":{""conflicts"":0,""opposition"":3,""passes"":false,""support"":0}}",decreased_in_hcc,retained,2,0,be83edd85173b80836df62177bba3ecc92f880b000f8df3289132f8dda567090,row; source label; comparison-specific votes,row,source_label,separate_votes,primary_comparisons_and_primary_evidence_tiers
vu_row__taxon_source_label__comparison_separate_votes,Cloacibacillus,1,0,"{""decreased_in_hcc"":1,""increased_in_hcc"":0}","{""decreased_in_hcc"":{""conflicts"":0,""opposition"":0,""passes"":false,""support"":1},""increased_in_hcc"":{""conflicts"":0,""opposition"":1,""passes"":false,""support"":0}}",,not_retained,2,0,be83edd85173b80836df62177bba3ecc92f880b000f8df3289132f8dda567090,row; source label; comparison-specific votes,row,source_label,separate_votes,primary_comparisons_and_primary_evidence_tiers
vu_row__taxon_source_label__comparison_separate_votes,Clostridium XIVa,1,0,"{""decreased_in_hcc"":1,""increased_in_hcc"":0}","{""decreased_in_hcc"":{""conflicts"":0,""opposition"":0,""passes"":false,""support"":1},""increased_in_hcc"":{""conflicts"":0,""opposition"":1,""passes"":false,""support"":0}}",,not_retained,2,0,be83edd85173b80836df62177bba3ecc92f880b000f8df3289132f8dda567090,row; source label; comparison-specific votes,row,source_label,separate_votes,primary_comparisons_and_primary_evidence_tiers
vu_row__taxon_source_label__comparison_separate_votes,Coprobacillus,2,0,"{""decreased_in_hcc"":2,""increased_in_hcc"":0}","{""decreased_in_hcc"":{""conflicts"":0,""opposition"":0,""passes"":true,""support"":2},""increased_in_hcc"":{""conflicts"":0,""opposition"":2,""passes"":false,""support"":0}}",decreased_in_hcc,retained,2,0,be83edd85173b80836df62177bba3ecc92f880b000f8df3289132f8dda567090,row; source label; comparison-specific votes,row,source_label,separate_votes,primary_comparisons_and_primary_evidence_tiers
vu_row__taxon_source_label__comparison_separate_votes,Desulfococcus,3,0,"{""decreased_in_hcc"":0,""increased_in_hcc"":3}","{""decreased_in_hcc"":{""conflicts"":0,""opposition"":3,""passes"":false,""support"":0},""increased_in_hcc"":{""conflicts"":0,""opposition"":0,""passes"":true,""support"":3}}",increased_in_hcc,retained,2,0,be83edd85173b80836df62177bba3ecc92f880b000f8df3289132f8dda567090,row; source label; comparison-specific votes,row,source_label,separate_votes,primary_comparisons_and_primary_evidence_tiers
vu_row__taxon_source_label__comparison_separate_votes,Enterobacter,3,0,"{""decreased_in_hcc"":0,""increased_in_hcc"":3}","{""decreased_in_hcc"":{""conflicts"":0,""opposition"":3,""passes"":false,""support"":0},""increased_in_hcc"":{""conflicts"":0,""opposition"":0,""passes"":true,""support"":3}}",increased_in_hcc,retained,2,0,be83edd85173b80836df62177bba3ecc92f880b000f8df3289132f8dda567090,row; source label; comparison-specific votes,row,source_label,separate_votes,primary_comparisons_and_primary_evidence_tiers
vu_row__taxon_source_label__comparison_separate_votes,Enterococcus,1,0,"{""decreased_in_hcc"":0,""increased_in_hcc"":1}","{""decreased_in_hcc"":{""conflicts"":0,""opposition"":1,""passes"":false,""support"":0},""increased_in_hcc"":{""conflicts"":0,""opposition"":0,""passes"":false,""support"":1}}",,not_retained,2,0,be83edd85173b80836df62177bba3ecc92f880b000f8df3289132f8dda567090,row; source label; comparison-specific votes,row,source_label,separate_votes,primary_comparisons_and_primary_evidence_tiers
vu_row__taxon_source_label__comparison_separate_votes,Eubacterium,1,0,"{""decreased_in_hcc"":0,""increased_in_hcc"":1}","{""decreased_in_hcc"":{""conflicts"":0,""opposition"":1,""passes"":false,""support"":0},""increased_in_hcc"":{""conflicts"":0,""opposition"":0,""passes"":false,""support"":1}}",,not_retained,2,0,be83edd85173b80836df62177bba3ecc92f880b000f8df3289132f8dda567090,row; source label; comparison-specific votes,row,source_label,separate_votes,primary_comparisons_and_primary_evidence_tiers
vu_row__taxon_source_label__comparison_separate_votes,Eubacterium ventriosum group,1,0,"{""decreased_in_hcc"":1,""increased_in_hcc"":0}","{""decreased_in_hcc"":{""conflicts"":0,""opposition"":0,""passes"":false,""support"":1},""increased_in_hcc"":{""conflicts"":0,""opposition"":1,""passes"":false,""support"":0}}",,not_retained,2,0,be83edd85173b80836df62177bba3ecc92f880b000f8df3289132f8dda567090,row; source label; comparison-specific votes,row,source_label,separate_votes,primary_comparisons_and_primary_evidence_tiers
vu_row__taxon_source_label__comparison_separate_votes,Fusobacterium,1,0,"{""decreased_in_hcc"":1,""increased_in_hcc"":0}","{""decreased_in_hcc"":{""conflicts"":0,""opposition"":0,""passes"":false,""support"":1},""increased_in_hcc"":{""conflicts"":0,""opposition"":1,""passes"":false,""support"":0}}",,not_retained,2,0,be83edd85173b80836df62177bba3ecc92f880b000f8df3289132f8dda567090,row; source label; comparison-specific votes,row,source_label,separate_votes,primary_comparisons_and_primary_evidence_tiers
vu_row__taxon_source_label__comparison_separate_votes,Gemmiger,1,0,"{""decreased_in_hcc"":0,""increased_in_hcc"":1}","{""decreased_in_hcc"":{""conflicts"":0,""opposition"":1,""passes"":false,""support"":0},""increased_in_hcc"":{""conflicts"":0,""opposition"":0,""passes"":false,""support"":1}}",,not_retained,2,0,be83edd85173b80836df62177bba3ecc92f880b000f8df3289132f8dda567090,row; source label; comparison-specific votes,row,source_label,separate_votes,primary_comparisons_and_primary_evidence_tiers
vu_row__taxon_source_label__comparison_separate_votes,Haemophilus,1,0,"{""decreased_in_hcc"":0,""increased_in_hcc"":1}","{""decreased_in_hcc"":{""conflicts"":0,""opposition"":1,""passes"":false,""support"":0},""increased_in_hcc"":{""conflicts"":0,""opposition"":0,""passes"":false,""support"":1}}",,not_retained,2,0,be83edd85173b80836df62177bba3ecc92f880b000f8df3289132f8dda567090,row; source label; comparison-specific votes,row,source_label,separate_votes,primary_comparisons_and_primary_evidence_tiers
vu_row__taxon_source_label__comparison_separate_votes,Holdemania,1,0,"{""decreased_in_hcc"":1,""increased_in_hcc"":0}","{""decreased_in_hcc"":{""conflicts"":0,""opposition"":0,""passes"":false,""support"":1},""increased_in_hcc"":{""conflicts"":0,""opposition"":1,""passes"":false,""support"":0}}",,not_retained,2,0,be83edd85173b80836df62177bba3ecc92f880b000f8df3289132f8dda567090,row; source label; comparison-specific votes,row,source_label,separate_votes,primary_comparisons_and_primary_evidence_tiers
vu_row__taxon_source_label__comparison_separate_votes,Lachnospira,1,0,"{""decreased_in_hcc"":1,""increased_in_hcc"":0}","{""decreased_in_hcc"":{""conflicts"":0,""opposition"":0,""passes"":false,""support"":1},""increased_in_hcc"":{""conflicts"":0,""opposition"":1,""passes"":false,""support"":0}}",,not_retained,2,0,be83edd85173b80836df62177bba3ecc92f880b000f8df3289132f8dda567090,row; source label; comparison-specific votes,row,source_label,separate_votes,primary_comparisons_and_primary_evidence_tiers
vu_row__taxon_source_label__comparison_separate_votes,Lachnospiraceae UCG-001,1,0,"{""decreased_in_hcc"":1,""increased_in_hcc"":0}","{""decreased_in_hcc"":{""conflicts"":0,""opposition"":0,""passes"":false,""support"":1},""increased_in_hcc"":{""conflicts"":0,""opposition"":1,""passes"":false,""support"":0}}",,not_retained,2,0,be83edd85173b80836df62177bba3ecc92f880b000f8df3289132f8dda567090,row; source label; comparison-specific votes,row,source_label,separate_votes,primary_comparisons_and_primary_evidence_tiers
vu_row__taxon_source_label__comparison_separate_votes,Lactobacillus,2,0,"{""decreased_in_hcc"":0,""increased_in_hcc"":2}","{""decreased_in_hcc"":{""conflicts"":0,""opposition"":2,""passes"":false,""support"":0},""increased_in_hcc"":{""conflicts"":0,""opposition"":0,""passes"":true,""support"":2}}",increased_in_hcc,retained,2,0,be83edd85173b80836df62177bba3ecc92f880b000f8df3289132f8dda567090,row; source label; comparison-specific votes,row,source_label,separate_votes,primary_comparisons_and_primary_evidence_tiers
vu_row__taxon_source_label__comparison_separate_votes,Lactococcus,2,0,"{""decreased_in_hcc"":0,""increased_in_hcc"":2}","{""decreased_in_hcc"":{""conflicts"":0,""opposition"":2,""passes"":false,""support"":0},""increased_in_hcc"":{""conflicts"":0,""opposition"":0,""passes"":true,""support"":2}}",increased_in_hcc,retained,2,0,be83edd85173b80836df62177bba3ecc92f880b000f8df3289132f8dda567090,row; source label; comparison-specific votes,row,source_label,separate_votes,primary_comparisons_and_primary_evidence_tiers
vu_row__taxon_source_label__comparison_separate_votes,Leptotrichia,2,0,"{""decreased_in_hcc"":0,""increased_in_hcc"":2}","{""decreased_in_hcc"":{""conflicts"":0,""opposition"":2,""passes"":false,""support"":0},""increased_in_hcc"":{""conflicts"":0,""opposition"":0,""passes"":true,""support"":2}}",increased_in_hcc,retained,2,0,be83edd85173b80836df62177bba3ecc92f880b000f8df3289132f8dda567090,row; source label; comparison-specific votes,row,source_label,separate_votes,primary_comparisons_and_primary_evidence_tiers
vu_row__taxon_source_label__comparison_separate_votes,Megamonas,2,0,"{""decreased_in_hcc"":2,""increased_in_hcc"":0}","{""decreased_in_hcc"":{""conflicts"":0,""opposition"":0,""passes"":true,""support"":2},""increased_in_hcc"":{""conflicts"":0,""opposition"":2,""passes"":false,""support"":0}}",decreased_in_hcc,retained,2,0,be83edd85173b80836df62177bba3ecc92f880b000f8df3289132f8dda567090,row; source label; comparison-specific votes,row,source_label,separate_votes,primary_comparisons_and_primary_evidence_tiers
vu_row__taxon_source_label__comparison_separate_votes,Methanobrevibacter,1,0,"{""decreased_in_hcc"":1,""increased_in_hcc"":0}","{""decreased_in_hcc"":{""conflicts"":0,""opposition"":0,""passes"":false,""support"":1},""increased_in_hcc"":{""conflicts"":0,""opposition"":1,""passes"":false,""support"":0}}",,not_retained,2,0,be83edd85173b80836df62177bba3ecc92f880b000f8df3289132f8dda567090,row; source label; comparison-specific votes,row,source_label,separate_votes,primary_comparisons_and_primary_evidence_tiers
vu_row__taxon_source_label__comparison_separate_votes,Neisseria,1,0,"{""decreased_in_hcc"":0,""increased_in_hcc"":1}","{""decreased_in_hcc"":{""conflicts"":0,""opposition"":1,""passes"":false,""support"":0},""increased_in_hcc"":{""conflicts"":0,""opposition"":0,""passes"":false,""support"":1}}",,not_retained,2,0,be83edd85173b80836df62177bba3ecc92f880b000f8df3289132f8dda567090,row; source label; comparison-specific votes,row,source_label,separate_votes,primary_comparisons_and_primary_evidence_tiers
vu_row__taxon_source_label__comparison_separate_votes,Odoribacter,1,0,"{""decreased_in_hcc"":1,""increased_in_hcc"":0}","{""decreased_in_hcc"":{""conflicts"":0,""opposition"":0,""passes"":false,""support"":1},""increased_in_hcc"":{""conflicts"":0,""opposition"":1,""passes"":false,""support"":0}}",,not_retained,2,0,be83edd85173b80836df62177bba3ecc92f880b000f8df3289132f8dda567090,row; source label; comparison-specific votes,row,source_label,separate_votes,primary_comparisons_and_primary_evidence_tiers
vu_row__taxon_source_label__comparison_separate_votes,Oribacterium,1,0,"{""decreased_in_hcc"":0,""increased_in_hcc"":1}","{""decreased_in_hcc"":{""conflicts"":0,""opposition"":1,""passes"":false,""support"":0},""increased_in_hcc"":{""conflicts"":0,""opposition"":0,""passes"":false,""support"":1}}",,not_retained,2,0,be83edd85173b80836df62177bba3ecc92f880b000f8df3289132f8dda567090,row; source label; comparison-specific votes,row,source_label,separate_votes,primary_comparisons_and_primary_evidence_tiers
vu_row__taxon_source_label__comparison_separate_votes,Paraprevotella,2,0,"{""decreased_in_hcc"":0,""increased_in_hcc"":2}","{""decreased_in_hcc"":{""conflicts"":0,""opposition"":2,""passes"":false,""support"":0},""increased_in_hcc"":{""conflicts"":0,""opposition"":0,""passes"":true,""support"":2}}",increased_in_hcc,retained,2,0,be83edd85173b80836df62177bba3ecc92f880b000f8df3289132f8dda567090,row; source label; comparison-specific votes,row,source_label,separate_votes,primary_comparisons_and_primary_evidence_tiers
vu_row__taxon_source_label__comparison_separate_votes,Phascolarctobacterium,1,0,"{""decreased_in_hcc"":0,""increased_in_hcc"":1}","{""decreased_in_hcc"":{""conflicts"":0,""opposition"":1,""passes"":false,""support"":0},""increased_in_hcc"":{""conflicts"":0,""opposition"":0,""passes"":false,""support"":1}}",,not_retained,2,0,be83edd85173b80836df62177bba3ecc92f880b000f8df3289132f8dda567090,row; source label; comparison-specific votes,row,source_label,separate_votes,primary_comparisons_and_primary_evidence_tiers
vu_row__taxon_source_label__comparison_separate_votes,Prevotella,4,0,"{""decreased_in_hcc"":0,""increased_in_hcc"":4}","{""decreased_in_hcc"":{""conflicts"":0,""opposition"":4,""passes"":false,""support"":0},""increased_in_hcc"":{""conflicts"":0,""opposition"":0,""passes"":true,""support"":4}}",increased_in_hcc,retained,2,0,be83edd85173b80836df62177bba3ecc92f880b000f8df3289132f8dda567090,row; source label; comparison-specific votes,row,source_label,separate_votes,primary_comparisons_and_primary_evidence_tiers
vu_row__taxon_source_label__comparison_separate_votes,Pyramidobacter,2,0,"{""decreased_in_hcc"":2,""increased_in_hcc"":0}","{""decreased_in_hcc"":{""conflicts"":0,""opposition"":0,""passes"":true,""support"":2},""increased_in_hcc"":{""conflicts"":0,""opposition"":2,""passes"":false,""support"":0}}",decreased_in_hcc,retained,2,0,be83edd85173b80836df62177bba3ecc92f880b000f8df3289132f8dda567090,row; source label; comparison-specific votes,row,source_label,separate_votes,primary_comparisons_and_primary_evidence_tiers
vu_row__taxon_source_label__comparison_separate_votes,Raoultella,1,0,"{""decreased_in_hcc"":1,""increased_in_hcc"":0}","{""decreased_in_hcc"":{""conflicts"":0,""opposition"":0,""passes"":false,""support"":1},""increased_in_hcc"":{""conflicts"":0,""opposition"":1,""passes"":false,""support"":0}}",,not_retained,2,0,be83edd85173b80836df62177bba3ecc92f880b000f8df3289132f8dda567090,row; source label; comparison-specific votes,row,source_label,separate_votes,primary_comparisons_and_primary_evidence_tiers
vu_row__taxon_source_label__comparison_separate_votes,Rothia,1,0,"{""decreased_in_hcc"":0,""increased_in_hcc"":1}","{""decreased_in_hcc"":{""conflicts"":0,""opposition"":1,""passes"":false,""support"":0},""increased_in_hcc"":{""conflicts"":0,""opposition"":0,""passes"":false,""support"":1}}",,not_retained,2,0,be83edd85173b80836df62177bba3ecc92f880b000f8df3289132f8dda567090,row; source label; comparison-specific votes,row,source_label,separate_votes,primary_comparisons_and_primary_evidence_tiers
vu_row__taxon_source_label__comparison_separate_votes,Ruminococcus 2,1,0,"{""decreased_in_hcc"":1,""increased_in_hcc"":0}","{""decreased_in_hcc"":{""conflicts"":0,""opposition"":0,""passes"":false,""support"":1},""increased_in_hcc"":{""conflicts"":0,""opposition"":1,""passes"":false,""support"":0}}",,not_retained,2,0,be83edd85173b80836df62177bba3ecc92f880b000f8df3289132f8dda567090,row; source label; comparison-specific votes,row,source_label,separate_votes,primary_comparisons_and_primary_evidence_tiers
vu_row__taxon_source_label__comparison_separate_votes,Sarcina,1,0,"{""decreased_in_hcc"":0,""increased_in_hcc"":1}","{""decreased_in_hcc"":{""conflicts"":0,""opposition"":1,""passes"":false,""support"":0},""increased_in_hcc"":{""conflicts"":0,""opposition"":0,""passes"":false,""support"":1}}",,not_retained,2,0,be83edd85173b80836df62177bba3ecc92f880b000f8df3289132f8dda567090,row; source label; comparison-specific votes,row,source_label,separate_votes,primary_comparisons_and_primary_evidence_tiers
vu_row__taxon_source_label__comparison_separate_votes,Selenomonas,1,0,"{""decreased_in_hcc"":0,""increased_in_hcc"":1}","{""decreased_in_hcc"":{""conflicts"":0,""opposition"":1,""passes"":false,""support"":0},""increased_in_hcc"":{""conflicts"":0,""opposition"":0,""passes"":false,""support"":1}}",,not_retained,2,0,be83edd85173b80836df62177bba3ecc92f880b000f8df3289132f8dda567090,row; source label; comparison-specific votes,row,source_label,separate_votes,primary_comparisons_and_primary_evidence_tiers
vu_row__taxon_source_label__comparison_separate_votes,Streptococcus,1,0,"{""decreased_in_hcc"":0,""increased_in_hcc"":1}","{""decreased_in_hcc"":{""conflicts"":0,""opposition"":1,""passes"":false,""support"":0},""increased_in_hcc"":{""conflicts"":0,""opposition"":0,""passes"":false,""support"":1}}",,not_retained,2,0,be83edd85173b80836df62177bba3ecc92f880b000f8df3289132f8dda567090,row; source label; comparison-specific votes,row,source_label,separate_votes,primary_comparisons_and_primary_evidence_tiers
vu_row__taxon_source_label__comparison_separate_votes,Turicibacter,2,0,"{""decreased_in_hcc"":2,""increased_in_hcc"":0}","{""decreased_in_hcc"":{""conflicts"":0,""opposition"":0,""passes"":true,""support"":2},""increased_in_hcc"":{""conflicts"":0,""opposition"":2,""passes"":false,""support"":0}}",decreased_in_hcc,retained,2,0,be83edd85173b80836df62177bba3ecc92f880b000f8df3289132f8dda567090,row; source label; comparison-specific votes,row,source_label,separate_votes,primary_comparisons_and_primary_evidence_tiers
vu_row__taxon_source_label__comparison_separate_votes,Veillonella,3,0,"{""decreased_in_hcc"":0,""increased_in_hcc"":3}","{""decreased_in_hcc"":{""conflicts"":0,""opposition"":3,""passes"":false,""support"":0},""increased_in_hcc"":{""conflicts"":0,""opposition"":0,""passes"":true,""support"":3}}",increased_in_hcc,retained,2,0,be83edd85173b80836df62177bba3ecc92f880b000f8df3289132f8dda567090,row; source label; comparison-specific votes,row,source_label,separate_votes,primary_comparisons_and_primary_evidence_tiers
